step,mean_noise_mse,learning_rate
1,1.02763337,1e-08
2,1.02566436,2e-08
3,1.04087761,3e-08
4,1.03715691,4e-08
5,1.03742853,5e-08
6,1.02907869,6e-08
7,1.02865618,7e-08
8,1.02886841,8e-08
9,1.02680182,9e-08
10,1.02938432,1e-07
11,1.02701038,1.1e-07
12,1.03280434,1.2e-07
13,1.02735218,1.3e-07
14,1.03092673,1.4e-07
15,1.02572846,1.5e-07
16,1.02525216,1.6e-07
17,1.02949953,1.7e-07
18,1.01913232,1.8e-07
19,1.01342082,1.9e-07
20,1.01810735,2e-07
21,1.02228278,2.1e-07
22,1.03304645,2.2e-07
23,1.02129930,2.3e-07
24,1.02368435,2.4e-07
25,1.01159158,2.5e-07
26,1.02362520,2.6e-07
27,1.00932589,2.7e-07
28,1.01365966,2.8e-07
29,1.01463157,2.9e-07
30,1.00733611,3e-07
31,1.01821038,3.1e-07
32,1.00485483,3.2e-07
33,0.99706236,3.3e-07
34,1.01996338,3.4e-07
35,1.00271270,3.5e-07
36,1.00226691,3.6e-07
37,1.00570342,3.7e-07
38,1.00947726,3.8e-07
39,1.00520276,3.9e-07
40,0.99646869,4e-07
41,1.00179835,4.1e-07
42,1.00462732,4.2e-07
43,0.99827382,4.3e-07
44,0.99757215,4.4e-07
45,0.99181141,4.5e-07
46,0.99133156,4.6e-07
47,0.99347588,4.7e-07
48,0.99075219,4.8e-07
49,0.99273452,4.9e-07
50,0.98308724,5e-07
51,0.98726216,5.1e-07
52,0.98451923,5.2e-07
53,0.98356541,5.3e-07
54,0.97425853,5.4e-07
55,0.97552127,5.5e-07
56,0.97571263,5.6e-07
57,0.97306217,5.7e-07
58,0.97333069,5.8e-07
59,0.97878744,5.9e-07
60,0.96641216,6e-07
61,0.96945931,6.1e-07
62,0.96640170,6.2e-07
63,0.96657771,6.3e-07
64,0.96256119,6.4e-07
65,0.96868774,6.5e-07
66,0.95963854,6.6e-07
67,0.96511458,6.7e-07
68,0.94840167,6.8e-07
69,0.94684738,6.9e-07
70,0.93960084,7e-07
71,0.94681233,7.1e-07
72,0.94144899,7.2e-07
73,0.93625557,7.3e-07
74,0.94384998,7.4e-07
75,0.93472181,7.5e-07
76,0.94161457,7.6e-07
77,0.92738765,7.7e-07
78,0.93874882,7.8e-07
79,0.93689595,7.9e-07
80,0.92120662,8e-07
81,0.92582120,8.1e-07
82,0.92126264,8.2e-07
83,0.93904184,8.3e-07
84,0.93983497,8.4e-07
85,0.90745080,8.5e-07
86,0.94210373,8.6e-07
87,0.91386513,8.7e-07
88,0.90151457,8.8e-07
89,0.92437115,8.9e-07
90,0.92425251,9e-07
91,0.90361084,9.1e-07
92,0.89277700,9.2e-07
93,0.90778357,9.3e-07
94,0.88487758,9.4e-07
95,0.88410880,9.5e-07
96,0.91143844,9.6e-07
97,0.85784812,9.7e-07
98,0.88312155,9.8e-07
99,0.88017097,9.9e-07
100,0.92653406,1e-06
101,0.85389996,1.01e-06
102,0.86648674,1.02e-06
103,0.84133708,1.03e-06
104,0.83049685,1.04e-06
105,0.85106345,1.05e-06
106,0.83605711,1.06e-06
107,0.84266362,1.07e-06
108,0.83233228,1.08e-06
109,0.83946128,1.09e-06
110,0.80118351,1.1e-06
111,0.81210825,1.11e-06
112,0.78110233,1.12e-06
113,0.80342184,1.13e-06
114,0.79671678,1.14e-06
115,0.80408682,1.15e-06
116,0.83817945,1.16e-06
117,0.81929997,1.17e-06
118,0.78581220,1.18e-06
119,0.82396603,1.19e-06
120,0.78199196,1.2e-06
121,0.79958010,1.21e-06
122,0.82070273,1.22e-06
123,0.73463205,1.23e-06
124,0.73167068,1.24e-06
125,0.74035096,1.25e-06
126,0.74865489,1.26e-06
127,0.67795393,1.27e-06
128,0.66996756,1.28e-06
129,0.67419238,1.29e-06
130,0.68360990,1.3e-06
131,0.70339513,1.31e-06
132,0.71667355,1.32e-06
133,0.63108093,1.33e-06
134,0.71076523,1.34e-06
135,0.64251293,1.35e-06
136,0.63702345,1.36e-06
137,0.60551450,1.37e-06
138,0.70777532,1.38e-06
139,0.56022787,1.39e-06
140,0.65809061,1.4e-06
141,0.62430613,1.41e-06
142,0.67979869,1.42e-06
143,0.57042271,1.43e-06
144,0.58310647,1.44e-06
145,0.59586298,1.45e-06
146,0.65016803,1.46e-06
147,0.58491002,1.47e-06
148,0.71142655,1.48e-06
149,0.63663872,1.49e-06
150,0.44050395,1.5e-06
151,0.50037792,1.51e-06
152,0.47431967,1.52e-06
153,0.53330780,1.53e-06
154,0.57110842,1.54e-06
155,0.40913681,1.55e-06
156,0.41373296,1.56e-06
157,0.42427820,1.57e-06
158,0.37333804,1.58e-06
159,0.69943574,1.59e-06
160,0.60422892,1.6e-06
161,0.40107223,1.61e-06
162,0.40701623,1.62e-06
163,0.42362286,1.63e-06
164,0.34497051,1.64e-06
165,0.43837513,1.65e-06
166,0.46850730,1.66e-06
167,0.31077957,1.67e-06
168,0.52971427,1.68e-06
169,0.46947832,1.69e-06
170,0.51264805,1.7e-06
171,0.48749221,1.71e-06
172,0.33758820,1.72e-06
173,0.42985222,1.73e-06
174,0.42153397,1.74e-06
175,0.31884447,1.75e-06
176,0.26465293,1.76e-06
177,0.27488774,1.77e-06
178,0.32681042,1.78e-06
179,0.30929909,1.79e-06
180,0.49153548,1.8e-06
181,0.46889858,1.81e-06
182,0.25021417,1.82e-06
183,0.24114342,1.83e-06
184,0.44676024,1.84e-06
185,0.58220237,1.85e-06
186,0.29996357,1.86e-06
187,0.32935280,1.87e-06
188,0.27577329,1.88e-06
189,0.17729644,1.89e-06
190,0.34898498,1.9e-06
191,0.24311574,1.91e-06
192,0.30831146,1.92e-06
193,0.28819193,1.93e-06
194,0.21655928,1.94e-06
195,0.23583915,1.95e-06
196,0.16642045,1.96e-06
197,0.30857831,1.97e-06
198,0.34848467,1.98e-06
199,0.26069532,1.99e-06
200,0.24255393,2e-06
201,0.30041638,2.01e-06
202,0.23486480,2.02e-06
203,0.25134547,2.03e-06
204,0.21191721,2.04e-06
205,0.35496940,2.05e-06
206,0.33238237,2.06e-06
207,0.14949339,2.07e-06
208,0.25328415,2.08e-06
209,0.17886050,2.09e-06
210,0.23904620,2.1e-06
211,0.15778056,2.11e-06
212,0.30800760,2.12e-06
213,0.14058097,2.13e-06
214,0.20726275,2.14e-06
215,0.24163699,2.15e-06
216,0.19121047,2.16e-06
217,0.31049837,2.17e-06
218,0.14947265,2.18e-06
219,0.17324962,2.19e-06
220,0.23208294,2.2e-06
221,0.27040515,2.21e-06
222,0.11941709,2.22e-06
223,0.12295717,2.23e-06
224,0.29375387,2.24e-06
225,0.11873367,2.25e-06
226,0.18692018,2.26e-06
227,0.11514772,2.27e-06
228,0.28246344,2.28e-06
229,0.11177601,2.29e-06
230,0.11338330,2.3e-06
231,0.30429178,2.31e-06
232,0.25476008,2.32e-06
233,0.20901100,2.33e-06
234,0.19507716,2.34e-06
235,0.28800006,2.35e-06
236,0.28259436,2.36e-06
237,0.10407148,2.37e-06
238,0.14066526,2.38e-06
239,0.15406178,2.39e-06
240,0.11483353,2.4e-06
241,0.22326040,2.41e-06
242,0.15008887,2.42e-06
243,0.15452186,2.43e-06
244,0.13764093,2.44e-06
245,0.20655080,2.45e-06
246,0.19140459,2.46e-06
247,0.26053667,2.47e-06
248,0.11147900,2.48e-06
249,0.19823187,2.49e-06
250,0.21018744,2.5e-06
251,0.17971208,2.51e-06
252,0.20032224,2.52e-06
253,0.18588503,2.53e-06
254,0.10473808,2.54e-06
255,0.31690506,2.55e-06
256,0.10762344,2.56e-06
257,0.09561656,2.57e-06
258,0.15170094,2.58e-06
259,0.10990384,2.59e-06
260,0.24179151,2.6e-06
261,0.09926867,2.61e-06
262,0.11133965,2.62e-06
263,0.32606919,2.63e-06
264,0.13452363,2.64e-06
265,0.09312103,2.65e-06
266,0.34017884,2.66e-06
267,0.19472807,2.67e-06
268,0.22550176,2.68e-06
269,0.13278961,2.69e-06
270,0.19409458,2.7e-06
271,0.15241315,2.71e-06
272,0.13729740,2.72e-06
273,0.15627812,2.73e-06
274,0.10833757,2.74e-06
275,0.10059924,2.75e-06
276,0.14686066,2.76e-06
277,0.20979480,2.77e-06
278,0.09229251,2.78e-06
279,0.16224233,2.79e-06
280,0.12544133,2.8e-06
281,0.27568963,2.81e-06
282,0.21714972,2.82e-06
283,0.24998499,2.83e-06
284,0.08832102,2.84e-06
285,0.08563240,2.85e-06
286,0.08213576,2.86e-06
287,0.26136685,2.87e-06
288,0.16229539,2.88e-06
289,0.11654692,2.89e-06
290,0.09201876,2.9e-06
291,0.09895777,2.91e-06
292,0.18595629,2.92e-06
293,0.11584886,2.93e-06
294,0.17285697,2.94e-06
295,0.09744564,2.95e-06
296,0.09136320,2.96e-06
297,0.08392036,2.97e-06
298,0.07947836,2.98e-06
299,0.12765506,2.99e-06
300,0.09070864,3e-06
301,0.12935834,3.01e-06
302,0.07113794,3.02e-06
303,0.14675393,3.03e-06
304,0.08594000,3.04e-06
305,0.11054616,3.05e-06
306,0.12677728,3.06e-06
307,0.22450482,3.07e-06
308,0.07212993,3.08e-06
309,0.07257813,3.09e-06
310,0.09115028,3.1e-06
311,0.07248405,3.11e-06
312,0.15473197,3.12e-06
313,0.07036700,3.13e-06
314,0.07912956,3.14e-06
315,0.07282224,3.15e-06
316,0.13122201,3.16e-06
317,0.18694255,3.17e-06
318,0.07038647,3.18e-06
319,0.06561128,3.19e-06
320,0.19386281,3.2e-06
321,0.09013400,3.21e-06
322,0.07406466,3.22e-06
323,0.11968226,3.23e-06
324,0.07162661,3.24e-06
325,0.25956658,3.25e-06
326,0.07446572,3.26e-06
327,0.12343592,3.27e-06
328,0.08983339,3.28e-06
329,0.12699454,3.29e-06
330,0.10319981,3.3e-06
331,0.13775535,3.31e-06
332,0.18194140,3.32e-06
333,0.11072150,3.33e-06
334,0.32222480,3.34e-06
335,0.13811069,3.35e-06
336,0.10334063,3.36e-06
337,0.12574263,3.37e-06
338,0.13485497,3.38e-06
339,0.10998301,3.39e-06
340,0.06168437,3.4e-06
341,0.05992163,3.41e-06
342,0.06545789,3.42e-06
343,0.08429837,3.43e-06
344,0.07649100,3.44e-06
345,0.08557303,3.45e-06
346,0.07183409,3.46e-06
347,0.10799518,3.47e-06
348,0.05859362,3.48e-06
349,0.06552902,3.49e-06
350,0.12698942,3.5e-06
351,0.26444951,3.51e-06
352,0.05807896,3.52e-06
353,0.20456661,3.53e-06
354,0.07827425,3.54e-06
355,0.05740910,3.55e-06
356,0.07045426,3.56e-06
357,0.08306284,3.57e-06
358,0.05308874,3.58e-06
359,0.12848600,3.59e-06
360,0.10076075,3.6e-06
361,0.08381693,3.61e-06
362,0.09061036,3.62e-06
363,0.06158656,3.63e-06
364,0.15171188,3.64e-06
365,0.05029147,3.65e-06
366,0.11824188,3.66e-06
367,0.09652335,3.67e-06
368,0.10258477,3.68e-06
369,0.04590790,3.69e-06
370,0.05919585,3.7e-06
371,0.19546564,3.71e-06
372,0.12825751,3.72e-06
373,0.05732751,3.73e-06
374,0.04874693,3.74e-06
375,0.05688471,3.75e-06
376,0.07129472,3.76e-06
377,0.13106867,3.77e-06
378,0.05702291,3.78e-06
379,0.06138997,3.79e-06
380,0.07696362,3.8e-06
381,0.08042781,3.81e-06
382,0.15408023,3.82e-06
383,0.06030714,3.83e-06
384,0.13024782,3.84e-06
385,0.04393981,3.85e-06
386,0.04907188,3.86e-06
387,0.06750754,3.87e-06
388,0.09632121,3.88e-06
389,0.05330615,3.89e-06
390,0.05229016,3.9e-06
391,0.07126225,3.91e-06
392,0.14204169,3.92e-06
393,0.19071177,3.93e-06
394,0.09941772,3.94e-06
395,0.18182051,3.95e-06
396,0.12033946,3.96e-06
397,0.16678460,3.97e-06
398,0.05681535,3.98e-06
399,0.05506461,3.99e-06
400,0.06296655,4e-06
401,0.07136477,4.01e-06
402,0.04928322,4.02e-06
403,0.16868586,4.03e-06
404,0.05503581,4.04e-06
405,0.04145454,4.05e-06
406,0.23707584,4.06e-06
407,0.05212037,4.07e-06
408,0.12732634,4.08e-06
409,0.06901321,4.09e-06
410,0.08148489,4.1e-06
411,0.06369367,4.11e-06
412,0.04186032,4.12e-06
413,0.05012453,4.13e-06
414,0.03925514,4.14e-06
415,0.04327306,4.15e-06
416,0.11519253,4.16e-06
417,0.08973262,4.17e-06
418,0.08132108,4.18e-06
419,0.14121352,4.19e-06
420,0.10678575,4.2e-06
421,0.08058537,4.21e-06
422,0.06120674,4.22e-06
423,0.07161796,4.23e-06
424,0.14234441,4.24e-06
425,0.04080284,4.25e-06
426,0.04524727,4.26e-06
427,0.04340364,4.27e-06
428,0.05382521,4.28e-06
429,0.03974056,4.29e-06
430,0.15410575,4.3e-06
431,0.04240178,4.31e-06
432,0.18727121,4.32e-06
433,0.04677892,4.33e-06
434,0.06671318,4.34e-06
435,0.03343519,4.35e-06
436,0.03341305,4.36e-06
437,0.03335504,4.37e-06
438,0.03694198,4.38e-06
439,0.08270943,4.39e-06
440,0.03876967,4.4e-06
441,0.12898018,4.41e-06
442,0.07021800,4.42e-06
443,0.03288538,4.43e-06
444,0.10325050,4.44e-06
445,0.03439379,4.45e-06
446,0.03148071,4.46e-06
447,0.03991763,4.47e-06
448,0.08857009,4.48e-06
449,0.06442548,4.49e-06
450,0.04781967,4.5e-06
451,0.04316378,4.51e-06
452,0.04524233,4.52e-06
453,0.03937765,4.53e-06
454,0.08956996,4.54e-06
455,0.04251238,4.55e-06
456,0.03053916,4.56e-06
457,0.04957982,4.57e-06
458,0.04047179,4.58e-06
459,0.04638372,4.59e-06
460,0.04103475,4.6e-06
461,0.03474146,4.61e-06
462,0.03037903,4.62e-06
463,0.04451717,4.63e-06
464,0.04385981,4.64e-06
465,0.07805477,4.65e-06
466,0.04589098,4.66e-06
467,0.14530821,4.67e-06
468,0.02982677,4.68e-06
469,0.08005208,4.69e-06
470,0.04877793,4.7e-06
471,0.02911944,4.71e-06
472,0.12422150,4.72e-06
473,0.04540230,4.73e-06
474,0.03378455,4.74e-06
475,0.05676592,4.75e-06
476,0.05252497,4.76e-06
477,0.05551505,4.77e-06
478,0.04875880,4.78e-06
479,0.03321645,4.79e-06
480,0.02594412,4.8e-06
481,0.02766782,4.81e-06
482,0.03742488,4.82e-06
483,0.05129207,4.83e-06
484,0.02754973,4.84e-06
485,0.03527721,4.85e-06
486,0.03236695,4.86e-06
487,0.08533638,4.87e-06
488,0.04598621,4.88e-06
489,0.07047284,4.89e-06
490,0.02410716,4.9e-06
491,0.07048436,4.91e-06
492,0.03533141,4.92e-06
493,0.10552290,4.93e-06
494,0.06783413,4.94e-06
495,0.15606060,4.95e-06
496,0.03599115,4.96e-06
497,0.02930922,4.97e-06
498,0.06747686,4.98e-06
499,0.04645510,4.99e-06
500,0.16335188,5e-06
501,0.03863323,5.01e-06
502,0.02732546,5.02e-06
503,0.03870595,5.03e-06
504,0.02658593,5.04e-06
505,0.02369544,5.05e-06
506,0.02389614,5.06e-06
507,0.12688714,5.07e-06
508,0.06422988,5.08e-06
509,0.02247554,5.09e-06
510,0.03443334,5.1e-06
511,0.03965029,5.11e-06
512,0.03033053,5.12e-06
513,0.12072532,5.13e-06
514,0.03963884,5.14e-06
515,0.03244883,5.15e-06
516,0.04473992,5.16e-06
517,0.03945035,5.17e-06
518,0.02557590,5.18e-06
519,0.02713910,5.19e-06
520,0.02689245,5.2e-06
521,0.21406705,5.21e-06
522,0.02460482,5.22e-06
523,0.09253638,5.23e-06
524,0.07697051,5.24e-06
525,0.08063147,5.25e-06
526,0.03280803,5.26e-06
527,0.04949434,5.27e-06
528,0.02704428,5.28e-06
529,0.03836847,5.29e-06
530,0.05150563,5.3e-06
531,0.10333339,5.31e-06
532,0.09240691,5.32e-06
533,0.02081902,5.33e-06
534,0.05185991,5.34e-06
535,0.05215221,5.35e-06
536,0.12759895,5.36e-06
537,0.11914144,5.37e-06
538,0.04028928,5.38e-06
539,0.03757621,5.39e-06
540,0.04871254,5.4e-06
541,0.09579808,5.41e-06
542,0.03739634,5.42e-06
543,0.04316724,5.43e-06
544,0.04859320,5.44e-06
545,0.11351554,5.45e-06
546,0.03127900,5.46e-06
547,0.03072560,5.47e-06
548,0.02717613,5.48e-06
549,0.08145808,5.49e-06
550,0.02722162,5.5e-06
551,0.10425990,5.51e-06
552,0.20202628,5.52e-06
553,0.05158525,5.53e-06
554,0.05948255,5.54e-06
555,0.07041105,5.55e-06
556,0.04525118,5.56e-06
557,0.03738825,5.57e-06
558,0.02735519,5.58e-06
559,0.09483833,5.59e-06
560,0.10888578,5.6e-06
561,0.03059257,5.61e-06
562,0.03602858,5.62e-06
563,0.03092419,5.63e-06
564,0.06875381,5.64e-06
565,0.04218128,5.65e-06
566,0.05762552,5.66e-06
567,0.05434728,5.67e-06
568,0.03331877,5.68e-06
569,0.03700270,5.69e-06
570,0.03458003,5.7e-06
571,0.02846557,5.71e-06
572,0.09195596,5.72e-06
573,0.04310848,5.73e-06
574,0.08840232,5.74e-06
575,0.02461123,5.75e-06
576,0.10520902,5.76e-06
577,0.10438883,5.77e-06
578,0.05790243,5.78e-06
579,0.03149248,5.79e-06
580,0.02705685,5.8e-06
581,0.04038365,5.81e-06
582,0.02652878,5.82e-06
583,0.02680260,5.83e-06
584,0.09263785,5.84e-06
585,0.07663283,5.85e-06
586,0.06727305,5.86e-06
587,0.05556856,5.87e-06
588,0.10245239,5.88e-06
589,0.03489618,5.89e-06
590,0.04731131,5.9e-06
591,0.07448131,5.91e-06
592,0.04196960,5.92e-06
593,0.08206903,5.93e-06
594,0.02523370,5.94e-06
595,0.08371958,5.95e-06
596,0.03890326,5.96e-06
597,0.02293348,5.97e-06
598,0.14123229,5.98e-06
599,0.11193959,5.99e-06
600,0.04318279,6e-06
601,0.08649088,6.01e-06
602,0.03270957,6.02e-06
603,0.07026861,6.03e-06
604,0.02428743,6.04e-06
605,0.04770059,6.05e-06
606,0.06751375,6.06e-06
607,0.14849527,6.07e-06
608,0.06141104,6.08e-06
609,0.11665683,6.09e-06
610,0.04629871,6.1e-06
611,0.03451712,6.11e-06
612,0.02595658,6.12e-06
613,0.01869750,6.13e-06
614,0.02468871,6.14e-06
615,0.02949232,6.15e-06
616,0.03324659,6.16e-06
617,0.07866884,6.17e-06
618,0.02730073,6.18e-06
619,0.03617290,6.19e-06
620,0.06084824,6.2e-06
621,0.07347075,6.21e-06
622,0.04546689,6.22e-06
623,0.09691537,6.23e-06
624,0.03769283,6.24e-06
625,0.07324097,6.25e-06
626,0.02834613,6.26e-06
627,0.04858943,6.27e-06
628,0.03278752,6.28e-06
629,0.02057678,6.29e-06
630,0.02395479,6.3e-06
631,0.07011782,6.31e-06
632,0.03141596,6.32e-06
633,0.02641939,6.33e-06
634,0.02925801,6.34e-06
635,0.03506257,6.35e-06
636,0.09611496,6.36e-06
637,0.03218132,6.37e-06
638,0.03364162,6.38e-06
639,0.05212460,6.39e-06
640,0.02769103,6.4e-06
641,0.02477255,6.41e-06
642,0.03520263,6.42e-06
643,0.02162739,6.43e-06
644,0.05484284,6.44e-06
645,0.02023394,6.45e-06
646,0.03088554,6.46e-06
647,0.09907451,6.47e-06
648,0.02852005,6.48e-06
649,0.07940212,6.49e-06
650,0.02124814,6.5e-06
651,0.08798362,6.51e-06
652,0.01779779,6.52e-06
653,0.02197461,6.53e-06
654,0.03007535,6.54e-06
655,0.16650165,6.55e-06
656,0.02272794,6.56e-06
657,0.02336307,6.57e-06
658,0.10252992,6.58e-06
659,0.03983112,6.59e-06
660,0.03270047,6.6e-06
661,0.05253853,6.61e-06
662,0.02557041,6.62e-06
663,0.02907732,6.63e-06
664,0.03559405,6.64e-06
665,0.06428436,6.65e-06
666,0.03941357,6.66e-06
667,0.05019730,6.67e-06
668,0.02530707,6.68e-06
669,0.02324750,6.69e-06
670,0.01804560,6.7e-06
671,0.02119955,6.71e-06
672,0.03120946,6.72e-06
673,0.04324149,6.73e-06
674,0.02246569,6.74e-06
675,0.03331984,6.75e-06
676,0.02030953,6.76e-06
677,0.03064834,6.77e-06
678,0.11665026,6.78e-06
679,0.02015326,6.79e-06
680,0.01827845,6.8e-06
681,0.02999581,6.81e-06
682,0.07427672,6.82e-06
683,0.01939227,6.83e-06
684,0.12333055,6.84e-06
685,0.04422947,6.85e-06
686,0.02928416,6.86e-06
687,0.01785371,6.87e-06
688,0.01554269,6.88e-06
689,0.02571403,6.89e-06
690,0.05055041,6.9e-06
691,0.03548968,6.91e-06
692,0.04167284,6.92e-06
693,0.02646275,6.93e-06
694,0.08076662,6.94e-06
695,0.04673496,6.95e-06
696,0.02542835,6.96e-06
697,0.04760191,6.97e-06
698,0.02541682,6.98e-06
699,0.07700369,6.99e-06
700,0.08816967,7e-06
701,0.02267725,7.01e-06
702,0.10386552,7.02e-06
703,0.05165705,7.03e-06
704,0.02234455,7.04e-06
705,0.02235907,7.05e-06
706,0.02251630,7.06e-06
707,0.03858505,7.07e-06
708,0.10637967,7.08e-06
709,0.06849898,7.09e-06
710,0.02108038,7.1e-06
711,0.08177873,7.11e-06
712,0.05586484,7.12e-06
713,0.02102847,7.13e-06
714,0.12404278,7.14e-06
715,0.04399473,7.15e-06
716,0.05397052,7.16e-06
717,0.02657569,7.17e-06
718,0.08454634,7.18e-06
719,0.01828271,7.19e-06
720,0.07608960,7.2e-06
721,0.02918234,7.21e-06
722,0.15064631,7.22e-06
723,0.04361270,7.23e-06
724,0.02179523,7.24e-06
725,0.04193944,7.25e-06
726,0.02532168,7.26e-06
727,0.05577456,7.27e-06
728,0.07118418,7.28e-06
729,0.02651105,7.29e-06
730,0.02385176,7.3e-06
731,0.02776992,7.31e-06
732,0.05063091,7.32e-06
733,0.01618629,7.33e-06
734,0.02888149,7.34e-06
735,0.01749365,7.35e-06
736,0.11421535,7.36e-06
737,0.02067470,7.37e-06
738,0.02480766,7.38e-06
739,0.12151768,7.39e-06
740,0.05590019,7.4e-06
741,0.03821067,7.41e-06
742,0.02127983,7.42e-06
743,0.01375128,7.43e-06
744,0.05361304,7.44e-06
745,0.04572958,7.45e-06
746,0.05566599,7.46e-06
747,0.02740927,7.47e-06
748,0.03847845,7.48e-06
749,0.09893960,7.49e-06
750,0.07316925,7.5e-06
751,0.06164932,7.51e-06
752,0.06331685,7.52e-06
753,0.04985292,7.53e-06
754,0.04019076,7.54e-06
755,0.09796191,7.55e-06
756,0.19154731,7.56e-06
757,0.03080438,7.57e-06
758,0.04700591,7.58e-06
759,0.02494336,7.59e-06
760,0.05588752,7.6e-06
761,0.02547528,7.61e-06
762,0.02590849,7.62e-06
763,0.03823621,7.63e-06
764,0.02172011,7.64e-06
765,0.04089273,7.65e-06
766,0.02345052,7.66e-06
767,0.03459084,7.67e-06
768,0.05130973,7.68e-06
769,0.01749550,7.69e-06
770,0.02437161,7.7e-06
771,0.02012970,7.71e-06
772,0.02922484,7.72e-06
773,0.02575543,7.73e-06
774,0.01705908,7.74e-06
775,0.02198140,7.75e-06
776,0.03577246,7.76e-06
777,0.02806401,7.77e-06
778,0.02428120,7.78e-06
779,0.09180787,7.79e-06
780,0.01980892,7.8e-06
781,0.01740350,7.81e-06
782,0.02865446,7.82e-06
783,0.02041321,7.83e-06
784,0.02328107,7.84e-06
785,0.03838740,7.85e-06
786,0.01926991,7.86e-06
787,0.09285736,7.87e-06
788,0.04429603,7.88e-06
789,0.04676203,7.89e-06
790,0.02396166,7.9e-06
791,0.11104154,7.91e-06
792,0.02921078,7.92e-06
793,0.02452804,7.93e-06
794,0.04822735,7.94e-06
795,0.24503176,7.95e-06
796,0.01978250,7.96e-06
797,0.02297566,7.97e-06
798,0.05964135,7.98e-06
799,0.01438517,7.99e-06
800,0.01941915,8e-06
801,0.03916893,8.01e-06
802,0.01705247,8.02e-06
803,0.05744873,8.03e-06
804,0.02148767,8.04e-06
805,0.01949099,8.05e-06
806,0.02796619,8.06e-06
807,0.02437607,8.07e-06
808,0.03324919,8.08e-06
809,0.11928712,8.09e-06
810,0.03967393,8.1e-06
811,0.01578676,8.11e-06
812,0.04194905,8.12e-06
813,0.03128881,8.13e-06
814,0.01785687,8.14e-06
815,0.02901016,8.15e-06
816,0.05907365,8.16e-06
817,0.03715923,8.17e-06
818,0.01809732,8.18e-06
819,0.04486675,8.19e-06
820,0.09468610,8.2e-06
821,0.03450881,8.21e-06
822,0.02608154,8.22e-06
823,0.05390773,8.23e-06
824,0.02096754,8.24e-06
825,0.02631720,8.25e-06
826,0.02542952,8.26e-06
827,0.03586386,8.27e-06
828,0.01886870,8.28e-06
829,0.01474516,8.29e-06
830,0.08682601,8.3e-06
831,0.02679310,8.31e-06
832,0.02166424,8.32e-06
833,0.02548090,8.33e-06
834,0.02548180,8.34e-06
835,0.02003355,8.35e-06
836,0.01306671,8.36e-06
837,0.02099860,8.37e-06
838,0.01695806,8.38e-06
839,0.02373860,8.39e-06
840,0.02817020,8.4e-06
841,0.02235290,8.41e-06
842,0.13335955,8.42e-06
843,0.07092038,8.43e-06
844,0.01811950,8.44e-06
845,0.02954848,8.45e-06
846,0.06088463,8.46e-06
847,0.02602961,8.47e-06
848,0.03819715,8.48e-06
849,0.12493263,8.49e-06
850,0.02975829,8.5e-06
851,0.09367777,8.51e-06
852,0.02232822,8.52e-06
853,0.02577520,8.53e-06
854,0.04868345,8.54e-06
855,0.04763324,8.55e-06
856,0.01858564,8.56e-06
857,0.08019430,8.57e-06
858,0.01574099,8.58e-06
859,0.01625928,8.59e-06
860,0.01612999,8.6e-06
861,0.02813879,8.61e-06
862,0.01918186,8.62e-06
863,0.02173201,8.63e-06
864,0.01763397,8.64e-06
865,0.02323900,8.65e-06
866,0.02406455,8.66e-06
867,0.01656655,8.67e-06
868,0.04276691,8.68e-06
869,0.02059676,8.69e-06
870,0.14858601,8.7e-06
871,0.01556196,8.71e-06
872,0.04790156,8.72e-06
873,0.01419427,8.73e-06
874,0.04481926,8.74e-06
875,0.02960395,8.75e-06
876,0.01437993,8.76e-06
877,0.12574527,8.77e-06
878,0.02299694,8.78e-06
879,0.01720281,8.79e-06
880,0.05263689,8.8e-06
881,0.12789152,8.81e-06
882,0.02986540,8.82e-06
883,0.01237898,8.83e-06
884,0.08788522,8.84e-06
885,0.01656091,8.85e-06
886,0.02806819,8.86e-06
887,0.02219389,8.87e-06
888,0.02193762,8.88e-06
889,0.01334119,8.89e-06
890,0.01444394,8.9e-06
891,0.06796901,8.91e-06
892,0.02550353,8.92e-06
893,0.02097910,8.93e-06
894,0.03361522,8.94e-06
895,0.01564368,8.95e-06
896,0.03076125,8.96e-06
897,0.01687035,8.97e-06
898,0.10439349,8.98e-06
899,0.12207785,8.99e-06
900,0.01636014,9e-06
901,0.08563445,9.01e-06
902,0.11661361,9.02e-06
903,0.03354118,9.03e-06
904,0.03042404,9.04e-06
905,0.01991259,9.05e-06
906,0.01302842,9.06e-06
907,0.02452009,9.07e-06
908,0.21144733,9.08e-06
909,0.02055926,9.09e-06
910,0.01390774,9.1e-06
911,0.01800003,9.11e-06
912,0.02442757,9.12e-06
913,0.07820100,9.13e-06
914,0.03119454,9.14e-06
915,0.03277780,9.15e-06
916,0.03688746,9.16e-06
917,0.06216373,9.17e-06
918,0.03738151,9.18e-06
919,0.07789460,9.19e-06
920,0.07718717,9.2e-06
921,0.02325855,9.21e-06
922,0.01592307,9.22e-06
923,0.07092171,9.23e-06
924,0.02250566,9.24e-06
925,0.16979804,9.25e-06
926,0.06867406,9.26e-06
927,0.14366785,9.27e-06
928,0.02075112,9.28e-06
929,0.08294831,9.29e-06
930,0.02215699,9.3e-06
931,0.06562359,9.31e-06
932,0.02140889,9.32e-06
933,0.03187156,9.33e-06
934,0.05580450,9.34e-06
935,0.03161926,9.35e-06
936,0.01281541,9.36e-06
937,0.01224096,9.37e-06
938,0.07270207,9.38e-06
939,0.12273957,9.39e-06
940,0.04842181,9.4e-06
941,0.02813583,9.41e-06
942,0.01589266,9.42e-06
943,0.15396821,9.43e-06
944,0.03551707,9.44e-06
945,0.04894209,9.45e-06
946,0.22489140,9.46e-06
947,0.03095073,9.47e-06
948,0.03069348,9.48e-06
949,0.03730790,9.49e-06
950,0.06959096,9.5e-06
951,0.04133651,9.51e-06
952,0.02505439,9.52e-06
953,0.02743586,9.53e-06
954,0.08956756,9.54e-06
955,0.04096168,9.55e-06
956,0.03069526,9.56e-06
957,0.04983379,9.57e-06
958,0.03099694,9.58e-06
959,0.05562778,9.59e-06
960,0.02863597,9.6e-06
961,0.02111246,9.61e-06
962,0.08597906,9.62e-06
963,0.03195900,9.63e-06
964,0.05702322,9.64e-06
965,0.07460539,9.65e-06
966,0.02366379,9.66e-06
967,0.07669589,9.67e-06
968,0.03859552,9.68e-06
969,0.01763351,9.69e-06
970,0.01423780,9.7e-06
971,0.01956326,9.71e-06
972,0.09589069,9.72e-06
973,0.03120010,9.73e-06
974,0.04362200,9.74e-06
975,0.03166835,9.75e-06
976,0.03654633,9.76e-06
977,0.07212169,9.77e-06
978,0.03431189,9.78e-06
979,0.06015513,9.79e-06
980,0.04842292,9.8e-06
981,0.19320762,9.81e-06
982,0.17524156,9.82e-06
983,0.05542391,9.83e-06
984,0.08128628,9.84e-06
985,0.07210742,9.85e-06
986,0.01844845,9.86e-06
987,0.02992661,9.87e-06
988,0.11848491,9.88e-06
989,0.04889133,9.89e-06
990,0.10116732,9.9e-06
991,0.01554349,9.91e-06
992,0.01667370,9.92e-06
993,0.01682944,9.93e-06
994,0.02114511,9.94e-06
995,0.08899715,9.95e-06
996,0.02301412,9.96e-06
997,0.02920822,9.97e-06
998,0.03928537,9.98e-06
999,0.16002470,9.99e-06
1000,0.04076510,1e-05
1001,0.14414269,9.99999993e-06
1002,0.03844158,9.99999973e-06
1003,0.02416864,9.99999938e-06
1004,0.02512777,9.99999891e-06
1005,0.10690945,9.99999829e-06
1006,0.02686295,9.99999754e-06
1007,0.02027192,9.99999665e-06
1008,0.00903314,9.99999563e-06
1009,0.01198692,9.99999446e-06
1010,0.01290620,9.99999317e-06
1011,0.09137513,9.99999173e-06
1012,0.03707034,9.99999016e-06
1013,0.02983823,9.99998845e-06
1014,0.03643931,9.9999866e-06
1015,0.14756363,9.99998462e-06
1016,0.07334070,9.9999825e-06
1017,0.03551588,9.99998025e-06
1018,0.01893150,9.99997785e-06
1019,0.05165971,9.99997533e-06
1020,0.02901087,9.99997266e-06
1021,0.07502354,9.99996986e-06
1022,0.04498350,9.99996692e-06
1023,0.03204134,9.99996384e-06
1024,0.01491510,9.99996063e-06
1025,0.04248653,9.99995728e-06
1026,0.07384499,9.9999538e-06
1027,0.05812427,9.99995017e-06
1028,0.04327556,9.99994641e-06
1029,0.07586659,9.99994252e-06
1030,0.06377532,9.99993849e-06
1031,0.09100133,9.99993432e-06
1032,0.02791910,9.99993001e-06
1033,0.01722870,9.99992557e-06
1034,0.02758452,9.99992099e-06
1035,0.19203946,9.99991627e-06
1036,0.02204990,9.99991142e-06
1037,0.26047256,9.99990643e-06
1038,0.02404966,9.9999013e-06
1039,0.08029232,9.99989604e-06
1040,0.06790361,9.99989064e-06
1041,0.02623053,9.99988511e-06
1042,0.02174561,9.99987943e-06
1043,0.01129015,9.99987362e-06
1044,0.06275687,9.99986768e-06
1045,0.01706771,9.99986159e-06
1046,0.03162920,9.99985537e-06
1047,0.01632586,9.99984902e-06
1048,0.09187542,9.99984252e-06
1049,0.02895282,9.99983589e-06
1050,0.01217292,9.99982913e-06
1051,0.05697433,9.99982223e-06
1052,0.02171212,9.99981519e-06
1053,0.10406362,9.99980801e-06
1054,0.02586177,9.9998007e-06
1055,0.02396889,9.99979325e-06
1056,0.01706473,9.99978566e-06
1057,0.08575391,9.99977794e-06
1058,0.05625593,9.99977008e-06
1059,0.04365294,9.99976208e-06
1060,0.05448922,9.99975395e-06
1061,0.02535237,9.99974568e-06
1062,0.06884651,9.99973727e-06
1063,0.12413760,9.99972873e-06
1064,0.14322628,9.99972004e-06
1065,0.04128324,9.99971123e-06
1066,0.13783570,9.99970227e-06
1067,0.10292050,9.99969318e-06
1068,0.13114215,9.99968396e-06
1069,0.02465688,9.99967459e-06
1070,0.01151662,9.99966509e-06
1071,0.01549375,9.99965546e-06
1072,0.01729344,9.99964568e-06
1073,0.02074326,9.99963577e-06
1074,0.01801672,9.99962573e-06
1075,0.01331891,9.99961554e-06
1076,0.01874184,9.99960522e-06
1077,0.02614048,9.99959476e-06
1078,0.05910919,9.99958417e-06
1079,0.05606788,9.99957344e-06
1080,0.04375200,9.99956257e-06
1081,0.05010529,9.99955157e-06
1082,0.06186664,9.99954043e-06
1083,0.03147209,9.99952915e-06
1084,0.01445818,9.99951774e-06
1085,0.01841342,9.99950619e-06
1086,0.03838969,9.9994945e-06
1087,0.01899534,9.99948267e-06
1088,0.05004450,9.99947071e-06
1089,0.03236268,9.99945862e-06
1090,0.03097844,9.99944638e-06
1091,0.05879053,9.99943401e-06
1092,0.05072089,9.9994215e-06
1093,0.01290738,9.99940886e-06
1094,0.01942072,9.99939608e-06
1095,0.04111038,9.99938316e-06
1096,0.01906228,9.99937011e-06
1097,0.09109746,9.99935692e-06
1098,0.01829958,9.99934359e-06
1099,0.01214979,9.99933013e-06
1100,0.03143904,9.99931652e-06
1101,0.04894846,9.99930279e-06
1102,0.13197700,9.99928891e-06
1103,0.05403179,9.9992749e-06
1104,0.20062862,9.99926075e-06
1105,0.04028907,9.99924647e-06
1106,0.03387486,9.99923205e-06
1107,0.01406538,9.99921749e-06
1108,0.01231991,9.9992028e-06
1109,0.01985805,9.99918797e-06
1110,0.01803559,9.999173e-06
1111,0.02939715,9.99915789e-06
1112,0.01263986,9.99914265e-06
1113,0.01233584,9.99912728e-06
1114,0.03386488,9.99911176e-06
1115,0.04713641,9.99909611e-06
1116,0.06749263,9.99908032e-06
1117,0.02140141,9.9990644e-06
1118,0.01827009,9.99904834e-06
1119,0.01381168,9.99903214e-06
1120,0.05245601,9.99901581e-06
1121,0.01607766,9.99899933e-06
1122,0.02179194,9.99898273e-06
1123,0.02889785,9.99896598e-06
1124,0.04003892,9.9989491e-06
1125,0.02034776,9.99893208e-06
1126,0.02546926,9.99891493e-06
1127,0.02789508,9.99889764e-06
1128,0.01837417,9.99888021e-06
1129,0.01024825,9.99886265e-06
1130,0.06974387,9.99884495e-06
1131,0.04523998,9.99882711e-06
1132,0.02200522,9.99880913e-06
1133,0.05737309,9.99879102e-06
1134,0.06713493,9.99877277e-06
1135,0.01258804,9.99875439e-06
1136,0.01689684,9.99873587e-06
1137,0.01671354,9.99871721e-06
1138,0.02421764,9.99869842e-06
1139,0.03702546,9.99867949e-06
1140,0.01845855,9.99866042e-06
1141,0.02585927,9.99864121e-06
1142,0.08865792,9.99862187e-06
1143,0.01710647,9.9986024e-06
1144,0.10733964,9.99858278e-06
1145,0.03901743,9.99856303e-06
1146,0.06172947,9.99854314e-06
1147,0.03537246,9.99852312e-06
1148,0.03148162,9.99850296e-06
1149,0.01317982,9.99848266e-06
1150,0.05093654,9.99846222e-06
1151,0.01117852,9.99844165e-06
1152,0.04523614,9.99842095e-06
1153,0.03763779,9.9984001e-06
1154,0.02017962,9.99837912e-06
1155,0.01880477,9.998358e-06
1156,0.01788226,9.99833675e-06
1157,0.04059164,9.99831536e-06
1158,0.02974435,9.99829383e-06
1159,0.03513742,9.99827217e-06
1160,0.10706799,9.99825037e-06
1161,0.03084944,9.99822843e-06
1162,0.01795137,9.99820635e-06
1163,0.02304363,9.99818414e-06
1164,0.00828142,9.9981618e-06
1165,0.01529131,9.99813931e-06
1166,0.03800076,9.99811669e-06
1167,0.02373078,9.99809393e-06
1168,0.04784376,9.99807104e-06
1169,0.01952913,9.99804801e-06
1170,0.05289368,9.99802484e-06
1171,0.01470895,9.99800154e-06
1172,0.01131392,9.9979781e-06
1173,0.02148161,9.99795452e-06
1174,0.05470618,9.99793081e-06
1175,0.03050438,9.99790696e-06
1176,0.02002992,9.99788297e-06
1177,0.02534428,9.99785885e-06
1178,0.01338587,9.99783458e-06
1179,0.01590002,9.99781019e-06
1180,0.02164170,9.99778565e-06
1181,0.02160859,9.99776098e-06
1182,0.02026883,9.99773618e-06
1183,0.01434383,9.99771123e-06
1184,0.08510748,9.99768615e-06
1185,0.01819675,9.99766094e-06
1186,0.04366255,9.99763558e-06
1187,0.01495655,9.99761009e-06
1188,0.08577587,9.99758447e-06
1189,0.02288461,9.9975587e-06
1190,0.03336220,9.9975328e-06
1191,0.02963736,9.99750677e-06
1192,0.01737867,9.99748059e-06
1193,0.08412185,9.99745428e-06
1194,0.02661220,9.99742784e-06
1195,0.13875369,9.99740125e-06
1196,0.03758100,9.99737453e-06
1197,0.02701196,9.99734768e-06
1198,0.07685831,9.99732068e-06
1199,0.01331641,9.99729355e-06
1200,0.02386726,9.99726629e-06
1201,0.01367790,9.99723888e-06
1202,0.04937794,9.99721134e-06
1203,0.01960720,9.99718367e-06
1204,0.12697175,9.99715586e-06
1205,0.01395346,9.99712791e-06
1206,0.07773993,9.99709982e-06
1207,0.07293684,9.9970716e-06
1208,0.05924253,9.99704324e-06
1209,0.11323247,9.99701474e-06
1210,0.02773085,9.99698611e-06
1211,0.03745627,9.99695734e-06
1212,0.05429821,9.99692843e-06
1213,0.01778064,9.99689939e-06
1214,0.05063508,9.99687021e-06
1215,0.04037811,9.9968409e-06
1216,0.00774129,9.99681145e-06
1217,0.02197389,9.99678186e-06
1218,0.11697405,9.99675213e-06
1219,0.13308138,9.99672227e-06
1220,0.13073493,9.99669227e-06
1221,0.02016241,9.99666213e-06
1222,0.02056260,9.99663186e-06
1223,0.06139400,9.99660145e-06
1224,0.24372864,9.99657091e-06
1225,0.03817983,9.99654023e-06
1226,0.07063070,9.99650941e-06
1227,0.04426879,9.99647845e-06
1228,0.02241966,9.99644736e-06
1229,0.11967063,9.99641614e-06
1230,0.09291199,9.99638477e-06
1231,0.03506665,9.99635327e-06
1232,0.05452061,9.99632163e-06
1233,0.02418753,9.99628986e-06
1234,0.01339194,9.99625795e-06
1235,0.02082586,9.9962259e-06
1236,0.02229093,9.99619371e-06
1237,0.04553308,9.99616139e-06
1238,0.04203737,9.99612894e-06
1239,0.05960084,9.99609634e-06
1240,0.02826373,9.99606361e-06
1241,0.01107176,9.99603074e-06
1242,0.02854722,9.99599774e-06
1243,0.02109343,9.9959646e-06
1244,0.01685924,9.99593132e-06
1245,0.01646066,9.99589791e-06
1246,0.02015177,9.99586436e-06
1247,0.01675932,9.99583067e-06
1248,0.01273039,9.99579685e-06
1249,0.03008517,9.99576289e-06
1250,0.06238738,9.99572879e-06
1251,0.04335023,9.99569456e-06
1252,0.02186647,9.99566019e-06
1253,0.02549267,9.99562568e-06
1254,0.06166805,9.99559104e-06
1255,0.02974140,9.99555626e-06
1256,0.08215346,9.99552134e-06
1257,0.00989745,9.99548629e-06
1258,0.09981648,9.9954511e-06
1259,0.01988567,9.99541578e-06
1260,0.03808082,9.99538032e-06
1261,0.01293126,9.99534472e-06
1262,0.05317668,9.99530898e-06
1263,0.02781913,9.99527311e-06
1264,0.01463585,9.9952371e-06
1265,0.01253823,9.99520096e-06
1266,0.01482058,9.99516467e-06
1267,0.01843817,9.99512826e-06
1268,0.01607999,9.9950917e-06
1269,0.03513304,9.99505501e-06
1270,0.05377815,9.99501818e-06
1271,0.01360405,9.99498122e-06
1272,0.01521983,9.99494412e-06
1273,0.00925881,9.99490688e-06
1274,0.01433910,9.9948695e-06
1275,0.10240450,9.99483199e-06
1276,0.01224343,9.99479435e-06
1277,0.02132753,9.99475656e-06
1278,0.01664287,9.99471864e-06
1279,0.01707048,9.99468058e-06
1280,0.05525434,9.99464239e-06
1281,0.01032430,9.99460406e-06
1282,0.16936589,9.99456559e-06
1283,0.01861441,9.99452699e-06
1284,0.02457119,9.99448825e-06
1285,0.01969772,9.99444937e-06
1286,0.01632135,9.99441036e-06
1287,0.03229976,9.99437121e-06
1288,0.01742399,9.99433193e-06
1289,0.01013691,9.9942925e-06
1290,0.07022765,9.99425295e-06
1291,0.08154801,9.99421325e-06
1292,0.05196599,9.99417342e-06
1293,0.01931104,9.99413345e-06
1294,0.02917353,9.99409334e-06
1295,0.01320025,9.9940531e-06
1296,0.02876104,9.99401272e-06
1297,0.01306147,9.99397221e-06
1298,0.02424350,9.99393156e-06
1299,0.03457924,9.99389077e-06
1300,0.05317674,9.99384985e-06
1301,0.03710083,9.99380878e-06
1302,0.03446985,9.99376759e-06
1303,0.03694778,9.99372625e-06
1304,0.02895118,9.99368478e-06
1305,0.01203863,9.99364318e-06
1306,0.00973805,9.99360143e-06
1307,0.00641537,9.99355955e-06
1308,0.00986895,9.99351754e-06
1309,0.05205746,9.99347538e-06
1310,0.06169945,9.99343309e-06
1311,0.02087608,9.99339067e-06
1312,0.02509464,9.9933481e-06
1313,0.09351712,9.99330541e-06
1314,0.00854213,9.99326257e-06
1315,0.04102625,9.9932196e-06
1316,0.02801428,9.99317649e-06
1317,0.01515559,9.99313324e-06
1318,0.01195722,9.99308986e-06
1319,0.01844641,9.99304634e-06
1320,0.03551832,9.99300269e-06
1321,0.02412035,9.9929589e-06
1322,0.03238696,9.99291497e-06
1323,0.03452946,9.99287091e-06
1324,0.06438286,9.9928267e-06
1325,0.04002629,9.99278237e-06
1326,0.03447308,9.99273789e-06
1327,0.06006322,9.99269328e-06
1328,0.08842260,9.99264854e-06
1329,0.01268119,9.99260365e-06
1330,0.03803610,9.99255863e-06
1331,0.05294445,9.99251348e-06
1332,0.00816705,9.99246818e-06
1333,0.02575746,9.99242276e-06
1334,0.03938160,9.99237719e-06
1335,0.04945956,9.99233149e-06
1336,0.23187344,9.99228565e-06
1337,0.01604001,9.99223967e-06
1338,0.02362455,9.99219356e-06
1339,0.04792266,9.99214731e-06
1340,0.01129049,9.99210093e-06
1341,0.02261193,9.99205441e-06
1342,0.02085468,9.99200775e-06
1343,0.01547630,9.99196096e-06
1344,0.01148839,9.99191403e-06
1345,0.00826970,9.99186696e-06
1346,0.02199556,9.99181976e-06
1347,0.01540679,9.99177242e-06
1348,0.02224654,9.99172494e-06
1349,0.01016690,9.99167733e-06
1350,0.00550272,9.99162958e-06
1351,0.00852884,9.99158169e-06
1352,0.03600405,9.99153367e-06
1353,0.03348299,9.99148551e-06
1354,0.01143832,9.99143721e-06
1355,0.02909792,9.99138878e-06
1356,0.03052052,9.99134021e-06
1357,0.01832619,9.99129151e-06
1358,0.01292469,9.99124267e-06
1359,0.01840289,9.99119369e-06
1360,0.03819319,9.99114458e-06
1361,0.02792121,9.99109533e-06
1362,0.01398012,9.99104594e-06
1363,0.04559605,9.99099642e-06
1364,0.02546710,9.99094676e-06
1365,0.04377163,9.99089696e-06
1366,0.00943833,9.99084703e-06
1367,0.03218787,9.99079696e-06
1368,0.04597349,9.99074675e-06
1369,0.21569533,9.99069641e-06
1370,0.01952227,9.99064593e-06
1371,0.04665846,9.99059532e-06
1372,0.02136812,9.99054457e-06
1373,0.03904836,9.99049368e-06
1374,0.02495236,9.99044265e-06
1375,0.10665939,9.99039149e-06
1376,0.03017538,9.9903402e-06
1377,0.01646880,9.99028876e-06
1378,0.01465999,9.99023719e-06
1379,0.01512261,9.99018549e-06
1380,0.01309473,9.99013364e-06
1381,0.01084045,9.99008166e-06
1382,0.03000145,9.99002955e-06
1383,0.01093018,9.98997729e-06
1384,0.00546002,9.98992491e-06
1385,0.01773831,9.98987238e-06
1386,0.02816553,9.98981972e-06
1387,0.01649818,9.98976692e-06
1388,0.05865450,9.98971399e-06
1389,0.01294412,9.98966092e-06
1390,0.01001326,9.98960771e-06
1391,0.02287488,9.98955437e-06
1392,0.01980456,9.98950089e-06
1393,0.03243653,9.98944727e-06
1394,0.02741976,9.98939352e-06
1395,0.01426295,9.98933963e-06
1396,0.02235688,9.9892856e-06
1397,0.01994846,9.98923144e-06
1398,0.01972796,9.98917714e-06
1399,0.05294023,9.98912271e-06
1400,0.02661544,9.98906814e-06
1401,0.01050652,9.98901343e-06
1402,0.01361503,9.98895858e-06
1403,0.06743762,9.9889036e-06
1404,0.01693381,9.98884849e-06
1405,0.01619180,9.98879323e-06
1406,0.00905877,9.98873784e-06
1407,0.03406749,9.98868232e-06
1408,0.04760728,9.98862666e-06
1409,0.04684365,9.98857086e-06
1410,0.02031825,9.98851492e-06
1411,0.02019920,9.98845885e-06
1412,0.01223693,9.98840264e-06
1413,0.01202634,9.9883463e-06
1414,0.01593336,9.98828982e-06
1415,0.01941511,9.9882332e-06
1416,0.02637262,9.98817645e-06
1417,0.05707451,9.98811956e-06
1418,0.00888725,9.98806253e-06
1419,0.03881504,9.98800537e-06
1420,0.09402889,9.98794807e-06
1421,0.01865607,9.98789064e-06
1422,0.01625664,9.98783306e-06
1423,0.02919893,9.98777536e-06
1424,0.07548812,9.98771751e-06
1425,0.03770766,9.98765953e-06
1426,0.02545912,9.98760141e-06
1427,0.02044884,9.98754316e-06
1428,0.12582642,9.98748477e-06
1429,0.04336577,9.98742624e-06
1430,0.01558695,9.98736758e-06
1431,0.14488169,9.98730878e-06
1432,0.02191807,9.98724985e-06
1433,0.07178437,9.98719078e-06
1434,0.02764115,9.98713157e-06
1435,0.01648978,9.98707222e-06
1436,0.00736893,9.98701274e-06
1437,0.02077971,9.98695313e-06
1438,0.02409822,9.98689337e-06
1439,0.01511096,9.98683348e-06
1440,0.02675464,9.98677346e-06
1441,0.01731410,9.9867133e-06
1442,0.00741133,9.986653e-06
1443,0.01245266,9.98659256e-06
1444,0.02791171,9.98653199e-06
1445,0.01377255,9.98647128e-06
1446,0.00857247,9.98641044e-06
1447,0.02043043,9.98634946e-06
1448,0.01033956,9.98628834e-06
1449,0.00705682,9.98622709e-06
1450,0.06354030,9.9861657e-06
1451,0.01285921,9.98610417e-06
1452,0.01733902,9.98604251e-06
1453,0.06303702,9.98598071e-06
1454,0.02095243,9.98591878e-06
1455,0.02662491,9.98585671e-06
1456,0.01165864,9.9857945e-06
1457,0.01291353,9.98573216e-06
1458,0.04049833,9.98566968e-06
1459,0.02031001,9.98560706e-06
1460,0.06761941,9.98554431e-06
1461,0.02841225,9.98548142e-06
1462,0.02006745,9.9854184e-06
1463,0.01249026,9.98535523e-06
1464,0.06331025,9.98529194e-06
1465,0.04262450,9.9852285e-06
1466,0.02411504,9.98516493e-06
1467,0.01449956,9.98510123e-06
1468,0.02615866,9.98503738e-06
1469,0.06587623,9.9849734e-06
1470,0.02409461,9.98490929e-06
1471,0.03891151,9.98484504e-06
1472,0.00701827,9.98478065e-06
1473,0.09116474,9.98471613e-06
1474,0.01330976,9.98465147e-06
1475,0.08281145,9.98458667e-06
1476,0.11937401,9.98452174e-06
1477,0.01684969,9.98445667e-06
1478,0.02751654,9.98439146e-06
1479,0.01447800,9.98432612e-06
1480,0.02243516,9.98426064e-06
1481,0.07467333,9.98419503e-06
1482,0.05625950,9.98412928e-06
1483,0.04069484,9.98406339e-06
1484,0.04130994,9.98399737e-06
1485,0.01474670,9.98393121e-06
1486,0.01043399,9.98386491e-06
1487,0.01705384,9.98379848e-06
1488,0.02137741,9.98373191e-06
1489,0.02020877,9.98366521e-06
1490,0.01489757,9.98359837e-06
1491,0.01290055,9.98353139e-06
1492,0.03378468,9.98346428e-06
1493,0.03874274,9.98339703e-06
1494,0.02659254,9.98332964e-06
1495,0.03480873,9.98326212e-06
1496,0.01298831,9.98319446e-06
1497,0.00569390,9.98312667e-06
1498,0.03206133,9.98305874e-06
1499,0.01838252,9.98299067e-06
1500,0.04498312,9.98292247e-06
1501,0.03144208,9.98285413e-06
1502,0.01781848,9.98278565e-06
1503,0.02712520,9.98271704e-06
1504,0.01799087,9.98264829e-06
1505,0.01012229,9.98257941e-06
1506,0.05676010,9.98251039e-06
1507,0.01358205,9.98244123e-06
1508,0.02226611,9.98237194e-06
1509,0.03506133,9.98230251e-06
1510,0.02269461,9.98223294e-06
1511,0.02552523,9.98216324e-06
1512,0.00544774,9.9820934e-06
1513,0.02419140,9.98202343e-06
1514,0.02083263,9.98195332e-06
1515,0.01385713,9.98188307e-06
1516,0.00685300,9.98181269e-06
1517,0.03156688,9.98174217e-06
1518,0.07527635,9.98167152e-06
1519,0.07310953,9.98160072e-06
1520,0.01995067,9.9815298e-06
1521,0.02597674,9.98145873e-06
1522,0.07558056,9.98138753e-06
1523,0.02120852,9.9813162e-06
1524,0.01357942,9.98124473e-06
1525,0.00819075,9.98117312e-06
1526,0.00907691,9.98110137e-06
1527,0.09075503,9.98102949e-06
1528,0.04781735,9.98095747e-06
1529,0.03488270,9.98088532e-06
1530,0.03222595,9.98081303e-06
1531,0.13377616,9.98074061e-06
1532,0.02326977,9.98066805e-06
1533,0.01098754,9.98059535e-06
1534,0.06478939,9.98052251e-06
1535,0.02251053,9.98044954e-06
1536,0.02497657,9.98037644e-06
1537,0.03454249,9.9803032e-06
1538,0.00910357,9.98022982e-06
1539,0.01579458,9.9801563e-06
1540,0.01487789,9.98008265e-06
1541,0.04215810,9.98000886e-06
1542,0.00808463,9.97993494e-06
1543,0.00787914,9.97986088e-06
1544,0.02181049,9.97978669e-06
1545,0.01917054,9.97971235e-06
1546,0.04227787,9.97963789e-06
1547,0.04093211,9.97956328e-06
1548,0.06095294,9.97948854e-06
1549,0.01435369,9.97941367e-06
1550,0.00936649,9.97933865e-06
1551,0.01494864,9.97926351e-06
1552,0.01625923,9.97918822e-06
1553,0.02082637,9.9791128e-06
1554,0.00963147,9.97903724e-06
1555,0.01980680,9.97896155e-06
1556,0.01875437,9.97888572e-06
1557,0.21147481,9.97880976e-06
1558,0.03879178,9.97873366e-06
1559,0.10407701,9.97865742e-06
1560,0.00880648,9.97858104e-06
1561,0.01826888,9.97850453e-06
1562,0.01279176,9.97842789e-06
1563,0.01648642,9.97835111e-06
1564,0.00646880,9.97827419e-06
1565,0.00962456,9.97819713e-06
1566,0.01130878,9.97811994e-06
1567,0.01174558,9.97804262e-06
1568,0.01259592,9.97796516e-06
1569,0.01598917,9.97788756e-06
1570,0.02299574,9.97780982e-06
1571,0.01918626,9.97773195e-06
1572,0.01273218,9.97765395e-06
1573,0.02949817,9.9775758e-06
1574,0.04476403,9.97749752e-06
1575,0.02135581,9.97741911e-06
1576,0.00779034,9.97734056e-06
1577,0.01258857,9.97726187e-06
1578,0.02407203,9.97718305e-06
1579,0.11300689,9.97710409e-06
1580,0.01331468,9.97702499e-06
1581,0.02538400,9.97694576e-06
1582,0.05464796,9.97686639e-06
1583,0.02999153,9.97678689e-06
1584,0.02686083,9.97670725e-06
1585,0.03834596,9.97662747e-06
1586,0.02661970,9.97654756e-06
1587,0.07078769,9.97646751e-06
1588,0.00529666,9.97638733e-06
1589,0.00793855,9.97630701e-06
1590,0.01616225,9.97622656e-06
1591,0.06614155,9.97614596e-06
1592,0.02030032,9.97606523e-06
1593,0.04182117,9.97598437e-06
1594,0.02036743,9.97590337e-06
1595,0.01582931,9.97582223e-06
1596,0.01097960,9.97574096e-06
1597,0.01201226,9.97565955e-06
1598,0.03367142,9.97557801e-06
1599,0.00936504,9.97549633e-06
1600,0.02422658,9.97541451e-06
1601,0.02488936,9.97533256e-06
1602,0.09649978,9.97525047e-06
1603,0.02911060,9.97516825e-06
1604,0.00736510,9.97508589e-06
1605,0.09681995,9.97500339e-06
1606,0.01216342,9.97492076e-06
1607,0.01385644,9.97483799e-06
1608,0.01022775,9.97475508e-06
1609,0.08305938,9.97467204e-06
1610,0.03603211,9.97458887e-06
1611,0.01560999,9.97450556e-06
1612,0.02167402,9.97442211e-06
1613,0.01060214,9.97433852e-06
1614,0.03122699,9.9742548e-06
1615,0.02762524,9.97417095e-06
1616,0.01311482,9.97408695e-06
1617,0.02294938,9.97400282e-06
1618,0.06485194,9.97391856e-06
1619,0.08419019,9.97383416e-06
1620,0.02808050,9.97374962e-06
1621,0.03811348,9.97366495e-06
1622,0.06446605,9.97358014e-06
1623,0.00963753,9.9734952e-06
1624,0.09063382,9.97341012e-06
1625,0.01160033,9.9733249e-06
1626,0.01388823,9.97323955e-06
1627,0.01672264,9.97315406e-06
1628,0.00410052,9.97306844e-06
1629,0.00611056,9.97298268e-06
1630,0.00743818,9.97289678e-06
1631,0.04769557,9.97281075e-06
1632,0.02203678,9.97272458e-06
1633,0.00783501,9.97263828e-06
1634,0.00671460,9.97255184e-06
1635,0.02936561,9.97246526e-06
1636,0.02074834,9.97237855e-06
1637,0.02343426,9.9722917e-06
1638,0.00934819,9.97220472e-06
1639,0.20514244,9.9721176e-06
1640,0.01197636,9.97203034e-06
1641,0.07362953,9.97194295e-06
1642,0.01422943,9.97185542e-06
1643,0.01747236,9.97176776e-06
1644,0.02304107,9.97167996e-06
1645,0.16825749,9.97159202e-06
1646,0.02106548,9.97150395e-06
1647,0.03522626,9.97141574e-06
1648,0.04592814,9.9713274e-06
1649,0.11558752,9.97123892e-06
1650,0.01410328,9.97115031e-06
1651,0.04562953,9.97106156e-06
1652,0.01495816,9.97097267e-06
1653,0.01912410,9.97088365e-06
1654,0.03083552,9.97079449e-06
1655,0.01840717,9.9707052e-06
1656,0.01144192,9.97061576e-06
1657,0.01448922,9.9705262e-06
1658,0.08559926,9.9704365e-06
1659,0.01745697,9.97034666e-06
1660,0.01190488,9.97025668e-06
1661,0.00613559,9.97016658e-06
1662,0.00846258,9.97007633e-06
1663,0.19244873,9.96998595e-06
1664,0.01002529,9.96989543e-06
1665,0.04221176,9.96980478e-06
1666,0.01907146,9.96971399e-06
1667,0.01741602,9.96962306e-06
1668,0.00703397,9.969532e-06
1669,0.00748406,9.96944081e-06
1670,0.05660004,9.96934947e-06
1671,0.10576707,9.969258e-06
1672,0.02967796,9.9691664e-06
1673,0.03505205,9.96907466e-06
1674,0.01145655,9.96898278e-06
1675,0.00840513,9.96889077e-06
1676,0.04423005,9.96879862e-06
1677,0.03861323,9.96870634e-06
1678,0.07114034,9.96861392e-06
1679,0.07341412,9.96852137e-06
1680,0.07497190,9.96842868e-06
1681,0.02699251,9.96833585e-06
1682,0.01095718,9.96824289e-06
1683,0.01928393,9.96814979e-06
1684,0.01793413,9.96805655e-06
1685,0.03187255,9.96796318e-06
1686,0.01526317,9.96786968e-06
1687,0.07653125,9.96777603e-06
1688,0.03227508,9.96768226e-06
1689,0.02978065,9.96758834e-06
1690,0.03841151,9.96749429e-06
1691,0.04610142,9.96740011e-06
1692,0.03708679,9.96730579e-06
1693,0.01251379,9.96721133e-06
1694,0.02878197,9.96711674e-06
1695,0.00729282,9.96702201e-06
1696,0.00459697,9.96692715e-06
1697,0.03055519,9.96683215e-06
1698,0.03970444,9.96673701e-06
1699,0.01587899,9.96664174e-06
1700,0.11018099,9.96654633e-06
1701,0.00673193,9.96645079e-06
1702,0.01686033,9.96635511e-06
1703,0.01914426,9.9662593e-06
1704,0.01089883,9.96616334e-06
1705,0.02944596,9.96606726e-06
1706,0.00588706,9.96597104e-06
1707,0.01873954,9.96587468e-06
1708,0.02192449,9.96577819e-06
1709,0.08821599,9.96568156e-06
1710,0.02024511,9.96558479e-06
1711,0.01451693,9.96548789e-06
1712,0.02199400,9.96539085e-06
1713,0.04649122,9.96529368e-06
1714,0.03107016,9.96519637e-06
1715,0.02671310,9.96509893e-06
1716,0.01290373,9.96500135e-06
1717,0.04453499,9.96490364e-06
1718,0.04035848,9.96480578e-06
1719,0.14428592,9.9647078e-06
1720,0.02008934,9.96460967e-06
1721,0.01331047,9.96451142e-06
1722,0.01911900,9.96441302e-06
1723,0.01120418,9.96431449e-06
1724,0.01168794,9.96421583e-06
1725,0.01104794,9.96411703e-06
1726,0.01068267,9.96401809e-06
1727,0.27500201,9.96391902e-06
1728,0.01496640,9.96381981e-06
1729,0.07663342,9.96372047e-06
1730,0.01095126,9.96362099e-06
1731,0.00341096,9.96352137e-06
1732,0.03641892,9.96342162e-06
1733,0.17586650,9.96332173e-06
1734,0.06672238,9.96322171e-06
1735,0.01232096,9.96312155e-06
1736,0.01577021,9.96302126e-06
1737,0.01373531,9.96292083e-06
1738,0.05469176,9.96282026e-06
1739,0.01907378,9.96271956e-06
1740,0.02247807,9.96261873e-06
1741,0.01488755,9.96251775e-06
1742,0.01287798,9.96241665e-06
1743,0.01558443,9.9623154e-06
1744,0.08833021,9.96221402e-06
1745,0.00934188,9.96211251e-06
1746,0.11560425,9.96201086e-06
1747,0.00631901,9.96190907e-06
1748,0.01203447,9.96180715e-06
1749,0.01240581,9.96170509e-06
1750,0.05956907,9.9616029e-06
1751,0.01189022,9.96150057e-06
1752,0.00634581,9.96139811e-06
1753,0.01999276,9.96129551e-06
1754,0.05666388,9.96119277e-06
1755,0.02712117,9.9610899e-06
1756,0.01521850,9.96098689e-06
1757,0.03806704,9.96088375e-06
1758,0.01282177,9.96078047e-06
1759,0.01254178,9.96067706e-06
1760,0.01569454,9.96057351e-06
1761,0.01275887,9.96046982e-06
1762,0.01426822,9.960366e-06
1763,0.04727123,9.96026204e-06
1764,0.01681426,9.96015795e-06
1765,0.04985093,9.96005372e-06
1766,0.00652028,9.95994936e-06
1767,0.03906030,9.95984486e-06
1768,0.01476961,9.95974023e-06
1769,0.01150299,9.95963546e-06
1770,0.01635740,9.95953055e-06
1771,0.00846242,9.95942551e-06
1772,0.00772613,9.95932033e-06
1773,0.00558570,9.95921502e-06
1774,0.09636180,9.95910957e-06
1775,0.01950627,9.95900399e-06
1776,0.01686516,9.95889827e-06
1777,0.00721165,9.95879242e-06
1778,0.00727341,9.95868643e-06
1779,0.04638053,9.9585803e-06
1780,0.01124898,9.95847404e-06
1781,0.03987759,9.95836764e-06
1782,0.01093870,9.95826111e-06
1783,0.06789088,9.95815444e-06
1784,0.03281079,9.95804764e-06
1785,0.00403382,9.9579407e-06
1786,0.02330639,9.95783362e-06
1787,0.00987729,9.95772641e-06
1788,0.02050374,9.95761907e-06
1789,0.00843378,9.95751159e-06
1790,0.00912266,9.95740397e-06
1791,0.05938537,9.95729622e-06
1792,0.02295958,9.95718833e-06
1793,0.01325216,9.95708031e-06
1794,0.01707910,9.95697215e-06
1795,0.09439309,9.95686385e-06
1796,0.01598561,9.95675542e-06
1797,0.06989346,9.95664686e-06
1798,0.02118918,9.95653816e-06
1799,0.01020077,9.95642932e-06
1800,0.01427882,9.95632035e-06
1801,0.02207061,9.95621124e-06
1802,0.01022169,9.956102e-06
1803,0.01438711,9.95599262e-06
1804,0.01201819,9.9558831e-06
1805,0.01290122,9.95577345e-06
1806,0.01358953,9.95566367e-06
1807,0.01409966,9.95555375e-06
1808,0.01834105,9.95544369e-06
1809,0.04388685,9.9553335e-06
1810,0.02400278,9.95522317e-06
1811,0.00473748,9.95511271e-06
1812,0.03379931,9.95500211e-06
1813,0.00543602,9.95489138e-06
1814,0.03016922,9.95478051e-06
1815,0.01443150,9.95466951e-06
1816,0.01471627,9.95455837e-06
1817,0.00841899,9.95444709e-06
1818,0.00410781,9.95433568e-06
1819,0.04311405,9.95422413e-06
1820,0.01861385,9.95411245e-06
1821,0.04208099,9.95400064e-06
1822,0.07644686,9.95388868e-06
1823,0.00710605,9.9537766e-06
1824,0.00352710,9.95366437e-06
1825,0.01116479,9.95355201e-06
1826,0.01077072,9.95343952e-06
1827,0.01377310,9.95332689e-06
1828,0.00759172,9.95321412e-06
1829,0.00812217,9.95310122e-06
1830,0.01766439,9.95298819e-06
1831,0.02213655,9.95287502e-06
1832,0.02839466,9.95276171e-06
1833,0.00997986,9.95264827e-06
1834,0.01355063,9.95253469e-06
1835,0.01177460,9.95242098e-06
1836,0.06330752,9.95230713e-06
1837,0.00954298,9.95219314e-06
1838,0.01468135,9.95207903e-06
1839,0.00907858,9.95196477e-06
1840,0.04057225,9.95185038e-06
1841,0.03693856,9.95173586e-06
1842,0.05189513,9.9516212e-06
1843,0.02934516,9.9515064e-06
1844,0.02082141,9.95139147e-06
1845,0.02543286,9.9512764e-06
1846,0.07694376,9.9511612e-06
1847,0.01202932,9.95104586e-06
1848,0.00801973,9.95093039e-06
1849,0.00480372,9.95081478e-06
1850,0.01650909,9.95069904e-06
1851,0.00832495,9.95058316e-06
1852,0.01639005,9.95046714e-06
1853,0.00895335,9.95035099e-06
1854,0.11898994,9.95023471e-06
1855,0.03736801,9.95011829e-06
1856,0.04095814,9.95000173e-06
1857,0.01084926,9.94988504e-06
1858,0.00820447,9.94976822e-06
1859,0.00515694,9.94965125e-06
1860,0.00498932,9.94953416e-06
1861,0.03453071,9.94941692e-06
1862,0.01464385,9.94929956e-06
1863,0.04559150,9.94918205e-06
1864,0.01666804,9.94906442e-06
1865,0.01481056,9.94894664e-06
1866,0.06580055,9.94882873e-06
1867,0.00815169,9.94871069e-06
1868,0.02445769,9.94859251e-06
1869,0.01118379,9.9484742e-06
1870,0.01312426,9.94835575e-06
1871,0.02517806,9.94823716e-06
1872,0.03780162,9.94811844e-06
1873,0.12150138,9.94799958e-06
1874,0.03648650,9.94788059e-06
1875,0.03070981,9.94776147e-06
1876,0.02117655,9.9476422e-06
1877,0.01576195,9.94752281e-06
1878,0.10678919,9.94740328e-06
1879,0.01932758,9.94728361e-06
1880,0.02147247,9.94716381e-06
1881,0.02091011,9.94704387e-06
1882,0.01973355,9.94692379e-06
1883,0.00892250,9.94680359e-06
1884,0.03718031,9.94668324e-06
1885,0.01307620,9.94656276e-06
1886,0.00810331,9.94644215e-06
1887,0.02293709,9.9463214e-06
1888,0.03705310,9.94620052e-06
1889,0.00656801,9.9460795e-06
1890,0.00781851,9.94595834e-06
1891,0.01463304,9.94583705e-06
1892,0.00622067,9.94571562e-06
1893,0.05949792,9.94559406e-06
1894,0.02954507,9.94547237e-06
1895,0.01567832,9.94535054e-06
1896,0.02086555,9.94522857e-06
1897,0.00778138,9.94510647e-06
1898,0.00987663,9.94498423e-06
1899,0.01735908,9.94486186e-06
1900,0.03386806,9.94473935e-06
1901,0.01968488,9.94461671e-06
1902,0.01205971,9.94449393e-06
1903,0.00794968,9.94437102e-06
1904,0.01348914,9.94424797e-06
1905,0.11677965,9.94412479e-06
1906,0.02140562,9.94400147e-06
1907,0.01728063,9.94387802e-06
1908,0.02199988,9.94375443e-06
1909,0.01457754,9.94363071e-06
1910,0.03460280,9.94350685e-06
1911,0.01521006,9.94338285e-06
1912,0.01290972,9.94325872e-06
1913,0.00393827,9.94313446e-06
1914,0.00920154,9.94301006e-06
1915,0.00904926,9.94288553e-06
1916,0.00682539,9.94276086e-06
1917,0.02736021,9.94263605e-06
1918,0.01462864,9.94251111e-06
1919,0.01719343,9.94238604e-06
1920,0.01382796,9.94226083e-06
1921,0.00818845,9.94213548e-06
1922,0.04891244,9.94201e-06
1923,0.01181947,9.94188438e-06
1924,0.04316226,9.94175863e-06
1925,0.00657955,9.94163275e-06
1926,0.00788421,9.94150673e-06
1927,0.00645388,9.94138057e-06
1928,0.00964516,9.94125428e-06
1929,0.01910029,9.94112785e-06
1930,0.02006859,9.94100129e-06
1931,0.10720760,9.9408746e-06
1932,0.00764339,9.94074776e-06
1933,0.01564733,9.9406208e-06
1934,0.05866688,9.9404937e-06
1935,0.02161292,9.94036646e-06
1936,0.01902977,9.94023909e-06
1937,0.01342424,9.94011158e-06
1938,0.00668145,9.93998394e-06
1939,0.01217745,9.93985616e-06
1940,0.02435836,9.93972825e-06
1941,0.02340017,9.9396002e-06
1942,0.00830151,9.93947202e-06
1943,0.03099246,9.9393437e-06
1944,0.01742768,9.93921525e-06
1945,0.08898353,9.93908666e-06
1946,0.02460965,9.93895794e-06
1947,0.01132377,9.93882908e-06
1948,0.02447381,9.93870009e-06
1949,0.02067581,9.93857097e-06
1950,0.01911209,9.9384417e-06
1951,0.03431322,9.93831231e-06
1952,0.03356432,9.93818277e-06
1953,0.00819321,9.93805311e-06
1954,0.04052344,9.9379233e-06
1955,0.01696705,9.93779337e-06
1956,0.04067728,9.93766329e-06
1957,0.02375231,9.93753309e-06
1958,0.01982025,9.93740274e-06
1959,0.02597522,9.93727227e-06
1960,0.00926629,9.93714165e-06
1961,0.04114502,9.93701091e-06
1962,0.03666765,9.93688002e-06
1963,0.00797418,9.93674901e-06
1964,0.00347072,9.93661786e-06
1965,0.00885064,9.93648657e-06
1966,0.02006705,9.93635515e-06
1967,0.00899953,9.93622359e-06
1968,0.00710534,9.9360919e-06
1969,0.00941719,9.93596007e-06
1970,0.04637482,9.93582811e-06
1971,0.01229665,9.93569601e-06
1972,0.06767479,9.93556378e-06
1973,0.02524194,9.93543141e-06
1974,0.00792665,9.93529891e-06
1975,0.01113911,9.93516627e-06
1976,0.02290903,9.9350335e-06
1977,0.02572710,9.9349006e-06
1978,0.01251157,9.93476755e-06
1979,0.04291414,9.93463438e-06
1980,0.01023416,9.93450107e-06
1981,0.01935911,9.93436762e-06
1982,0.01399574,9.93423404e-06
1983,0.09111073,9.93410032e-06
1984,0.03561449,9.93396647e-06
1985,0.00982864,9.93383249e-06
1986,0.00765147,9.93369837e-06
1987,0.03387731,9.93356411e-06
1988,0.02644290,9.93342972e-06
1989,0.03777432,9.9332952e-06
1990,0.02127022,9.93316054e-06
1991,0.01296566,9.93302574e-06
1992,0.01430018,9.93289081e-06
1993,0.01006147,9.93275575e-06
1994,0.01643088,9.93262055e-06
1995,0.02767305,9.93248521e-06
1996,0.01748268,9.93234974e-06
1997,0.01293612,9.93221414e-06
1998,0.01930259,9.9320784e-06
1999,0.00620033,9.93194253e-06
2000,0.01995944,9.93180652e-06
2001,0.01986129,9.93167037e-06
2002,0.02164611,9.9315341e-06
2003,0.01404585,9.93139768e-06
2004,0.05555554,9.93126113e-06
2005,0.01889778,9.93112445e-06
2006,0.01080464,9.93098763e-06
2007,0.03148367,9.93085068e-06
2008,0.01982484,9.93071359e-06
2009,0.01157091,9.93057637e-06
2010,0.00539156,9.93043902e-06
2011,0.00689902,9.93030152e-06
2012,0.01806651,9.9301639e-06
2013,0.00786107,9.93002614e-06
2014,0.01546226,9.92988824e-06
2015,0.00818684,9.92975021e-06
2016,0.01972999,9.92961204e-06
2017,0.05395798,9.92947374e-06
2018,0.02563806,9.92933531e-06
2019,0.08472820,9.92919674e-06
2020,0.04434808,9.92905803e-06
2021,0.02271394,9.92891919e-06
2022,0.02436611,9.92878022e-06
2023,0.06933043,9.92864111e-06
2024,0.02114125,9.92850187e-06
2025,0.01033510,9.92836249e-06
2026,0.01609659,9.92822298e-06
2027,0.00918300,9.92808333e-06
2028,0.02158385,9.92794355e-06
2029,0.00864953,9.92780363e-06
2030,0.01306215,9.92766358e-06
2031,0.01434949,9.92752339e-06
2032,0.01664828,9.92738307e-06
2033,0.01086976,9.92724261e-06
2034,0.00701390,9.92710202e-06
2035,0.04324478,9.92696129e-06
2036,0.00667272,9.92682043e-06
2037,0.01207891,9.92667944e-06
2038,0.01242392,9.92653831e-06
2039,0.00608362,9.92639705e-06
2040,0.00593007,9.92625565e-06
2041,0.08418236,9.92611411e-06
2042,0.02570483,9.92597244e-06
2043,0.01050643,9.92583064e-06
2044,0.07442040,9.9256887e-06
2045,0.00684071,9.92554663e-06
2046,0.01342396,9.92540442e-06
2047,0.03736331,9.92526208e-06
2048,0.01595465,9.92511961e-06
2049,0.01085059,9.92497699e-06
2050,0.03269298,9.92483425e-06
2051,0.01228144,9.92469137e-06
2052,0.01441627,9.92454835e-06
2053,0.03059470,9.9244052e-06
2054,0.01733702,9.92426192e-06
2055,0.01369930,9.9241185e-06
2056,0.08738492,9.92397495e-06
2057,0.01446380,9.92383126e-06
2058,0.01946344,9.92368744e-06
2059,0.00621250,9.92354348e-06
2060,0.15541495,9.92339939e-06
2061,0.02261630,9.92325516e-06
2062,0.01677444,9.9231108e-06
2063,0.01238605,9.9229663e-06
2064,0.01731739,9.92282167e-06
2065,0.00406963,9.92267691e-06
2066,0.00575166,9.92253201e-06
2067,0.01155746,9.92238697e-06
2068,0.00701107,9.92224181e-06
2069,0.01099950,9.9220965e-06
2070,0.00536622,9.92195106e-06
2071,0.00870669,9.92180549e-06
2072,0.00880116,9.92165978e-06
2073,0.01237269,9.92151394e-06
2074,0.00685615,9.92136797e-06
2075,0.00666731,9.92122186e-06
2076,0.00780657,9.92107561e-06
2077,0.00659867,9.92092923e-06
2078,0.01215181,9.92078272e-06
2079,0.01903064,9.92063607e-06
2080,0.03042818,9.92048929e-06
2081,0.03156111,9.92034237e-06
2082,0.02486872,9.92019532e-06
2083,0.00997847,9.92004813e-06
2084,0.00721627,9.91990081e-06
2085,0.00373830,9.91975335e-06
2086,0.00282654,9.91960576e-06
2087,0.01769729,9.91945804e-06
2088,0.01046838,9.91931018e-06
2089,0.03518637,9.91916218e-06
2090,0.00669065,9.91901405e-06
2091,0.00706269,9.91886579e-06
2092,0.00358217,9.91871739e-06
2093,0.02042581,9.91856886e-06
2094,0.02306968,9.9184202e-06
2095,0.01303497,9.91827139e-06
2096,0.01389601,9.91812246e-06
2097,0.09578330,9.91797339e-06
2098,0.01093155,9.91782419e-06
2099,0.06712312,9.91767485e-06
2100,0.00826645,9.91752537e-06
2101,0.01046109,9.91737577e-06
2102,0.00413121,9.91722602e-06
2103,0.07073065,9.91707615e-06
2104,0.06670306,9.91692614e-06
2105,0.02398259,9.91677599e-06
2106,0.07760254,9.91662571e-06
2107,0.07300405,9.9164753e-06
2108,0.01445963,9.91632475e-06
2109,0.01247899,9.91617407e-06
2110,0.00994009,9.91602325e-06
2111,0.03758786,9.9158723e-06
2112,0.11823498,9.91572121e-06
2113,0.06081601,9.91556999e-06
2114,0.02206309,9.91541864e-06
2115,0.01470055,9.91526715e-06
2116,0.03481759,9.91511552e-06
2117,0.02434219,9.91496377e-06
2118,0.01028996,9.91481187e-06
2119,0.00512631,9.91465985e-06
2120,0.00626648,9.91450769e-06
2121,0.01645025,9.91435539e-06
2122,0.01865942,9.91420296e-06
2123,0.00727965,9.9140504e-06
2124,0.00282665,9.9138977e-06
2125,0.00536201,9.91374487e-06
2126,0.04223364,9.9135919e-06
2127,0.01206487,9.9134388e-06
2128,0.00868459,9.91328556e-06
2129,0.00746757,9.91313219e-06
2130,0.05425378,9.91297869e-06
2131,0.01363439,9.91282505e-06
2132,0.00715316,9.91267127e-06
2133,0.00698971,9.91251737e-06
2134,0.00946628,9.91236332e-06
2135,0.00523774,9.91220915e-06
2136,0.06539071,9.91205484e-06
2137,0.02854640,9.91190039e-06
2138,0.01816672,9.91174581e-06
2139,0.01165005,9.9115911e-06
2140,0.01311537,9.91143625e-06
2141,0.00665852,9.91128127e-06
2142,0.02057211,9.91112616e-06
2143,0.00779841,9.91097091e-06
2144,0.00945547,9.91081552e-06
2145,0.02318237,9.91066e-06
2146,0.00613300,9.91050435e-06
2147,0.00660098,9.91034856e-06
2148,0.00867031,9.91019264e-06
2149,0.01801900,9.91003658e-06
2150,0.07540425,9.90988039e-06
2151,0.02159547,9.90972407e-06
2152,0.02242629,9.90956761e-06
2153,0.01404486,9.90941102e-06
2154,0.03549710,9.90925429e-06
2155,0.07209948,9.90909743e-06
2156,0.02333087,9.90894043e-06
2157,0.06495637,9.9087833e-06
2158,0.13626899,9.90862604e-06
2159,0.01567895,9.90846864e-06
2160,0.00604508,9.90831111e-06
2161,0.00497486,9.90815344e-06
2162,0.12600542,9.90799564e-06
2163,0.01306988,9.90783771e-06
2164,0.01128906,9.90767964e-06
2165,0.01573696,9.90752144e-06
2166,0.00925318,9.9073631e-06
2167,0.00665815,9.90720463e-06
2168,0.01318231,9.90704602e-06
2169,0.04750616,9.90688728e-06
2170,0.02543636,9.90672841e-06
2171,0.01564293,9.9065694e-06
2172,0.01267504,9.90641026e-06
2173,0.01161328,9.90625098e-06
2174,0.01617917,9.90609157e-06
2175,0.00784371,9.90593203e-06
2176,0.01282005,9.90577235e-06
2177,0.00539949,9.90561253e-06
2178,0.04716657,9.90545259e-06
2179,0.02739272,9.90529251e-06
2180,0.07052340,9.90513229e-06
2181,0.01307843,9.90497194e-06
2182,0.10332904,9.90481146e-06
2183,0.08099947,9.90465084e-06
2184,0.02433021,9.90449009e-06
2185,0.07414684,9.9043292e-06
2186,0.03410048,9.90416818e-06
2187,0.02802230,9.90400703e-06
2188,0.01716245,9.90384574e-06
2189,0.02704271,9.90368432e-06
2190,0.06320044,9.90352276e-06
2191,0.01489165,9.90336107e-06
2192,0.00684198,9.90319925e-06
2193,0.02170041,9.90303729e-06
2194,0.01805155,9.9028752e-06
2195,0.22647945,9.90271297e-06
2196,0.00459984,9.90255061e-06
2197,0.00720516,9.90238812e-06
2198,0.00544409,9.90222549e-06
2199,0.00612874,9.90206273e-06
2200,0.00656268,9.90189983e-06
2201,0.00630865,9.9017368e-06
2202,0.00832059,9.90157363e-06
2203,0.01325082,9.90141034e-06
2204,0.01185926,9.9012469e-06
2205,0.02941619,9.90108334e-06
2206,0.02754393,9.90091964e-06
2207,0.02661577,9.9007558e-06
2208,0.02938085,9.90059183e-06
2209,0.00977449,9.90042773e-06
2210,0.00813039,9.90026349e-06
2211,0.01237052,9.90009912e-06
2212,0.01775304,9.89993462e-06
2213,0.00773517,9.89976998e-06
2214,0.00814646,9.89960521e-06
2215,0.05718561,9.8994403e-06
2216,0.02962999,9.89927526e-06
2217,0.01282301,9.89911009e-06
2218,0.01335846,9.89894478e-06
2219,0.00426553,9.89877934e-06
2220,0.00572890,9.89861376e-06
2221,0.02227215,9.89844805e-06
2222,0.02360344,9.89828221e-06
2223,0.01640154,9.89811623e-06
2224,0.02251790,9.89795012e-06
2225,0.01277392,9.89778387e-06
2226,0.00374580,9.89761749e-06
2227,0.00666840,9.89745098e-06
2228,0.02277894,9.89728433e-06
2229,0.01277330,9.89711755e-06
2230,0.00963648,9.89695064e-06
2231,0.00607477,9.89678359e-06
2232,0.02303159,9.8966164e-06
2233,0.00353610,9.89644909e-06
2234,0.10764100,9.89628164e-06
2235,0.00836239,9.89611405e-06
2236,0.00531080,9.89594633e-06
2237,0.01199071,9.89577848e-06
2238,0.00747632,9.8956105e-06
2239,0.03121145,9.89544238e-06
2240,0.00884111,9.89527412e-06
2241,0.05068233,9.89510574e-06
2242,0.02188385,9.89493721e-06
2243,0.08180765,9.89476856e-06
2244,0.01376118,9.89459977e-06
2245,0.01497062,9.89443085e-06
2246,0.00719912,9.89426179e-06
2247,0.00639502,9.8940926e-06
2248,0.01022011,9.89392328e-06
2249,0.00987776,9.89375382e-06
2250,0.00920186,9.89358423e-06
2251,0.00442997,9.8934145e-06
2252,0.00733342,9.89324464e-06
2253,0.01159875,9.89307465e-06
2254,0.00623142,9.89290452e-06
2255,0.01648503,9.89273426e-06
2256,0.02943584,9.89256387e-06
2257,0.08748452,9.89239334e-06
2258,0.01552106,9.89222268e-06
2259,0.00660986,9.89205188e-06
2260,0.01302094,9.89188095e-06
2261,0.01066475,9.89170989e-06
2262,0.00321249,9.89153869e-06
2263,0.17755819,9.89136736e-06
2264,0.05852458,9.8911959e-06
2265,0.01579055,9.8910243e-06
2266,0.12061727,9.89085257e-06
2267,0.02523862,9.8906807e-06
2268,0.02223198,9.8905087e-06
2269,0.02230224,9.89033657e-06
2270,0.08227548,9.8901643e-06
2271,0.06258700,9.8899919e-06
2272,0.01711376,9.88981937e-06
2273,0.01466140,9.8896467e-06
2274,0.02909514,9.8894739e-06
2275,0.00900047,9.88930096e-06
2276,0.03534677,9.88912789e-06
2277,0.01087324,9.88895469e-06
2278,0.11661928,9.88878136e-06
2279,0.05235109,9.88860789e-06
2280,0.01536750,9.88843428e-06
2281,0.03607719,9.88826055e-06
2282,0.08127947,9.88808667e-06
2283,0.01207097,9.88791267e-06
2284,0.01305217,9.88773853e-06
2285,0.01160001,9.88756426e-06
2286,0.00629051,9.88738986e-06
2287,0.00797934,9.88721532e-06
2288,0.02689631,9.88704064e-06
2289,0.01095417,9.88686584e-06
2290,0.00846219,9.8866909e-06
2291,0.01137996,9.88651582e-06
2292,0.02764133,9.88634062e-06
2293,0.00895544,9.88616528e-06
2294,0.00423107,9.8859898e-06
2295,0.01343688,9.8858142e-06
2296,0.01398369,9.88563845e-06
2297,0.01468394,9.88546258e-06
2298,0.01279003,9.88528657e-06
2299,0.01049387,9.88511043e-06
2300,0.01385356,9.88493415e-06
2301,0.03896483,9.88475774e-06
2302,0.00341187,9.8845812e-06
2303,0.00869183,9.88440453e-06
2304,0.01614667,9.88422772e-06
2305,0.02230540,9.88405077e-06
2306,0.01562200,9.8838737e-06
2307,0.01940207,9.88369649e-06
2308,0.02059412,9.88351914e-06
2309,0.01308978,9.88334167e-06
2310,0.00813179,9.88316405e-06
2311,0.01460844,9.88298631e-06
2312,0.02946505,9.88280843e-06
2313,0.01249098,9.88263042e-06
2314,0.01071842,9.88245228e-06
2315,0.01712122,9.882274e-06
2316,0.01828117,9.88209559e-06
2317,0.01025741,9.88191704e-06
2318,0.02076114,9.88173836e-06
2319,0.00770927,9.88155955e-06
2320,0.01337922,9.8813806e-06
2321,0.01864928,9.88120153e-06
2322,0.01368035,9.88102231e-06
2323,0.00957319,9.88084297e-06
2324,0.01229698,9.88066349e-06
2325,0.00524607,9.88048388e-06
2326,0.01294376,9.88030413e-06
2327,0.00718467,9.88012425e-06
2328,0.00691611,9.87994424e-06
2329,0.00582470,9.87976409e-06
2330,0.00722442,9.87958381e-06
2331,0.02256054,9.8794034e-06
2332,0.00789689,9.87922285e-06
2333,0.04112381,9.87904217e-06
2334,0.01086617,9.87886136e-06
2335,0.02453170,9.87868041e-06
2336,0.01311478,9.87849933e-06
2337,0.00815847,9.87831812e-06
2338,0.01746290,9.87813677e-06
2339,0.02355603,9.87795529e-06
2340,0.00319075,9.87777367e-06
2341,0.00469097,9.87759193e-06
2342,0.00993387,9.87741005e-06
2343,0.04456857,9.87722803e-06
2344,0.02009957,9.87704589e-06
2345,0.01180475,9.8768636e-06
2346,0.00760894,9.87668119e-06
2347,0.00421253,9.87649864e-06
2348,0.00956782,9.87631596e-06
2349,0.03593301,9.87613315e-06
2350,0.00640212,9.8759502e-06
2351,0.02476545,9.87576712e-06
2352,0.00828557,9.87558391e-06
2353,0.01353298,9.87540056e-06
2354,0.03262006,9.87521708e-06
2355,0.02177698,9.87503347e-06
2356,0.01166956,9.87484972e-06
2357,0.01142359,9.87466584e-06
2358,0.06268995,9.87448183e-06
2359,0.02504243,9.87429768e-06
2360,0.01123260,9.8741134e-06
2361,0.00806022,9.87392899e-06
2362,0.03066981,9.87374444e-06
2363,0.01409740,9.87355976e-06
2364,0.03198046,9.87337495e-06
2365,0.05816170,9.87319e-06
2366,0.01141986,9.87300492e-06
2367,0.01306544,9.87281971e-06
2368,0.00877560,9.87263436e-06
2369,0.02163153,9.87244888e-06
2370,0.00664330,9.87226327e-06
2371,0.01560464,9.87207753e-06
2372,0.00500759,9.87189165e-06
2373,0.01309757,9.87170564e-06
2374,0.02491160,9.87151949e-06
2375,0.01086537,9.87133321e-06
2376,0.04274206,9.8711468e-06
2377,0.01070901,9.87096026e-06
2378,0.01188773,9.87077358e-06
2379,0.01065094,9.87058677e-06
2380,0.00339643,9.87039982e-06
2381,0.02386367,9.87021275e-06
2382,0.00447011,9.87002554e-06
2383,0.01594995,9.86983819e-06
2384,0.00839117,9.86965072e-06
2385,0.05590831,9.86946311e-06
2386,0.00898688,9.86927536e-06
2387,0.07418622,9.86908749e-06
2388,0.01204751,9.86889948e-06
2389,0.01024174,9.86871134e-06
2390,0.01411719,9.86852306e-06
2391,0.01113172,9.86833465e-06
2392,0.01243856,9.86814611e-06
2393,0.06960185,9.86795744e-06
2394,0.00939018,9.86776863e-06
2395,0.01860674,9.86757969e-06
2396,0.00964429,9.86739061e-06
2397,0.00794928,9.86720141e-06
2398,0.01186111,9.86701207e-06
2399,0.00530664,9.86682259e-06
2400,0.03867017,9.86663299e-06
2401,0.01398962,9.86644325e-06
2402,0.00342937,9.86625337e-06
2403,0.02927818,9.86606337e-06
2404,0.02347474,9.86587323e-06
2405,0.01166756,9.86568296e-06
2406,0.00526365,9.86549255e-06
2407,0.11666681,9.86530202e-06
2408,0.01345993,9.86511135e-06
2409,0.01198197,9.86492054e-06
2410,0.00458405,9.86472961e-06
2411,0.01593046,9.86453854e-06
2412,0.00435434,9.86434733e-06
2413,0.00276568,9.864156e-06
2414,0.04550357,9.86396453e-06
2415,0.00584149,9.86377293e-06
2416,0.00800217,9.86358119e-06
2417,0.00651735,9.86338933e-06
2418,0.01453796,9.86319733e-06
2419,0.01222507,9.86300519e-06
2420,0.04864373,9.86281293e-06
2421,0.01546087,9.86262053e-06
2422,0.00443935,9.862428e-06
2423,0.01226287,9.86223533e-06
2424,0.06137484,9.86204253e-06
2425,0.00800290,9.8618496e-06
2426,0.00326230,9.86165654e-06
2427,0.00954670,9.86146334e-06
2428,0.01554377,9.86127001e-06
2429,0.00494647,9.86107655e-06
2430,0.00875894,9.86088295e-06
2431,0.01030045,9.86068923e-06
2432,0.03791710,9.86049536e-06
2433,0.01253639,9.86030137e-06
2434,0.01277461,9.86010724e-06
2435,0.00917068,9.85991298e-06
2436,0.00511841,9.85971859e-06
2437,0.00407934,9.85952406e-06
2438,0.00758766,9.85932941e-06
2439,0.04342167,9.85913461e-06
2440,0.00891109,9.85893969e-06
2441,0.00743408,9.85874463e-06
2442,0.01852578,9.85854944e-06
2443,0.00493676,9.85835412e-06
2444,0.01735993,9.85815866e-06
2445,0.00298875,9.85796308e-06
2446,0.01651211,9.85776735e-06
2447,0.00838492,9.8575715e-06
2448,0.01997464,9.85737551e-06
2449,0.00759436,9.85717939e-06
2450,0.00245496,9.85698314e-06
2451,0.00622246,9.85678676e-06
2452,0.01564579,9.85659024e-06
2453,0.01543886,9.85639359e-06
2454,0.01407530,9.8561968e-06
2455,0.02016023,9.85599989e-06
2456,0.01743713,9.85580284e-06
2457,0.01412166,9.85560566e-06
2458,0.00711429,9.85540834e-06
2459,0.01535657,9.8552109e-06
2460,0.01358772,9.85501332e-06
2461,0.00809756,9.8548156e-06
2462,0.00693649,9.85461776e-06
2463,0.01309836,9.85441978e-06
2464,0.00418488,9.85422167e-06
2465,0.00468460,9.85402342e-06
2466,0.00976885,9.85382505e-06
2467,0.02108893,9.85362654e-06
2468,0.00982833,9.8534279e-06
2469,0.01099707,9.85322912e-06
2470,0.01409104,9.85303022e-06
2471,0.00602701,9.85283118e-06
2472,0.00354825,9.852632e-06
2473,0.00935786,9.8524327e-06
2474,0.02219528,9.85223326e-06
2475,0.00897348,9.85203369e-06
2476,0.00764651,9.85183399e-06
2477,0.00908215,9.85163415e-06
2478,0.01189755,9.85143418e-06
2479,0.00583682,9.85123408e-06
2480,0.00820560,9.85103385e-06
2481,0.03949127,9.85083348e-06
2482,0.03074487,9.85063298e-06
2483,0.01435460,9.85043235e-06
2484,0.03150843,9.85023159e-06
2485,0.02100356,9.85003069e-06
2486,0.00863123,9.84982966e-06
2487,0.00640760,9.8496285e-06
2488,0.00673444,9.8494272e-06
2489,0.01139932,9.84922578e-06
2490,0.00596638,9.84902422e-06
2491,0.00316379,9.84882252e-06
2492,0.01352939,9.8486207e-06
2493,0.01003425,9.84841874e-06
2494,0.02887346,9.84821665e-06
2495,0.01826949,9.84801443e-06
2496,0.00362663,9.84781208e-06
2497,0.01317957,9.84760959e-06
2498,0.00756010,9.84740697e-06
2499,0.00984578,9.84720421e-06
2500,0.02014914,9.84700133e-06
2501,0.00563628,9.84679831e-06
2502,0.00500178,9.84659516e-06
2503,0.02698207,9.84639188e-06
2504,0.01335552,9.84618846e-06
2505,0.01350410,9.84598492e-06
2506,0.01066011,9.84578124e-06
2507,0.01293741,9.84557742e-06
2508,0.00762832,9.84537348e-06
2509,0.01919671,9.8451694e-06
2510,0.00613308,9.84496519e-06
2511,0.00567335,9.84476085e-06
2512,0.01414001,9.84455637e-06
2513,0.08583553,9.84435177e-06
2514,0.02003372,9.84414703e-06
2515,0.04376155,9.84394215e-06
2516,0.11105799,9.84373715e-06
2517,0.07039772,9.84353201e-06
2518,0.00701643,9.84332674e-06
2519,0.00343884,9.84312134e-06
2520,0.01685917,9.84291581e-06
2521,0.04182847,9.84271014e-06
2522,0.00757252,9.84250434e-06
2523,0.01375801,9.84229841e-06
2524,0.01269378,9.84209234e-06
2525,0.01155794,9.84188615e-06
2526,0.01127546,9.84167982e-06
2527,0.01225759,9.84147336e-06
2528,0.00497865,9.84126676e-06
2529,0.03894220,9.84106004e-06
2530,0.02015594,9.84085318e-06
2531,0.03584638,9.84064619e-06
2532,0.01321027,9.84043907e-06
2533,0.00786427,9.84023181e-06
2534,0.13334809,9.84002442e-06
2535,0.01431998,9.8398169e-06
2536,0.00468705,9.83960925e-06
2537,0.00404186,9.83940147e-06
2538,0.00776787,9.83919355e-06
2539,0.02080392,9.8389855e-06
2540,0.00445741,9.83877732e-06
2541,0.00529798,9.83856901e-06
2542,0.02294328,9.83836056e-06
2543,0.02148063,9.83815198e-06
2544,0.02513342,9.83794327e-06
2545,0.00656374,9.83773443e-06
2546,0.00284545,9.83752545e-06
2547,0.02015718,9.83731635e-06
2548,0.01036708,9.83710711e-06
2549,0.02896804,9.83689774e-06
2550,0.03171968,9.83668823e-06
2551,0.00769738,9.83647859e-06
2552,0.00391674,9.83626883e-06
2553,0.00743878,9.83605893e-06
2554,0.00740748,9.83584889e-06
2555,0.01488034,9.83563873e-06
2556,0.00978683,9.83542843e-06
2557,0.00594655,9.835218e-06
2558,0.02035222,9.83500744e-06
2559,0.00640609,9.83479674e-06
2560,0.20743555,9.83458592e-06
2561,0.00528035,9.83437496e-06
2562,0.01205316,9.83416387e-06
2563,0.00766529,9.83395265e-06
2564,0.05369629,9.83374129e-06
2565,0.01545322,9.83352981e-06
2566,0.01606313,9.83331819e-06
2567,0.02958508,9.83310644e-06
2568,0.01871890,9.83289455e-06
2569,0.00310412,9.83268254e-06
2570,0.00658497,9.83247039e-06
2571,0.01334892,9.83225811e-06
2572,0.00865575,9.8320457e-06
2573,0.01143907,9.83183315e-06
2574,0.00723164,9.83162048e-06
2575,0.03863727,9.83140767e-06
2576,0.00476589,9.83119473e-06
2577,0.00547039,9.83098166e-06
2578,0.01378470,9.83076845e-06
2579,0.01241554,9.83055512e-06
2580,0.00248309,9.83034165e-06
2581,0.01598855,9.83012805e-06
2582,0.03874163,9.82991431e-06
2583,0.00533676,9.82970045e-06
2584,0.01271015,9.82948645e-06
2585,0.00580196,9.82927232e-06
2586,0.00332524,9.82905806e-06
2587,0.01058102,9.82884367e-06
2588,0.01745039,9.82862914e-06
2589,0.01340690,9.82841449e-06
2590,0.01324727,9.8281997e-06
2591,0.00705463,9.82798478e-06
2592,0.00830963,9.82776973e-06
2593,0.00408342,9.82755454e-06
2594,0.01225045,9.82733922e-06
2595,0.06491682,9.82712377e-06
2596,0.00287886,9.82690819e-06
2597,0.02297313,9.82669248e-06
2598,0.03257739,9.82647664e-06
2599,0.01272381,9.82626066e-06
2600,0.00652216,9.82604455e-06
2601,0.05319337,9.82582831e-06
2602,0.03238006,9.82561194e-06
2603,0.01370443,9.82539543e-06
2604,0.00483674,9.8251788e-06
2605,0.00504976,9.82496203e-06
2606,0.01179037,9.82474513e-06
2607,0.02138311,9.8245281e-06
2608,0.00786854,9.82431093e-06
2609,0.00374794,9.82409364e-06
2610,0.02115372,9.82387621e-06
2611,0.01316982,9.82365865e-06
2612,0.01480256,9.82344096e-06
2613,0.01000330,9.82322313e-06
2614,0.00453067,9.82300518e-06
2615,0.02073469,9.82278709e-06
2616,0.00862074,9.82256887e-06
2617,0.00658701,9.82235052e-06
2618,0.01132362,9.82213204e-06
2619,0.00592072,9.82191343e-06
2620,0.01084249,9.82169468e-06
2621,0.01063893,9.8214758e-06
2622,0.00813557,9.82125679e-06
2623,0.01572857,9.82103765e-06
2624,0.06233261,9.82081838e-06
2625,0.00778795,9.82059897e-06
2626,0.01616845,9.82037943e-06
2627,0.01484306,9.82015976e-06
2628,0.00398634,9.81993996e-06
2629,0.00678709,9.81972003e-06
2630,0.01822014,9.81949997e-06
2631,0.00393245,9.81927977e-06
2632,0.00315278,9.81905944e-06
2633,0.01430736,9.81883898e-06
2634,0.00557919,9.81861839e-06
2635,0.01005101,9.81839767e-06
2636,0.00554911,9.81817681e-06
2637,0.00314362,9.81795583e-06
2638,0.00318930,9.81773471e-06
2639,0.02106445,9.81751346e-06
2640,0.00184375,9.81729208e-06
2641,0.01056025,9.81707056e-06
2642,0.07248017,9.81684892e-06
2643,0.00192637,9.81662714e-06
2644,0.00455316,9.81640523e-06
2645,0.09411451,9.81618319e-06
2646,0.00913660,9.81596102e-06
2647,0.01657166,9.81573872e-06
2648,0.00924562,9.81551628e-06
2649,0.04966243,9.81529372e-06
2650,0.00678423,9.81507102e-06
2651,0.00381806,9.81484819e-06
2652,0.02155910,9.81462523e-06
2653,0.00593223,9.81440213e-06
2654,0.00195107,9.81417891e-06
2655,0.00305046,9.81395555e-06
2656,0.02712781,9.81373206e-06
2657,0.06197506,9.81350844e-06
2658,0.03155892,9.81328469e-06
2659,0.01500191,9.81306081e-06
2660,0.00794831,9.81283679e-06
2661,0.00418454,9.81261265e-06
2662,0.00531388,9.81238837e-06
2663,0.00945128,9.81216396e-06
2664,0.00401812,9.81193942e-06
2665,0.03358040,9.81171475e-06
2666,0.02672940,9.81148994e-06
2667,0.01327097,9.81126501e-06
2668,0.00586601,9.81103994e-06
2669,0.01831940,9.81081474e-06
2670,0.01151816,9.81058941e-06
2671,0.00746883,9.81036395e-06
2672,0.00761961,9.81013836e-06
2673,0.00566930,9.80991263e-06
2674,0.00460672,9.80968678e-06
2675,0.00969110,9.80946079e-06
2676,0.01067749,9.80923467e-06
2677,0.00833699,9.80900842e-06
2678,0.00640935,9.80878204e-06
2679,0.01823259,9.80855552e-06
2680,0.00308030,9.80832888e-06
2681,0.01335487,9.8081021e-06
2682,0.02272642,9.80787519e-06
2683,0.01300129,9.80764816e-06
2684,0.03435609,9.80742098e-06
2685,0.02539576,9.80719368e-06
2686,0.03936811,9.80696625e-06
2687,0.00789964,9.80673868e-06
2688,0.01246104,9.80651099e-06
2689,0.00880817,9.80628316e-06
2690,0.05662403,9.8060552e-06
2691,0.02115212,9.80582711e-06
2692,0.01075534,9.80559889e-06
2693,0.00342173,9.80537053e-06
2694,0.01879624,9.80514205e-06
2695,0.01321179,9.80491343e-06
2696,0.07234985,9.80468468e-06
2697,0.01290940,9.80445581e-06
2698,0.01500612,9.8042268e-06
2699,0.05054305,9.80399765e-06
2700,0.01805628,9.80376838e-06
2701,0.01110454,9.80353898e-06
2702,0.01146548,9.80330944e-06
2703,0.02077987,9.80307977e-06
2704,0.01111452,9.80284998e-06
2705,0.02673410,9.80262005e-06
2706,0.01028667,9.80238998e-06
2707,0.00668552,9.80215979e-06
2708,0.00189251,9.80192947e-06
2709,0.02954279,9.80169901e-06
2710,0.01849738,9.80146843e-06
2711,0.00869576,9.80123771e-06
2712,0.01714265,9.80100686e-06
2713,0.01732021,9.80077588e-06
2714,0.00328895,9.80054477e-06
2715,0.01472123,9.80031353e-06
2716,0.01485811,9.80008216e-06
2717,0.00376970,9.79985065e-06
2718,0.00554026,9.79961901e-06
2719,0.00804032,9.79938725e-06
2720,0.01057556,9.79915535e-06
2721,0.02637947,9.79892332e-06
2722,0.01238464,9.79869116e-06
2723,0.02039217,9.79845887e-06
2724,0.07861712,9.79822644e-06
2725,0.01322161,9.79799389e-06
2726,0.01663398,9.7977612e-06
2727,0.00823012,9.79752839e-06
2728,0.00370085,9.79729544e-06
2729,0.00709880,9.79706236e-06
2730,0.01049200,9.79682915e-06
2731,0.00701691,9.79659581e-06
2732,0.02438420,9.79636234e-06
2733,0.00683044,9.79612873e-06
2734,0.02541809,9.795895e-06
2735,0.08222832,9.79566113e-06
2736,0.00776943,9.79542713e-06
2737,0.02024119,9.79519301e-06
2738,0.09590869,9.79495875e-06
2739,0.00952095,9.79472436e-06
2740,0.00585455,9.79448983e-06
2741,0.00494745,9.79425518e-06
2742,0.00321843,9.7940204e-06
2743,0.01099574,9.79378548e-06
2744,0.02083515,9.79355044e-06
2745,0.00933873,9.79331526e-06
2746,0.00877523,9.79307995e-06
2747,0.00892340,9.79284451e-06
2748,0.00291936,9.79260895e-06
2749,0.01225855,9.79237324e-06
2750,0.01338312,9.79213741e-06
2751,0.00655459,9.79190145e-06
2752,0.00653006,9.79166536e-06
2753,0.00571949,9.79142913e-06
2754,0.02915831,9.79119277e-06
2755,0.00497033,9.79095629e-06
2756,0.02848145,9.79071967e-06
2757,0.01207759,9.79048292e-06
2758,0.00835669,9.79024604e-06
2759,0.00487024,9.79000903e-06
2760,0.04700701,9.78977189e-06
2761,0.08224812,9.78953462e-06
2762,0.01457804,9.78929721e-06
2763,0.01598239,9.78905968e-06
2764,0.01058898,9.78882201e-06
2765,0.01517396,9.78858422e-06
2766,0.01798692,9.78834629e-06
2767,0.00716696,9.78810823e-06
2768,0.00623561,9.78787004e-06
2769,0.00511269,9.78763172e-06
2770,0.00580049,9.78739327e-06
2771,0.01260570,9.78715469e-06
2772,0.01278312,9.78691597e-06
2773,0.00738297,9.78667713e-06
2774,0.01808739,9.78643816e-06
2775,0.00626661,9.78619905e-06
2776,0.01773049,9.78595982e-06
2777,0.00551855,9.78572045e-06
2778,0.00724034,9.78548095e-06
2779,0.03004134,9.78524132e-06
2780,0.00787773,9.78500156e-06
2781,0.00781710,9.78476167e-06
2782,0.00778000,9.78452165e-06
2783,0.00497703,9.7842815e-06
2784,0.00639401,9.78404122e-06
2785,0.04970789,9.7838008e-06
2786,0.00966168,9.78356026e-06
2787,0.00480364,9.78331958e-06
2788,0.00387284,9.78307878e-06
2789,0.02328521,9.78283784e-06
2790,0.01380486,9.78259677e-06
2791,0.01545721,9.78235557e-06
2792,0.01980713,9.78211425e-06
2793,0.01815372,9.78187279e-06
2794,0.02907298,9.7816312e-06
2795,0.00482085,9.78138947e-06
2796,0.03540745,9.78114762e-06
2797,0.00601922,9.78090564e-06
2798,0.00681993,9.78066353e-06
2799,0.04286219,9.78042128e-06
2800,0.02216514,9.78017891e-06
2801,0.00752750,9.7799364e-06
2802,0.00738407,9.77969377e-06
2803,0.04276264,9.779451e-06
2804,0.00323174,9.7792081e-06
2805,0.09391584,9.77896507e-06
2806,0.00659543,9.77872192e-06
2807,0.10299677,9.77847863e-06
2808,0.01285978,9.77823521e-06
2809,0.00987564,9.77799166e-06
2810,0.01220073,9.77774797e-06
2811,0.00367427,9.77750416e-06
2812,0.01223598,9.77726022e-06
2813,0.01007118,9.77701615e-06
2814,0.01272173,9.77677194e-06
2815,0.01491075,9.77652761e-06
2816,0.00435908,9.77628314e-06
2817,0.00289038,9.77603855e-06
2818,0.00464562,9.77579382e-06
2819,0.01638521,9.77554897e-06
2820,0.00761644,9.77530398e-06
2821,0.00449947,9.77505886e-06
2822,0.01159907,9.77481361e-06
2823,0.00386550,9.77456823e-06
2824,0.00485968,9.77432272e-06
2825,0.00718691,9.77407708e-06
2826,0.04934615,9.77383131e-06
2827,0.00776331,9.77358541e-06
2828,0.03166278,9.77333938e-06
2829,0.00673052,9.77309322e-06
2830,0.01131956,9.77284693e-06
2831,0.00440127,9.7726005e-06
2832,0.01918762,9.77235395e-06
2833,0.00362639,9.77210727e-06
2834,0.00581623,9.77186045e-06
2835,0.00436172,9.77161351e-06
2836,0.00427882,9.77136643e-06
2837,0.00954333,9.77111923e-06
2838,0.00798808,9.77087189e-06
2839,0.00263134,9.77062442e-06
2840,0.00996229,9.77037683e-06
2841,0.00228420,9.7701291e-06
2842,0.00728686,9.76988124e-06
2843,0.01285974,9.76963325e-06
2844,0.00419792,9.76938513e-06
2845,0.00806889,9.76913689e-06
2846,0.00603201,9.76888851e-06
2847,0.01266673,9.76864e-06
2848,0.00795907,9.76839136e-06
2849,0.00409376,9.76814259e-06
2850,0.00460318,9.76789368e-06
2851,0.00437926,9.76764465e-06
2852,0.01581010,9.76739549e-06
2853,0.00407286,9.7671462e-06
2854,0.01300484,9.76689678e-06
2855,0.01400830,9.76664722e-06
2856,0.00535168,9.76639754e-06
2857,0.01549568,9.76614773e-06
2858,0.01038607,9.76589778e-06
2859,0.00659153,9.76564771e-06
2860,0.00392495,9.76539751e-06
2861,0.00579931,9.76514717e-06
2862,0.05434890,9.76489671e-06
2863,0.01201307,9.76464611e-06
2864,0.00308990,9.76439539e-06
2865,0.00453045,9.76414453e-06
2866,0.00450524,9.76389355e-06
2867,0.00922362,9.76364243e-06
2868,0.01032994,9.76339118e-06
2869,0.00812085,9.76313981e-06
2870,0.03995221,9.7628883e-06
2871,0.01502200,9.76263666e-06
2872,0.01058521,9.7623849e-06
2873,0.00396150,9.762133e-06
2874,0.00341997,9.76188097e-06
2875,0.01112426,9.76162881e-06
2876,0.00632049,9.76137653e-06
2877,0.00522598,9.76112411e-06
2878,0.00624292,9.76087156e-06
2879,0.00720485,9.76061888e-06
2880,0.01661247,9.76036607e-06
2881,0.00651465,9.76011313e-06
2882,0.01139368,9.75986007e-06
2883,0.00451488,9.75960687e-06
2884,0.01673139,9.75935354e-06
2885,0.00321741,9.75910008e-06
2886,0.02210916,9.75884649e-06
2887,0.01642557,9.75859277e-06
2888,0.00404576,9.75833892e-06
2889,0.01476933,9.75808494e-06
2890,0.02455907,9.75783083e-06
2891,0.01588874,9.75757659e-06
2892,0.00610203,9.75732222e-06
2893,0.00368735,9.75706772e-06
2894,0.00532486,9.75681309e-06
2895,0.01481450,9.75655833e-06
2896,0.00361097,9.75630344e-06
2897,0.00283989,9.75604842e-06
2898,0.00521060,9.75579327e-06
2899,0.00985718,9.75553799e-06
2900,0.01863390,9.75528258e-06
2901,0.01252361,9.75502704e-06
2902,0.00183381,9.75477137e-06
2903,0.01756227,9.75451557e-06
2904,0.04889437,9.75425964e-06
2905,0.01219318,9.75400358e-06
2906,0.00441203,9.75374739e-06
2907,0.00378393,9.75349107e-06
2908,0.01390440,9.75323462e-06
2909,0.00487682,9.75297804e-06
2910,0.02202953,9.75272133e-06
2911,0.00944732,9.75246449e-06
2912,0.01383411,9.75220752e-06
2913,0.03157520,9.75195042e-06
2914,0.00578362,9.75169319e-06
2915,0.03375492,9.75143583e-06
2916,0.00752749,9.75117834e-06
2917,0.03872759,9.75092072e-06
2918,0.00302435,9.75066297e-06
2919,0.00208007,9.7504051e-06
2920,0.01347750,9.75014709e-06
2921,0.00918579,9.74988895e-06
2922,0.00361139,9.74963068e-06
2923,0.00431617,9.74937228e-06
2924,0.00881575,9.74911375e-06
2925,0.00690877,9.74885509e-06
2926,0.04773966,9.74859631e-06
2927,0.00421367,9.74833739e-06
2928,0.00735696,9.74807834e-06
2929,0.00604981,9.74781916e-06
2930,0.00798383,9.74755986e-06
2931,0.01246553,9.74730042e-06
2932,0.00673486,9.74704085e-06
2933,0.00278994,9.74678115e-06
2934,0.00389859,9.74652133e-06
2935,0.01194549,9.74626137e-06
2936,0.00715581,9.74600129e-06
2937,0.00576198,9.74574107e-06
2938,0.00910746,9.74548072e-06
2939,0.01257049,9.74522025e-06
2940,0.00917295,9.74495964e-06
2941,0.00538530,9.74469891e-06
2942,0.01438223,9.74443805e-06
2943,0.00510334,9.74417705e-06
2944,0.03777285,9.74391593e-06
2945,0.00421447,9.74365467e-06
2946,0.00205718,9.74339329e-06
2947,0.01377179,9.74313178e-06
2948,0.09763167,9.74287014e-06
2949,0.03717346,9.74260836e-06
2950,0.03071090,9.74234646e-06
2951,0.01503118,9.74208443e-06
2952,0.01932588,9.74182227e-06
2953,0.01137937,9.74155998e-06
2954,0.02265941,9.74129756e-06
2955,0.00817322,9.74103501e-06
2956,0.00933970,9.74077233e-06
2957,0.01201609,9.74050952e-06
2958,0.02078930,9.74024658e-06
2959,0.00890735,9.73998351e-06
2960,0.00648468,9.73972031e-06
2961,0.02437239,9.73945699e-06
2962,0.00729233,9.73919353e-06
2963,0.01354266,9.73892994e-06
2964,0.00617732,9.73866622e-06
2965,0.03793103,9.73840238e-06
2966,0.04258094,9.7381384e-06
2967,0.04001912,9.7378743e-06
2968,0.02260683,9.73761006e-06
2969,0.01279208,9.7373457e-06
2970,0.00962539,9.73708121e-06
2971,0.01226199,9.73681658e-06
2972,0.00412323,9.73655183e-06
2973,0.03309521,9.73628695e-06
2974,0.00965425,9.73602194e-06
2975,0.00714637,9.7357568e-06
2976,0.00767438,9.73549152e-06
2977,0.01060163,9.73522612e-06
2978,0.03972141,9.7349606e-06
2979,0.00962171,9.73469494e-06
2980,0.00610759,9.73442915e-06
2981,0.16855242,9.73416323e-06
2982,0.01578141,9.73389718e-06
2983,0.05261054,9.73363101e-06
2984,0.00630458,9.7333647e-06
2985,0.01482879,9.73309826e-06
2986,0.02012577,9.7328317e-06
2987,0.01803723,9.73256501e-06
2988,0.10729434,9.73229818e-06
2989,0.01747517,9.73203123e-06
2990,0.03299012,9.73176415e-06
2991,0.04228811,9.73149693e-06
2992,0.00870361,9.73122959e-06
2993,0.00755201,9.73096212e-06
2994,0.00498420,9.73069452e-06
2995,0.00555062,9.73042679e-06
2996,0.00684010,9.73015894e-06
2997,0.00486462,9.72989095e-06
2998,0.01062354,9.72962283e-06
2999,0.00311386,9.72935458e-06
3000,0.00226919,9.72908621e-06
3001,0.00482541,9.7288177e-06
3002,0.02614211,9.72854907e-06
3003,0.00571122,9.72828031e-06
3004,0.00802021,9.72801141e-06
3005,0.00887967,9.72774239e-06
3006,0.00574326,9.72747324e-06
3007,0.00701830,9.72720396e-06
3008,0.01578661,9.72693455e-06
3009,0.01423778,9.72666501e-06
3010,0.01117426,9.72639534e-06
3011,0.00674736,9.72612554e-06
3012,0.00390585,9.72585562e-06
3013,0.05040399,9.72558556e-06
3014,0.00824404,9.72531538e-06
3015,0.01115818,9.72504506e-06
3016,0.01957560,9.72477462e-06
3017,0.01092214,9.72450405e-06
3018,0.01271344,9.72423334e-06
3019,0.00743839,9.72396251e-06
3020,0.00829137,9.72369155e-06
3021,0.01973691,9.72342046e-06
3022,0.01610301,9.72314924e-06
3023,0.00359943,9.7228779e-06
3024,0.01957226,9.72260642e-06
3025,0.01322675,9.72233481e-06
3026,0.00507737,9.72206308e-06
3027,0.01506123,9.72179122e-06
3028,0.01894126,9.72151922e-06
3029,0.00765321,9.7212471e-06
3030,0.00958325,9.72097485e-06
3031,0.00301203,9.72070247e-06
3032,0.00309844,9.72042996e-06
3033,0.00393108,9.72015732e-06
3034,0.00682622,9.71988455e-06
3035,0.00448014,9.71961166e-06
3036,0.00451663,9.71933863e-06
3037,0.00903715,9.71906548e-06
3038,0.05645574,9.71879219e-06
3039,0.04466811,9.71851878e-06
3040,0.00424297,9.71824524e-06
3041,0.02546973,9.71797157e-06
3042,0.01576162,9.71769777e-06
3043,0.00833031,9.71742384e-06
3044,0.00396746,9.71714978e-06
3045,0.01025273,9.7168756e-06
3046,0.02521538,9.71660128e-06
3047,0.00281392,9.71632684e-06
3048,0.01563018,9.71605226e-06
3049,0.00499873,9.71577756e-06
3050,0.00985911,9.71550273e-06
3051,0.02132635,9.71522777e-06
3052,0.00416875,9.71495268e-06
3053,0.00573737,9.71467746e-06
3054,0.00643630,9.71440211e-06
3055,0.00435408,9.71412664e-06
3056,0.00688812,9.71385103e-06
3057,0.01254866,9.7135753e-06
3058,0.01193657,9.71329944e-06
3059,0.01257117,9.71302345e-06
3060,0.01367198,9.71274733e-06
3061,0.01367278,9.71247108e-06
3062,0.00741361,9.7121947e-06
3063,0.00570139,9.71191819e-06
3064,0.00754154,9.71164156e-06
3065,0.01517155,9.71136479e-06
3066,0.00429126,9.7110879e-06
3067,0.00323765,9.71081088e-06
3068,0.00559157,9.71053373e-06
3069,0.00685695,9.71025645e-06
3070,0.00290751,9.70997904e-06
3071,0.08206594,9.7097015e-06
3072,0.00597576,9.70942384e-06
3073,0.00884754,9.70914604e-06
3074,0.01260807,9.70886812e-06
3075,0.00669179,9.70859007e-06
3076,0.00303571,9.70831189e-06
3077,0.09019983,9.70803358e-06
3078,0.00336258,9.70775514e-06
3079,0.00626884,9.70747657e-06
3080,0.01795692,9.70719788e-06
3081,0.01491560,9.70691905e-06
3082,0.01208649,9.7066401e-06
3083,0.00212971,9.70636102e-06
3084,0.00269395,9.70608181e-06
3085,0.00647781,9.70580247e-06
3086,0.00261541,9.705523e-06
3087,0.01380724,9.70524341e-06
3088,0.01383500,9.70496368e-06
3089,0.01176837,9.70468383e-06
3090,0.01097622,9.70440384e-06
3091,0.00327429,9.70412373e-06
3092,0.01223083,9.70384349e-06
3093,0.00286114,9.70356313e-06
3094,0.00726873,9.70328263e-06
3095,0.01355010,9.703002e-06
3096,0.01426644,9.70272125e-06
3097,0.05135687,9.70244037e-06
3098,0.04356650,9.70215936e-06
3099,0.02437751,9.70187822e-06
3100,0.00369256,9.70159695e-06
3101,0.00450385,9.70131555e-06
3102,0.00416557,9.70103403e-06
3103,0.01271014,9.70075238e-06
3104,0.00578620,9.70047059e-06
3105,0.00744344,9.70018868e-06
3106,0.00492410,9.69990664e-06
3107,0.00202492,9.69962448e-06
3108,0.00166360,9.69934218e-06
3109,0.00347523,9.69905976e-06
3110,0.00485265,9.6987772e-06
3111,0.00401306,9.69849452e-06
3112,0.00250568,9.69821171e-06
3113,0.00676145,9.69792877e-06
3114,0.00523574,9.69764571e-06
3115,0.00955618,9.69736251e-06
3116,0.00382275,9.69707919e-06
3117,0.00605884,9.69679573e-06
3118,0.06705547,9.69651215e-06
3119,0.01326909,9.69622845e-06
3120,0.00535655,9.69594461e-06
3121,0.00485132,9.69566064e-06
3122,0.00342006,9.69537655e-06
3123,0.01537724,9.69509233e-06
3124,0.00845948,9.69480797e-06
3125,0.01414315,9.6945235e-06
3126,0.00692725,9.69423889e-06
3127,0.00388926,9.69395415e-06
3128,0.02112354,9.69366929e-06
3129,0.00283095,9.6933843e-06
3130,0.00743499,9.69309917e-06
3131,0.00350995,9.69281393e-06
3132,0.05615245,9.69252855e-06
3133,0.10293080,9.69224304e-06
3134,0.00680420,9.69195741e-06
3135,0.01352329,9.69167165e-06
3136,0.00334294,9.69138576e-06
3137,0.01003104,9.69109974e-06
3138,0.03639881,9.69081359e-06
3139,0.00609916,9.69052731e-06
3140,0.00589109,9.69024091e-06
3141,0.00268352,9.68995438e-06
3142,0.00986927,9.68966772e-06
3143,0.00599128,9.68938093e-06
3144,0.01417300,9.68909401e-06
3145,0.01150048,9.68880697e-06
3146,0.01378900,9.6885198e-06
3147,0.00372557,9.6882325e-06
3148,0.00960537,9.68794507e-06
3149,0.00974460,9.68765751e-06
3150,0.00552745,9.68736982e-06
3151,0.00269246,9.68708201e-06
3152,0.00635820,9.68679407e-06
3153,0.00830326,9.686506e-06
3154,0.00766548,9.6862178e-06
3155,0.00755599,9.68592948e-06
3156,0.00972592,9.68564102e-06
3157,0.01923848,9.68535244e-06
3158,0.00519955,9.68506373e-06
3159,0.02391130,9.68477489e-06
3160,0.00784701,9.68448592e-06
3161,0.11673109,9.68419683e-06
3162,0.00569883,9.68390761e-06
3163,0.01158252,9.68361825e-06
3164,0.00976650,9.68332878e-06
3165,0.03213895,9.68303917e-06
3166,0.01179362,9.68274943e-06
3167,0.01588830,9.68245957e-06
3168,0.01918891,9.68216958e-06
3169,0.00838441,9.68187946e-06
3170,0.00641574,9.68158921e-06
3171,0.00789091,9.68129884e-06
3172,0.01661746,9.68100834e-06
3173,0.01748163,9.6807177e-06
3174,0.01440975,9.68042695e-06
3175,0.01544197,9.68013606e-06
3176,0.00442644,9.67984504e-06
3177,0.00896521,9.6795539e-06
3178,0.00816570,9.67926263e-06
3179,0.00736096,9.67897123e-06
3180,0.00425914,9.67867971e-06
3181,0.01096660,9.67838805e-06
3182,0.00430795,9.67809627e-06
3183,0.01996493,9.67780436e-06
3184,0.00841027,9.67751232e-06
3185,0.02938037,9.67722015e-06
3186,0.00344081,9.67692786e-06
3187,0.00309957,9.67663544e-06
3188,0.00319780,9.67634289e-06
3189,0.00460499,9.67605021e-06
3190,0.00776691,9.67575741e-06
3191,0.00545545,9.67546447e-06
3192,0.00662844,9.67517141e-06
3193,0.02423047,9.67487822e-06
3194,0.00759622,9.67458491e-06
3195,0.00546035,9.67429146e-06
3196,0.00242164,9.67399789e-06
3197,0.02350973,9.67370419e-06
3198,0.00559419,9.67341036e-06
3199,0.01080160,9.67311641e-06
3200,0.00628237,9.67282232e-06
3201,0.00368808,9.67252811e-06
3202,0.00697647,9.67223377e-06
3203,0.00588843,9.67193931e-06
3204,0.00458653,9.67164471e-06
3205,0.03655324,9.67134999e-06
3206,0.01673658,9.67105514e-06
3207,0.00657645,9.67076016e-06
3208,0.00618458,9.67046506e-06
3209,0.07241299,9.67016983e-06
3210,0.01549493,9.66987446e-06
3211,0.00375276,9.66957898e-06
3212,0.00914141,9.66928336e-06
3213,0.00608284,9.66898762e-06
3214,0.01305753,9.66869175e-06
3215,0.01473087,9.66839575e-06
3216,0.00716818,9.66809962e-06
3217,0.00773116,9.66780337e-06
3218,0.01001297,9.66750699e-06
3219,0.00709366,9.66721048e-06
3220,0.08165093,9.66691384e-06
3221,0.00832600,9.66661707e-06
3222,0.01501522,9.66632018e-06
3223,0.02014084,9.66602316e-06
3224,0.00439001,9.66572602e-06
3225,0.00537370,9.66542874e-06
3226,0.00880379,9.66513134e-06
3227,0.01057474,9.66483381e-06
3228,0.01270952,9.66453615e-06
3229,0.00867231,9.66423837e-06
3230,0.01139265,9.66394045e-06
3231,0.00832962,9.66364241e-06
3232,0.02569680,9.66334425e-06
3233,0.00513025,9.66304595e-06
3234,0.00910644,9.66274753e-06
3235,0.00384287,9.66244898e-06
3236,0.01011026,9.6621503e-06
3237,0.00543613,9.6618515e-06
3238,0.01502403,9.66155257e-06
3239,0.02087951,9.66125351e-06
3240,0.01555419,9.66095432e-06
3241,0.01118482,9.660655e-06
3242,0.00822930,9.66035556e-06
3243,0.01449376,9.66005599e-06
3244,0.02810271,9.6597563e-06
3245,0.00660508,9.65945647e-06
3246,0.03097219,9.65915652e-06
3247,0.00387191,9.65885644e-06
3248,0.01013149,9.65855624e-06
3249,0.02931547,9.6582559e-06
3250,0.01736393,9.65795544e-06
3251,0.02098643,9.65765485e-06
3252,0.00697734,9.65735414e-06
3253,0.01873527,9.65705329e-06
3254,0.00574760,9.65675232e-06
3255,0.00543632,9.65645122e-06
3256,0.01094492,9.65615e-06
3257,0.03837361,9.65584865e-06
3258,0.01285781,9.65554717e-06
3259,0.01086840,9.65524556e-06
3260,0.00593466,9.65494383e-06
3261,0.00499035,9.65464197e-06
3262,0.01501439,9.65433998e-06
3263,0.01047426,9.65403786e-06
3264,0.00676589,9.65373562e-06
3265,0.00392418,9.65343325e-06
3266,0.00990052,9.65313075e-06
3267,0.06971550,9.65282812e-06
3268,0.00590466,9.65252537e-06
3269,0.00535819,9.65222249e-06
3270,0.00581199,9.65191949e-06
3271,0.00340575,9.65161635e-06
3272,0.00661179,9.65131309e-06
3273,0.04137553,9.6510097e-06
3274,0.00381920,9.65070619e-06
3275,0.00488900,9.65040255e-06
3276,0.03088729,9.65009878e-06
3277,0.01265496,9.64979488e-06
3278,0.00834540,9.64949086e-06
3279,0.00653409,9.64918671e-06
3280,0.00358727,9.64888243e-06
3281,0.00653633,9.64857802e-06
3282,0.00388015,9.64827349e-06
3283,0.01745902,9.64796883e-06
3284,0.00724619,9.64766405e-06
3285,0.00277243,9.64735913e-06
3286,0.00828397,9.64705409e-06
3287,0.00381714,9.64674893e-06
3288,0.05236533,9.64644363e-06
3289,0.00503800,9.64613821e-06
3290,0.00413261,9.64583266e-06
3291,0.00367530,9.64552699e-06
3292,0.00585930,9.64522118e-06
3293,0.00582219,9.64491525e-06
3294,0.00806118,9.6446092e-06
3295,0.00708024,9.64430301e-06
3296,0.00420419,9.6439967e-06
3297,0.00459985,9.64369027e-06
3298,0.00582185,9.6433837e-06
3299,0.00568450,9.64307701e-06
3300,0.02327396,9.64277019e-06
3301,0.00733263,9.64246325e-06
3302,0.01205436,9.64215618e-06
3303,0.01852126,9.64184898e-06
3304,0.00157927,9.64154165e-06
3305,0.00512875,9.6412342e-06
3306,0.00823949,9.64092662e-06
3307,0.00430202,9.64061891e-06
3308,0.00607626,9.64031108e-06
3309,0.00568861,9.64000312e-06
3310,0.01239013,9.63969503e-06
3311,0.00603743,9.63938682e-06
3312,0.00556282,9.63907848e-06
3313,0.01500525,9.63877001e-06
3314,0.02228629,9.63846141e-06
3315,0.00662078,9.63815269e-06
3316,0.01589216,9.63784384e-06
3317,0.10093915,9.63753487e-06
3318,0.01291927,9.63722577e-06
3319,0.05374335,9.63691654e-06
3320,0.00515432,9.63660718e-06
3321,0.00942978,9.6362977e-06
3322,0.00365722,9.63598809e-06
3323,0.00580119,9.63567836e-06
3324,0.00270384,9.63536849e-06
3325,0.02029901,9.63505851e-06
3326,0.00507842,9.63474839e-06
3327,0.03246125,9.63443815e-06
3328,0.02808010,9.63412778e-06
3329,0.00393593,9.63381728e-06
3330,0.00469971,9.63350666e-06
3331,0.02517273,9.63319591e-06
3332,0.06952424,9.63288503e-06
3333,0.00269243,9.63257403e-06
3334,0.00304950,9.6322629e-06
3335,0.00708909,9.63195165e-06
3336,0.00712496,9.63164026e-06
3337,0.00371305,9.63132876e-06
3338,0.00763971,9.63101712e-06
3339,0.00631116,9.63070536e-06
3340,0.00886462,9.63039347e-06
3341,0.02174449,9.63008145e-06
3342,0.00568066,9.62976931e-06
3343,0.01583689,9.62945704e-06
3344,0.00600498,9.62914465e-06
3345,0.01160773,9.62883212e-06
3346,0.00508335,9.62851948e-06
3347,0.00708107,9.6282067e-06
3348,0.00527966,9.6278938e-06
3349,0.00654825,9.62758077e-06
3350,0.00774934,9.62726762e-06
3351,0.00184324,9.62695434e-06
3352,0.00745077,9.62664093e-06
3353,0.00225235,9.62632739e-06
3354,0.00229581,9.62601373e-06
3355,0.00999804,9.62569995e-06
3356,0.00774395,9.62538603e-06
3357,0.00302940,9.62507199e-06
3358,0.00496700,9.62475783e-06
3359,0.01197922,9.62444354e-06
3360,0.00235132,9.62412912e-06
3361,0.00380097,9.62381457e-06
3362,0.00675951,9.6234999e-06
3363,0.00707116,9.6231851e-06
3364,0.00794495,9.62287018e-06
3365,0.05040968,9.62255512e-06
3366,0.01555317,9.62223995e-06
3367,0.00647716,9.62192464e-06
3368,0.00364473,9.62160921e-06
3369,0.00498160,9.62129366e-06
3370,0.00295642,9.62097797e-06
3371,0.00930525,9.62066216e-06
3372,0.00272611,9.62034623e-06
3373,0.02566567,9.62003017e-06
3374,0.00375183,9.61971398e-06
3375,0.00375248,9.61939766e-06
3376,0.00231557,9.61908122e-06
3377,0.01293474,9.61876465e-06
3378,0.00552711,9.61844796e-06
3379,0.00511343,9.61813114e-06
3380,0.00575694,9.6178142e-06
3381,0.00632069,9.61749712e-06
3382,0.00884288,9.61717992e-06
3383,0.05220937,9.6168626e-06
3384,0.00732017,9.61654515e-06
3385,0.00221112,9.61622757e-06
3386,0.00614990,9.61590987e-06
3387,0.01114867,9.61559204e-06
3388,0.03025825,9.61527408e-06
3389,0.01395590,9.614956e-06
3390,0.01649659,9.61463779e-06
3391,0.01195790,9.61431946e-06
3392,0.02837974,9.614001e-06
3393,0.00832123,9.61368241e-06
3394,0.00908392,9.6133637e-06
3395,0.01639529,9.61304486e-06
3396,0.00521674,9.6127259e-06
3397,0.00554014,9.6124068e-06
3398,0.02548430,9.61208759e-06
3399,0.00542162,9.61176824e-06
3400,0.00525200,9.61144877e-06
3401,0.00876771,9.61112918e-06
3402,0.00313729,9.61080946e-06
3403,0.00235153,9.61048961e-06
3404,0.00838381,9.61016964e-06
3405,0.01907075,9.60984954e-06
3406,0.00743773,9.60952931e-06
3407,0.00453845,9.60920896e-06
3408,0.00710184,9.60888848e-06
3409,0.00395508,9.60856788e-06
3410,0.00310444,9.60824715e-06
3411,0.00413095,9.60792629e-06
3412,0.00444164,9.60760531e-06
3413,0.00251743,9.6072842e-06
3414,0.00573749,9.60696297e-06
3415,0.00481849,9.60664161e-06
3416,0.00688853,9.60632013e-06
3417,0.00426253,9.60599851e-06
3418,0.02138193,9.60567678e-06
3419,0.00161604,9.60535491e-06
3420,0.00405451,9.60503292e-06
3421,0.01092305,9.60471081e-06
3422,0.00652567,9.60438857e-06
3423,0.00263124,9.6040662e-06
3424,0.00252050,9.60374371e-06
3425,0.01116700,9.60342109e-06
3426,0.07491645,9.60309835e-06
3427,0.04410977,9.60277548e-06
3428,0.02217783,9.60245248e-06
3429,0.00363776,9.60212936e-06
3430,0.00476096,9.60180611e-06
3431,0.04232862,9.60148274e-06
3432,0.00665164,9.60115924e-06
3433,0.00642230,9.60083561e-06
3434,0.00455854,9.60051186e-06
3435,0.00894634,9.60018798e-06
3436,0.00892332,9.59986398e-06
3437,0.00738183,9.59953985e-06
3438,0.00487617,9.5992156e-06
3439,0.00431682,9.59889122e-06
3440,0.00282184,9.59856671e-06
3441,0.02197908,9.59824208e-06
3442,0.00495182,9.59791733e-06
3443,0.01976170,9.59759244e-06
3444,0.01553693,9.59726743e-06
3445,0.08379832,9.5969423e-06
3446,0.00415271,9.59661704e-06
3447,0.00579918,9.59629166e-06
3448,0.00264706,9.59596614e-06
3449,0.01246309,9.59564051e-06
3450,0.01000386,9.59531475e-06
3451,0.03592039,9.59498886e-06
3452,0.00562337,9.59466284e-06
3453,0.00872337,9.59433671e-06
3454,0.00559638,9.59401044e-06
3455,0.00636365,9.59368405e-06
3456,0.00533360,9.59335753e-06
3457,0.00652109,9.59303089e-06
3458,0.01256424,9.59270413e-06
3459,0.05411706,9.59237723e-06
3460,0.01654105,9.59205021e-06
3461,0.03640004,9.59172307e-06
3462,0.00851456,9.5913958e-06
3463,0.00927902,9.59106841e-06
3464,0.00428348,9.59074089e-06
3465,0.01436015,9.59041324e-06
3466,0.00678586,9.59008547e-06
3467,0.00180996,9.58975757e-06
3468,0.01267079,9.58942955e-06
3469,0.03699268,9.5891014e-06
3470,0.00222866,9.58877313e-06
3471,0.01139146,9.58844473e-06
3472,0.00662768,9.58811621e-06
3473,0.00353814,9.58778756e-06
3474,0.00455164,9.58745878e-06
3475,0.00862462,9.58712988e-06
3476,0.00544349,9.58680085e-06
3477,0.03006167,9.5864717e-06
3478,0.00988889,9.58614243e-06
3479,0.00848767,9.58581302e-06
3480,0.00670776,9.5854835e-06
3481,0.04060889,9.58515384e-06
3482,0.02074525,9.58482407e-06
3483,0.00547948,9.58449416e-06
3484,0.00237329,9.58416413e-06
3485,0.00578793,9.58383398e-06
3486,0.01389156,9.5835037e-06
3487,0.04989461,9.5831733e-06
3488,0.00872542,9.58284276e-06
3489,0.01473530,9.58251211e-06
3490,0.02955855,9.58218133e-06
3491,0.01079562,9.58185042e-06
3492,0.00491319,9.58151939e-06
3493,0.00690528,9.58118824e-06
3494,0.01732086,9.58085695e-06
3495,0.02174106,9.58052555e-06
3496,0.04293045,9.58019401e-06
3497,0.01230803,9.57986236e-06
3498,0.02659047,9.57953057e-06
3499,0.04505542,9.57919867e-06
3500,0.01486608,9.57886663e-06
3501,0.03937917,9.57853448e-06
3502,0.00665026,9.57820219e-06
3503,0.00547966,9.57786978e-06
3504,0.03281296,9.57753725e-06
3505,0.00316407,9.57720459e-06
3506,0.00434770,9.57687181e-06
3507,0.00948056,9.5765389e-06
3508,0.00961097,9.57620586e-06
3509,0.00576471,9.5758727e-06
3510,0.01626803,9.57553942e-06
3511,0.01612705,9.57520601e-06
3512,0.01220453,9.57487248e-06
3513,0.04820587,9.57453882e-06
3514,0.01466865,9.57420503e-06
3515,0.00665783,9.57387112e-06
3516,0.02200875,9.57353709e-06
3517,0.00268124,9.57320293e-06
3518,0.02261870,9.57286864e-06
3519,0.02113234,9.57253423e-06
3520,0.01451203,9.5721997e-06
3521,0.01818993,9.57186504e-06
3522,0.01389261,9.57153025e-06
3523,0.01887013,9.57119534e-06
3524,0.01627911,9.57086031e-06
3525,0.00725630,9.57052515e-06
3526,0.00982941,9.57018986e-06
3527,0.00191744,9.56985445e-06
3528,0.00759083,9.56951892e-06
3529,0.01619628,9.56918326e-06
3530,0.01048517,9.56884747e-06
3531,0.00878679,9.56851156e-06
3532,0.00744600,9.56817553e-06
3533,0.00380247,9.56783937e-06
3534,0.00971220,9.56750308e-06
3535,0.00363558,9.56716668e-06
3536,0.01454950,9.56683014e-06
3537,0.00236620,9.56649348e-06
3538,0.04955711,9.5661567e-06
3539,0.02403545,9.56581979e-06
3540,0.01611178,9.56548276e-06
3541,0.00861237,9.5651456e-06
3542,0.00594072,9.56480832e-06
3543,0.02186042,9.56447091e-06
3544,0.00720546,9.56413338e-06
3545,0.00342117,9.56379572e-06
3546,0.00482688,9.56345794e-06
3547,0.01054833,9.56312003e-06
3548,0.02014403,9.562782e-06
3549,0.00503126,9.56244384e-06
3550,0.00680052,9.56210556e-06
3551,0.00590384,9.56176716e-06
3552,0.01010039,9.56142862e-06
3553,0.00739760,9.56108997e-06
3554,0.00800483,9.56075119e-06
3555,0.01597470,9.56041229e-06
3556,0.01335346,9.56007326e-06
3557,0.00684915,9.5597341e-06
3558,0.00343172,9.55939482e-06
3559,0.13353979,9.55905542e-06
3560,0.01311909,9.55871589e-06
3561,0.00431498,9.55837624e-06
3562,0.00289527,9.55803646e-06
3563,0.00405837,9.55769656e-06
3564,0.05815749,9.55735653e-06
3565,0.01250493,9.55701638e-06
3566,0.00401141,9.55667611e-06
3567,0.00165174,9.55633571e-06
3568,0.01879341,9.55599518e-06
3569,0.01143839,9.55565453e-06
3570,0.00638215,9.55531376e-06
3571,0.00323289,9.55497286e-06
3572,0.02163862,9.55463184e-06
3573,0.00592684,9.55429069e-06
3574,0.02584317,9.55394942e-06
3575,0.00761141,9.55360802e-06
3576,0.00634684,9.5532665e-06
3577,0.04021192,9.55292486e-06
3578,0.08456339,9.55258309e-06
3579,0.01422076,9.55224119e-06
3580,0.08181816,9.55189917e-06
3581,0.00713943,9.55155703e-06
3582,0.00393823,9.55121476e-06
3583,0.03288123,9.55087237e-06
3584,0.00318387,9.55052985e-06
3585,0.00951048,9.55018721e-06
3586,0.01592589,9.54984445e-06
3587,0.00952349,9.54950156e-06
3588,0.00303453,9.54915854e-06
3589,0.01611322,9.5488154e-06
3590,0.08561805,9.54847214e-06
3591,0.01085031,9.54812875e-06
3592,0.01270140,9.54778524e-06
3593,0.01161128,9.54744161e-06
3594,0.00617582,9.54709785e-06
3595,0.00255571,9.54675396e-06
3596,0.00488566,9.54640995e-06
3597,0.00675712,9.54606582e-06
3598,0.00360312,9.54572156e-06
3599,0.00402185,9.54537718e-06
3600,0.00925237,9.54503268e-06
3601,0.00469363,9.54468805e-06
3602,0.01742967,9.54434329e-06
3603,0.00433104,9.54399841e-06
3604,0.00846516,9.54365341e-06
3605,0.01198897,9.54330828e-06
3606,0.00362279,9.54296303e-06
3607,0.00921910,9.54261765e-06
3608,0.00354292,9.54227215e-06
3609,0.00358250,9.54192653e-06
3610,0.00594322,9.54158078e-06
3611,0.00605185,9.54123491e-06
3612,0.00283436,9.54088891e-06
3613,0.01704546,9.54054279e-06
3614,0.02414918,9.54019655e-06
3615,0.03540377,9.53985018e-06
3616,0.00952831,9.53950369e-06
3617,0.01585611,9.53915707e-06
3618,0.00626198,9.53881033e-06
3619,0.00247735,9.53846346e-06
3620,0.00494756,9.53811647e-06
3621,0.00667446,9.53776936e-06
3622,0.00705604,9.53742212e-06
3623,0.00568167,9.53707476e-06
3624,0.00398418,9.53672728e-06
3625,0.00895554,9.53637967e-06
3626,0.00571976,9.53603193e-06
3627,0.00318152,9.53568407e-06
3628,0.00235496,9.53533609e-06
3629,0.02224430,9.53498799e-06
3630,0.00578912,9.53463976e-06
3631,0.02414444,9.5342914e-06
3632,0.00640532,9.53394293e-06
3633,0.00383220,9.53359432e-06
3634,0.00138214,9.5332456e-06
3635,0.00956376,9.53289675e-06
3636,0.00633892,9.53254778e-06
3637,0.00213751,9.53219868e-06
3638,0.00232552,9.53184946e-06
3639,0.02003542,9.53150011e-06
3640,0.00454464,9.53115064e-06
3641,0.00786010,9.53080105e-06
3642,0.01866992,9.53045133e-06
3643,0.00902055,9.53010149e-06
3644,0.01344353,9.52975153e-06
3645,0.01479840,9.52940144e-06
3646,0.00680950,9.52905123e-06
3647,0.01150238,9.52870089e-06
3648,0.02651242,9.52835043e-06
3649,0.00192286,9.52799985e-06
3650,0.01022346,9.52764914e-06
3651,0.00680245,9.52729831e-06
3652,0.16080938,9.52694736e-06
3653,0.01372816,9.52659628e-06
3654,0.00378056,9.52624508e-06
3655,0.01030441,9.52589375e-06
3656,0.00335278,9.5255423e-06
3657,0.00306014,9.52519073e-06
3658,0.01085095,9.52483903e-06
3659,0.01604556,9.52448721e-06
3660,0.08606935,9.52413526e-06
3661,0.00518356,9.52378319e-06
3662,0.00377742,9.523431e-06
3663,0.00345081,9.52307869e-06
3664,0.00342795,9.52272625e-06
3665,0.00448439,9.52237368e-06
3666,0.03372239,9.522021e-06
3667,0.00585756,9.52166819e-06
3668,0.07753938,9.52131525e-06
3669,0.01261029,9.52096219e-06
3670,0.00621681,9.52060901e-06
3671,0.02700845,9.52025571e-06
3672,0.03535609,9.51990228e-06
3673,0.02005464,9.51954873e-06
3674,0.01418024,9.51919505e-06
3675,0.00848717,9.51884125e-06
3676,0.00401760,9.51848733e-06
3677,0.01924254,9.51813329e-06
3678,0.00877150,9.51777912e-06
3679,0.00610492,9.51742482e-06
3680,0.01162030,9.51707041e-06
3681,0.00557111,9.51671587e-06
3682,0.00653420,9.5163612e-06
3683,0.00769264,9.51600641e-06
3684,0.01304375,9.5156515e-06
3685,0.00445141,9.51529647e-06
3686,0.01059047,9.51494131e-06
3687,0.00406974,9.51458603e-06
3688,0.00818503,9.51423063e-06
3689,0.01072691,9.5138751e-06
3690,0.01657180,9.51351945e-06
3691,0.01115442,9.51316367e-06
3692,0.00885316,9.51280778e-06
3693,0.01332730,9.51245175e-06
3694,0.01854090,9.51209561e-06
3695,0.00451440,9.51173934e-06
3696,0.00412235,9.51138295e-06
3697,0.00428680,9.51102643e-06
3698,0.00824281,9.5106698e-06
3699,0.01774995,9.51031304e-06
3700,0.00553388,9.50995615e-06
3701,0.00596626,9.50959914e-06
3702,0.01652471,9.50924201e-06
3703,0.00257541,9.50888476e-06
3704,0.05201570,9.50852738e-06
3705,0.02104856,9.50816988e-06
3706,0.03809747,9.50781225e-06
3707,0.08761272,9.50745451e-06
3708,0.02007418,9.50709663e-06
3709,0.01502188,9.50673864e-06
3710,0.00853656,9.50638052e-06
3711,0.01765431,9.50602228e-06
3712,0.01146257,9.50566392e-06
3713,0.04578282,9.50530543e-06
3714,0.01919880,9.50494682e-06
3715,0.01452224,9.50458809e-06
3716,0.01103807,9.50422923e-06
3717,0.04790938,9.50387025e-06
3718,0.00380523,9.50351115e-06
3719,0.00564912,9.50315192e-06
3720,0.00452694,9.50279258e-06
3721,0.00902748,9.5024331e-06
3722,0.00676204,9.50207351e-06
3723,0.00415993,9.50171379e-06
3724,0.00327891,9.50135395e-06
3725,0.00322780,9.50099398e-06
3726,0.00394319,9.5006339e-06
3727,0.01091023,9.50027369e-06
3728,0.00622194,9.49991335e-06
3729,0.00559780,9.4995529e-06
3730,0.00673915,9.49919232e-06
3731,0.00642214,9.49883162e-06
3732,0.00129934,9.49847079e-06
3733,0.01125048,9.49810984e-06
3734,0.01236183,9.49774877e-06
3735,0.11942264,9.49738758e-06
3736,0.01148092,9.49702626e-06
3737,0.00298302,9.49666482e-06
3738,0.01448423,9.49630325e-06
3739,0.00399512,9.49594157e-06
3740,0.00748829,9.49557976e-06
3741,0.00566013,9.49521783e-06
3742,0.00999579,9.49485577e-06
3743,0.06702606,9.49449359e-06
3744,0.01242305,9.49413129e-06
3745,0.00515134,9.49376887e-06
3746,0.00647436,9.49340632e-06
3747,0.00393742,9.49304365e-06
3748,0.00551861,9.49268086e-06
3749,0.01120965,9.49231795e-06
3750,0.02367152,9.49195491e-06
3751,0.02920247,9.49159175e-06
3752,0.03685186,9.49122847e-06
3753,0.03899709,9.49086506e-06
3754,0.01225979,9.49050153e-06
3755,0.00474949,9.49013788e-06
3756,0.00367541,9.4897741e-06
3757,0.01579679,9.48941021e-06
3758,0.00480578,9.48904619e-06
3759,0.00841938,9.48868204e-06
3760,0.00469086,9.48831778e-06
3761,0.00641018,9.48795339e-06
3762,0.00530616,9.48758888e-06
3763,0.00770979,9.48722425e-06
3764,0.00209185,9.48685949e-06
3765,0.00943993,9.48649461e-06
3766,0.00220672,9.48612961e-06
3767,0.01223054,9.48576449e-06
3768,0.00591913,9.48539924e-06
3769,0.00721296,9.48503387e-06
3770,0.01928688,9.48466838e-06
3771,0.00682582,9.48430276e-06
3772,0.00412705,9.48393703e-06
3773,0.00516015,9.48357117e-06
3774,0.00642010,9.48320518e-06
3775,0.01406763,9.48283908e-06
3776,0.00288610,9.48247285e-06
3777,0.01450214,9.4821065e-06
3778,0.00374200,9.48174003e-06
3779,0.00837350,9.48137343e-06
3780,0.01890392,9.48100672e-06
3781,0.01289929,9.48063988e-06
3782,0.00612255,9.48027291e-06
3783,0.00724703,9.47990583e-06
3784,0.00516042,9.47953862e-06
3785,0.00612083,9.47917129e-06
3786,0.00617248,9.47880384e-06
3787,0.00559392,9.47843626e-06
3788,0.00314358,9.47806857e-06
3789,0.00163730,9.47770075e-06
3790,0.00379601,9.4773328e-06
3791,0.01480907,9.47696474e-06
3792,0.00378798,9.47659655e-06
3793,0.01140246,9.47622824e-06
3794,0.00566472,9.47585981e-06
3795,0.00719594,9.47549126e-06
3796,0.00381973,9.47512258e-06
3797,0.00354816,9.47475378e-06
3798,0.01091990,9.47438486e-06
3799,0.01469996,9.47401582e-06
3800,0.00609376,9.47364665e-06
3801,0.00128065,9.47327736e-06
3802,0.01864091,9.47290795e-06
3803,0.00356446,9.47253842e-06
3804,0.00338783,9.47216876e-06
3805,0.00584648,9.47179899e-06
3806,0.00593349,9.47142909e-06
3807,0.00444548,9.47105906e-06
3808,0.00553050,9.47068892e-06
3809,0.09752076,9.47031865e-06
3810,0.00357377,9.46994826e-06
3811,0.02201259,9.46957775e-06
3812,0.00917714,9.46920712e-06
3813,0.00699658,9.46883637e-06
3814,0.00256846,9.46846549e-06
3815,0.00221775,9.46809449e-06
3816,0.05037599,9.46772337e-06
3817,0.00501574,9.46735212e-06
3818,0.00819163,9.46698076e-06
3819,0.00196683,9.46660927e-06
3820,0.00292045,9.46623766e-06
3821,0.00706465,9.46586593e-06
3822,0.00714578,9.46549407e-06
3823,0.01163167,9.4651221e-06
3824,0.02582442,9.46475e-06
3825,0.00874827,9.46437778e-06
3826,0.01627405,9.46400543e-06
3827,0.00430397,9.46363297e-06
3828,0.01169661,9.46326038e-06
3829,0.01191226,9.46288767e-06
3830,0.00943408,9.46251484e-06
3831,0.00832815,9.46214189e-06
3832,0.00592950,9.46176882e-06
3833,0.00781898,9.46139562e-06
3834,0.00375884,9.4610223e-06
3835,0.00747923,9.46064886e-06
3836,0.04826059,9.4602753e-06
3837,0.01031756,9.45990161e-06
3838,0.00767094,9.45952781e-06
3839,0.01848228,9.45915388e-06
3840,0.02018536,9.45877983e-06
3841,0.01320436,9.45840565e-06
3842,0.01084600,9.45803136e-06
3843,0.01527782,9.45765694e-06
3844,0.01672042,9.45728241e-06
3845,0.00616750,9.45690775e-06
3846,0.00742957,9.45653297e-06
3847,0.00764892,9.45615806e-06
3848,0.01116077,9.45578304e-06
3849,0.00525169,9.45540789e-06
3850,0.01421041,9.45503262e-06
3851,0.00302930,9.45465723e-06
3852,0.03297169,9.45428172e-06
3853,0.00700192,9.45390608e-06
3854,0.00596964,9.45353033e-06
3855,0.00604077,9.45315445e-06
3856,0.00674616,9.45277845e-06
3857,0.00778633,9.45240233e-06
3858,0.00749055,9.45202609e-06
3859,0.00899802,9.45164972e-06
3860,0.00801719,9.45127323e-06
3861,0.00589960,9.45089663e-06
3862,0.00428257,9.4505199e-06
3863,0.01932657,9.45014305e-06
3864,0.00570096,9.44976607e-06
3865,0.00230745,9.44938898e-06
3866,0.01201559,9.44901176e-06
3867,0.00458337,9.44863442e-06
3868,0.00442522,9.44825696e-06
3869,0.00555351,9.44787938e-06
3870,0.02502359,9.44750168e-06
3871,0.04730037,9.44712385e-06
3872,0.00463885,9.44674591e-06
3873,0.02347159,9.44636784e-06
3874,0.00766910,9.44598965e-06
3875,0.01877365,9.44561134e-06
3876,0.05451813,9.44523291e-06
3877,0.06740291,9.44485435e-06
3878,0.01383582,9.44447568e-06
3879,0.01506306,9.44409688e-06
3880,0.00996934,9.44371796e-06
3881,0.06260116,9.44333892e-06
3882,0.00746959,9.44295976e-06
3883,0.00594777,9.44258048e-06
3884,0.00324395,9.44220108e-06
3885,0.00204316,9.44182155e-06
3886,0.00181355,9.4414419e-06
3887,0.00373846,9.44106213e-06
3888,0.00262847,9.44068224e-06
3889,0.06791712,9.44030223e-06
3890,0.00539004,9.4399221e-06
3891,0.00328809,9.43954185e-06
3892,0.00934617,9.43916147e-06
3893,0.00831904,9.43878097e-06
3894,0.00917217,9.43840035e-06
3895,0.00535452,9.43801962e-06
3896,0.02977172,9.43763875e-06
3897,0.00397547,9.43725777e-06
3898,0.02048045,9.43687667e-06
3899,0.00331444,9.43649544e-06
3900,0.04665531,9.4361141e-06
3901,0.00556094,9.43573263e-06
3902,0.00722521,9.43535104e-06
3903,0.01158504,9.43496933e-06
3904,0.00699830,9.4345875e-06
3905,0.01287693,9.43420555e-06
3906,0.02193737,9.43382347e-06
3907,0.01463029,9.43344128e-06
3908,0.00808615,9.43305896e-06
3909,0.00866888,9.43267652e-06
3910,0.00237645,9.43229397e-06
3911,0.00378373,9.43191129e-06
3912,0.00909103,9.43152849e-06
3913,0.00430060,9.43114556e-06
3914,0.00621248,9.43076252e-06
3915,0.01475717,9.43037936e-06
3916,0.00306012,9.42999607e-06
3917,0.00342932,9.42961266e-06
3918,0.00587388,9.42922914e-06
3919,0.02805142,9.42884549e-06
3920,0.00449335,9.42846172e-06
3921,0.00522275,9.42807783e-06
3922,0.09858319,9.42769382e-06
3923,0.00864598,9.42730968e-06
3924,0.00505186,9.42692543e-06
3925,0.00628015,9.42654105e-06
3926,0.01012214,9.42615656e-06
3927,0.00677431,9.42577194e-06
3928,0.00271086,9.4253872e-06
3929,0.01564113,9.42500234e-06
3930,0.00746490,9.42461736e-06
3931,0.00920203,9.42423226e-06
3932,0.00305697,9.42384704e-06
3933,0.00821952,9.4234617e-06
3934,0.07354928,9.42307623e-06
3935,0.00440332,9.42269065e-06
3936,0.00878871,9.42230494e-06
3937,0.00685691,9.42191911e-06
3938,0.01448897,9.42153317e-06
3939,0.01151158,9.4211471e-06
3940,0.00315405,9.42076091e-06
3941,0.02969224,9.4203746e-06
3942,0.03440124,9.41998817e-06
3943,0.00994504,9.41960162e-06
3944,0.03706580,9.41921494e-06
3945,0.00544651,9.41882815e-06
3946,0.00428690,9.41844124e-06
3947,0.00767858,9.4180542e-06
3948,0.00761420,9.41766705e-06
3949,0.00762858,9.41727977e-06
3950,0.00840624,9.41689237e-06
3951,0.00228907,9.41650485e-06
3952,0.00156879,9.41611721e-06
3953,0.01029639,9.41572945e-06
3954,0.00567889,9.41534157e-06
3955,0.00302429,9.41495357e-06
3956,0.00133007,9.41456545e-06
3957,0.02044522,9.41417721e-06
3958,0.00927076,9.41378885e-06
3959,0.00712518,9.41340036e-06
3960,0.00426745,9.41301176e-06
3961,0.00435978,9.41262303e-06
3962,0.00226071,9.41223419e-06
3963,0.02593018,9.41184522e-06
3964,0.01463851,9.41145613e-06
3965,0.00284623,9.41106692e-06
3966,0.11696206,9.4106776e-06
3967,0.01526735,9.41028815e-06
3968,0.00390301,9.40989858e-06
3969,0.00339299,9.40950889e-06
3970,0.00368278,9.40911908e-06
3971,0.00181755,9.40872915e-06
3972,0.01664500,9.40833909e-06
3973,0.00217919,9.40794892e-06
3974,0.00590510,9.40755863e-06
3975,0.00701906,9.40716822e-06
3976,0.00304302,9.40677768e-06
3977,0.00317507,9.40638703e-06
3978,0.00231851,9.40599625e-06
3979,0.00452790,9.40560536e-06
3980,0.01411014,9.40521434e-06
3981,0.00350409,9.40482321e-06
3982,0.00643859,9.40443195e-06
3983,0.00578799,9.40404057e-06
3984,0.00232753,9.40364908e-06
3985,0.00218176,9.40325746e-06
3986,0.00695390,9.40286572e-06
3987,0.03610225,9.40247386e-06
3988,0.03904187,9.40208188e-06
3989,0.00262096,9.40168979e-06
3990,0.00778299,9.40129757e-06
3991,0.00672481,9.40090523e-06
3992,0.00658417,9.40051277e-06
3993,0.00872082,9.40012019e-06
3994,0.00561863,9.39972749e-06
3995,0.00332618,9.39933466e-06
3996,0.00753601,9.39894172e-06
3997,0.01450532,9.39854866e-06
3998,0.00153213,9.39815548e-06
3999,0.01585725,9.39776218e-06
4000,0.01030803,9.39736876e-06
4001,0.02213023,9.39697521e-06
4002,0.01879505,9.39658155e-06
4003,0.03046030,9.39618777e-06
4004,0.00597666,9.39579387e-06
4005,0.02602738,9.39539984e-06
4006,0.00263429,9.3950057e-06
4007,0.02281916,9.39461143e-06
4008,0.08116937,9.39421705e-06
4009,0.01318445,9.39382255e-06
4010,0.00277813,9.39342792e-06
4011,0.01381648,9.39303318e-06
4012,0.01559997,9.39263832e-06
4013,0.00163818,9.39224333e-06
4014,0.02315854,9.39184823e-06
4015,0.00401360,9.391453e-06
4016,0.01042491,9.39105766e-06
4017,0.00243362,9.39066219e-06
4018,0.00941896,9.39026661e-06
4019,0.00395982,9.3898709e-06
4020,0.07224463,9.38947508e-06
4021,0.00511415,9.38907913e-06
4022,0.00646126,9.38868307e-06
4023,0.01242029,9.38828689e-06
4024,0.00621590,9.38789058e-06
4025,0.00317508,9.38749416e-06
4026,0.01970192,9.38709761e-06
4027,0.00482787,9.38670095e-06
4028,0.00813002,9.38630416e-06
4029,0.00334979,9.38590726e-06
4030,0.00976038,9.38551023e-06
4031,0.01349553,9.38511309e-06
4032,0.02470143,9.38471583e-06
4033,0.00875239,9.38431844e-06
4034,0.00891228,9.38392094e-06
4035,0.05228276,9.38352332e-06
4036,0.00578295,9.38312557e-06
4037,0.00242736,9.38272771e-06
4038,0.00524263,9.38232973e-06
4039,0.00586738,9.38193162e-06
4040,0.00369313,9.3815334e-06
4041,0.00542186,9.38113506e-06
4042,0.01634118,9.3807366e-06
4043,0.00305553,9.38033801e-06
4044,0.00528389,9.37993931e-06
4045,0.01414876,9.37954049e-06
4046,0.01542020,9.37914155e-06
4047,0.00790152,9.37874249e-06
4048,0.02102651,9.37834331e-06
4049,0.03704719,9.37794401e-06
4050,0.01391501,9.37754459e-06
4051,0.00698031,9.37714505e-06
4052,0.00113060,9.37674539e-06
4053,0.00247789,9.37634561e-06
4054,0.00702789,9.37594571e-06
4055,0.00245102,9.37554569e-06
4056,0.00364911,9.37514555e-06
4057,0.00682565,9.3747453e-06
4058,0.02916345,9.37434492e-06
4059,0.00196294,9.37394442e-06
4060,0.00307459,9.37354381e-06
4061,0.00232632,9.37314307e-06
4062,0.00383472,9.37274221e-06
4063,0.01781942,9.37234124e-06
4064,0.00739978,9.37194014e-06
4065,0.00584792,9.37153893e-06
4066,0.01654846,9.3711376e-06
4067,0.01149117,9.37073614e-06
4068,0.00157993,9.37033457e-06
4069,0.01144476,9.36993288e-06
4070,0.01050622,9.36953107e-06
4071,0.01399285,9.36912914e-06
4072,0.00632697,9.36872709e-06
4073,0.00533306,9.36832492e-06
4074,0.01027199,9.36792263e-06
4075,0.00633647,9.36752022e-06
4076,0.00340384,9.36711769e-06
4077,0.00679131,9.36671504e-06
4078,0.00440590,9.36631227e-06
4079,0.00301679,9.36590939e-06
4080,0.01191876,9.36550638e-06
4081,0.00410475,9.36510326e-06
4082,0.00575383,9.36470001e-06
4083,0.04358050,9.36429665e-06
4084,0.01174189,9.36389317e-06
4085,0.00834514,9.36348956e-06
4086,0.00722463,9.36308584e-06
4087,0.00396185,9.362682e-06
4088,0.00462225,9.36227804e-06
4089,0.00737818,9.36187396e-06
4090,0.00557644,9.36146976e-06
4091,0.00423595,9.36106544e-06
4092,0.00208357,9.36066101e-06
4093,0.00774888,9.36025645e-06
4094,0.00305365,9.35985177e-06
4095,0.00502664,9.35944698e-06
4096,0.00381509,9.35904207e-06
4097,0.00753663,9.35863703e-06
4098,0.00595461,9.35823188e-06
4099,0.00613359,9.35782661e-06
4100,0.00219622,9.35742122e-06
4101,0.00493103,9.35701571e-06
4102,0.01265595,9.35661008e-06
4103,0.00443463,9.35620433e-06
4104,0.00256293,9.35579846e-06
4105,0.00263711,9.35539248e-06
4106,0.00620743,9.35498637e-06
4107,0.00507661,9.35458015e-06
4108,0.01308597,9.35417381e-06
4109,0.00812691,9.35376734e-06
4110,0.01416654,9.35336076e-06
4111,0.00665776,9.35295406e-06
4112,0.00848171,9.35254724e-06
4113,0.00507899,9.3521403e-06
4114,0.01012078,9.35173325e-06
4115,0.00420865,9.35132607e-06
4116,0.00133354,9.35091877e-06
4117,0.00262490,9.35051136e-06
4118,0.01888636,9.35010383e-06
4119,0.00369459,9.34969617e-06
4120,0.00277174,9.3492884e-06
4121,0.00318597,9.34888051e-06
4122,0.00608924,9.3484725e-06
4123,0.00846136,9.34806438e-06
4124,0.00565569,9.34765613e-06
4125,0.00729204,9.34724776e-06
4126,0.00355088,9.34683928e-06
4127,0.00211917,9.34643068e-06
4128,0.00965281,9.34602195e-06
4129,0.00410467,9.34561311e-06
4130,0.00549952,9.34520415e-06
4131,0.00496256,9.34479507e-06
4132,0.00934521,9.34438588e-06
4133,0.01570465,9.34397656e-06
4134,0.00228463,9.34356713e-06
4135,0.01094254,9.34315757e-06
4136,0.00227934,9.3427479e-06
4137,0.00245270,9.34233811e-06
4138,0.00938450,9.3419282e-06
4139,0.00498378,9.34151817e-06
4140,0.01394380,9.34110802e-06
4141,0.00476984,9.34069776e-06
4142,0.00161525,9.34028737e-06
4143,0.00514048,9.33987687e-06
4144,0.00869127,9.33946625e-06
4145,0.08950505,9.33905551e-06
4146,0.00765442,9.33864465e-06
4147,0.01573647,9.33823367e-06
4148,0.00998061,9.33782257e-06
4149,0.01620504,9.33741136e-06
4150,0.00191519,9.33700003e-06
4151,0.00539794,9.33658857e-06
4152,0.07987983,9.336177e-06
4153,0.00585561,9.33576531e-06
4154,0.01180494,9.33535351e-06
4155,0.10247681,9.33494158e-06
4156,0.00500498,9.33452953e-06
4157,0.00237156,9.33411737e-06
4158,0.01756647,9.33370509e-06
4159,0.00259036,9.33329269e-06
4160,0.00426146,9.33288017e-06
4161,0.00637184,9.33246753e-06
4162,0.00506381,9.33205478e-06
4163,0.00544027,9.3316419e-06
4164,0.00925369,9.33122891e-06
4165,0.00870315,9.3308158e-06
4166,0.03736581,9.33040257e-06
4167,0.01143146,9.32998922e-06
4168,0.01891933,9.32957576e-06
4169,0.01286012,9.32916217e-06
4170,0.00567546,9.32874847e-06
4171,0.00312862,9.32833465e-06
4172,0.00160504,9.32792071e-06
4173,0.01057150,9.32750665e-06
4174,0.03381807,9.32709248e-06
4175,0.00528129,9.32667818e-06
4176,0.00978904,9.32626377e-06
4177,0.00370927,9.32584924e-06
4178,0.01624306,9.32543459e-06
4179,0.00554250,9.32501982e-06
4180,0.02035464,9.32460493e-06
4181,0.00254199,9.32418993e-06
4182,0.00537226,9.32377481e-06
4183,0.01039374,9.32335957e-06
4184,0.00403945,9.32294421e-06
4185,0.00335356,9.32252873e-06
4186,0.00243725,9.32211314e-06
4187,0.00971597,9.32169742e-06
4188,0.01315198,9.32128159e-06
4189,0.00755172,9.32086564e-06
4190,0.00332719,9.32044958e-06
4191,0.01929943,9.32003339e-06
4192,0.00905550,9.31961709e-06
4193,0.00395700,9.31920066e-06
4194,0.00658342,9.31878412e-06
4195,0.00279877,9.31836747e-06
4196,0.00572979,9.31795069e-06
4197,0.00275859,9.3175338e-06
4198,0.01020318,9.31711678e-06
4199,0.00199762,9.31669965e-06
4200,0.01412109,9.3162824e-06
4201,0.00194680,9.31586504e-06
4202,0.00124681,9.31544755e-06
4203,0.01211620,9.31502995e-06
4204,0.06643560,9.31461223e-06
4205,0.00431757,9.31419439e-06
4206,0.00734388,9.31377644e-06
4207,0.00211517,9.31335836e-06
4208,0.00610065,9.31294017e-06
4209,0.00328772,9.31252186e-06
4210,0.01762931,9.31210343e-06
4211,0.00639293,9.31168489e-06
4212,0.00455958,9.31126622e-06
4213,0.00547052,9.31084744e-06
4214,0.01086697,9.31042854e-06
4215,0.00713281,9.31000953e-06
4216,0.01277932,9.30959039e-06
4217,0.00977662,9.30917114e-06
4218,0.00524167,9.30875177e-06
4219,0.01809193,9.30833228e-06
4220,0.00475925,9.30791267e-06
4221,0.00760503,9.30749295e-06
4222,0.00322513,9.30707311e-06
4223,0.00254777,9.30665315e-06
4224,0.00684363,9.30623307e-06
4225,0.00396022,9.30581288e-06
4226,0.00332512,9.30539256e-06
4227,0.00351539,9.30497213e-06
4228,0.02549305,9.30455158e-06
4229,0.00436782,9.30413092e-06
4230,0.00296601,9.30371014e-06
4231,0.00182358,9.30328923e-06
4232,0.00526098,9.30286822e-06
4233,0.00791389,9.30244708e-06
4234,0.00994955,9.30202582e-06
4235,0.00908752,9.30160445e-06
4236,0.00415421,9.30118296e-06
4237,0.07961181,9.30076136e-06
4238,0.00503224,9.30033963e-06
4239,0.00358628,9.29991779e-06
4240,0.00367537,9.29949583e-06
4241,0.00657864,9.29907375e-06
4242,0.00260439,9.29865156e-06
4243,0.00582111,9.29822925e-06
4244,0.00643553,9.29780682e-06
4245,0.00964173,9.29738427e-06
4246,0.00396613,9.29696161e-06
4247,0.00353893,9.29653882e-06
4248,0.00704528,9.29611592e-06
4249,0.01325410,9.29569291e-06
4250,0.00409489,9.29526977e-06
4251,0.01632556,9.29484652e-06
4252,0.00651075,9.29442315e-06
4253,0.00627763,9.29399966e-06
4254,0.00215702,9.29357606e-06
4255,0.00202804,9.29315234e-06
4256,0.01339936,9.2927285e-06
4257,0.00463905,9.29230454e-06
4258,0.00475387,9.29188047e-06
4259,0.00655486,9.29145628e-06
4260,0.00206852,9.29103197e-06
4261,0.00571814,9.29060754e-06
4262,0.01528225,9.290183e-06
4263,0.00658232,9.28975834e-06
4264,0.01098266,9.28933356e-06
4265,0.00393393,9.28890867e-06
4266,0.00226560,9.28848366e-06
4267,0.00948496,9.28805853e-06
4268,0.00251954,9.28763328e-06
4269,0.00479197,9.28720792e-06
4270,0.00349954,9.28678244e-06
4271,0.00415837,9.28635684e-06
4272,0.00213144,9.28593112e-06
4273,0.00645421,9.28550529e-06
4274,0.00432862,9.28507934e-06
4275,0.00571872,9.28465327e-06
4276,0.00627814,9.28422709e-06
4277,0.00309166,9.28380079e-06
4278,0.01134504,9.28337437e-06
4279,0.01038353,9.28294784e-06
4280,0.00820713,9.28252118e-06
4281,0.00454899,9.28209441e-06
4282,0.00868372,9.28166753e-06
4283,0.00286365,9.28124052e-06
4284,0.00247452,9.2808134e-06
4285,0.00452536,9.28038616e-06
4286,0.00470001,9.27995881e-06
4287,0.00383975,9.27953134e-06
4288,0.06914304,9.27910375e-06
4289,0.00774458,9.27867604e-06
4290,0.01940621,9.27824822e-06
4291,0.00271457,9.27782028e-06
4292,0.01558449,9.27739222e-06
4293,0.00571340,9.27696405e-06
4294,0.00446108,9.27653576e-06
4295,0.00297530,9.27610735e-06
4296,0.01717498,9.27567883e-06
4297,0.01031753,9.27525019e-06
4298,0.00532104,9.27482143e-06
4299,0.00507061,9.27439255e-06
4300,0.00635409,9.27396356e-06
4301,0.00370786,9.27353445e-06
4302,0.00552322,9.27310523e-06
4303,0.00963800,9.27267589e-06
4304,0.01722175,9.27224643e-06
4305,0.00174913,9.27181685e-06
4306,0.00295937,9.27138716e-06
4307,0.00294682,9.27095735e-06
4308,0.00545160,9.27052742e-06
4309,0.00661146,9.27009738e-06
4310,0.01679285,9.26966722e-06
4311,0.01343814,9.26923694e-06
4312,0.00926722,9.26880655e-06
4313,0.02252110,9.26837604e-06
4314,0.01117717,9.26794541e-06
4315,0.00583454,9.26751467e-06
4316,0.02417993,9.26708381e-06
4317,0.01347605,9.26665283e-06
4318,0.01894624,9.26622174e-06
4319,0.02117155,9.26579053e-06
4320,0.00607445,9.2653592e-06
4321,0.00845813,9.26492776e-06
4322,0.03939451,9.2644962e-06
4323,0.00847101,9.26406452e-06
4324,0.02511951,9.26363273e-06
4325,0.01836042,9.26320082e-06
4326,0.01735459,9.2627688e-06
4327,0.10472436,9.26233665e-06
4328,0.00724697,9.26190439e-06
4329,0.00718123,9.26147202e-06
4330,0.00555913,9.26103953e-06
4331,0.08867403,9.26060692e-06
4332,0.01239487,9.26017419e-06
4333,0.01001399,9.25974135e-06
4334,0.00542281,9.25930839e-06
4335,0.02981817,9.25887532e-06
4336,0.00883754,9.25844213e-06
4337,0.00969426,9.25800882e-06
4338,0.03687418,9.2575754e-06
4339,0.02373399,9.25714186e-06
4340,0.04211837,9.2567082e-06
4341,0.01634598,9.25627443e-06
4342,0.00977224,9.25584054e-06
4343,0.00171374,9.25540653e-06
4344,0.00357590,9.25497241e-06
4345,0.00430164,9.25453817e-06
4346,0.01000035,9.25410382e-06
4347,0.00440223,9.25366934e-06
4348,0.01153646,9.25323476e-06
4349,0.00971730,9.25280005e-06
4350,0.02800006,9.25236523e-06
4351,0.00600300,9.2519303e-06
4352,0.01794068,9.25149525e-06
4353,0.00614346,9.25106008e-06
4354,0.01821834,9.25062479e-06
4355,0.00206971,9.25018939e-06
4356,0.00612201,9.24975387e-06
4357,0.00957781,9.24931824e-06
4358,0.00600708,9.24888249e-06
4359,0.00369125,9.24844663e-06
4360,0.02224519,9.24801064e-06
4361,0.01589837,9.24757455e-06
4362,0.00415267,9.24713833e-06
4363,0.01617755,9.246702e-06
4364,0.02591432,9.24626555e-06
4365,0.00374068,9.24582899e-06
4366,0.00313159,9.24539231e-06
4367,0.00766250,9.24495552e-06
4368,0.01318996,9.24451861e-06
4369,0.02765938,9.24408158e-06
4370,0.01033392,9.24364444e-06
4371,0.02117478,9.24320718e-06
4372,0.00581219,9.24276981e-06
4373,0.01862537,9.24233232e-06
4374,0.00541694,9.24189471e-06
4375,0.01419495,9.24145699e-06
4376,0.00371008,9.24101915e-06
4377,0.02731003,9.24058119e-06
4378,0.00536831,9.24014312e-06
4379,0.01137609,9.23970494e-06
4380,0.00336915,9.23926663e-06
4381,0.00582217,9.23882821e-06
4382,0.00571306,9.23838968e-06
4383,0.00964576,9.23795103e-06
4384,0.01388769,9.23751226e-06
4385,0.00679455,9.23707338e-06
4386,0.02384784,9.23663439e-06
4387,0.00465518,9.23619527e-06
4388,0.03553539,9.23575604e-06
4389,0.00684036,9.2353167e-06
4390,0.00463790,9.23487724e-06
4391,0.00764378,9.23443766e-06
4392,0.00359707,9.23399797e-06
4393,0.00391621,9.23355816e-06
4394,0.01051738,9.23311824e-06
4395,0.02251934,9.2326782e-06
4396,0.01459430,9.23223804e-06
4397,0.07695008,9.23179777e-06
4398,0.03377552,9.23135738e-06
4399,0.00441855,9.23091688e-06
4400,0.01326544,9.23047626e-06
4401,0.01860153,9.23003553e-06
4402,0.00326422,9.22959468e-06
4403,0.00850954,9.22915371e-06
4404,0.02056352,9.22871263e-06
4405,0.00357460,9.22827144e-06
4406,0.01106527,9.22783013e-06
4407,0.00441361,9.2273887e-06
4408,0.00343829,9.22694715e-06
4409,0.00128211,9.2265055e-06
4410,0.00384828,9.22606372e-06
4411,0.00502577,9.22562183e-06
4412,0.00358567,9.22517983e-06
4413,0.00525553,9.22473771e-06
4414,0.01674535,9.22429547e-06
4415,0.00380161,9.22385312e-06
4416,0.01290256,9.22341065e-06
4417,0.00173993,9.22296807e-06
4418,0.00424367,9.22252537e-06
4419,0.01143568,9.22208256e-06
4420,0.02009554,9.22163963e-06
4421,0.00620000,9.22119658e-06
4422,0.00835330,9.22075342e-06
4423,0.04880017,9.22031015e-06
4424,0.00593554,9.21986676e-06
4425,0.00461465,9.21942325e-06
4426,0.02305992,9.21897963e-06
4427,0.00403837,9.21853589e-06
4428,0.01008561,9.21809204e-06
4429,0.00871022,9.21764807e-06
4430,0.01583834,9.21720399e-06
4431,0.00504884,9.21675979e-06
4432,0.01279567,9.21631548e-06
4433,0.00577553,9.21587105e-06
4434,0.00220977,9.21542651e-06
4435,0.04243366,9.21498185e-06
4436,0.00767870,9.21453707e-06
4437,0.03117938,9.21409219e-06
4438,0.00787297,9.21364718e-06
4439,0.00344537,9.21320206e-06
4440,0.00723790,9.21275683e-06
4441,0.00258141,9.21231148e-06
4442,0.01908508,9.21186601e-06
4443,0.00821146,9.21142043e-06
4444,0.00181383,9.21097473e-06
4445,0.00824271,9.21052892e-06
4446,0.00261105,9.210083e-06
4447,0.00824978,9.20963696e-06
4448,0.00677375,9.2091908e-06
4449,0.05052885,9.20874453e-06
4450,0.00869563,9.20829814e-06
4451,0.02034441,9.20785164e-06
4452,0.00497536,9.20740502e-06
4453,0.00540586,9.20695829e-06
4454,0.01596997,9.20651145e-06
4455,0.01244000,9.20606449e-06
4456,0.00613185,9.20561741e-06
4457,0.00670267,9.20517022e-06
4458,0.00523097,9.20472291e-06
4459,0.04567721,9.20427549e-06
4460,0.00940005,9.20382795e-06
4461,0.00425656,9.2033803e-06
4462,0.01966045,9.20293254e-06
4463,0.00608628,9.20248466e-06
4464,0.01252784,9.20203666e-06
4465,0.00685516,9.20158855e-06
4466,0.00244006,9.20114032e-06
4467,0.02853791,9.20069198e-06
4468,0.00382202,9.20024353e-06
4469,0.00402495,9.19979496e-06
4470,0.02360466,9.19934627e-06
4471,0.00674736,9.19889747e-06
4472,0.02386095,9.19844856e-06
4473,0.00986839,9.19799953e-06
4474,0.00386406,9.19755038e-06
4475,0.04629135,9.19710113e-06
4476,0.00761207,9.19665175e-06
4477,0.08422702,9.19620226e-06
4478,0.01151783,9.19575266e-06
4479,0.00974817,9.19530294e-06
4480,0.00854700,9.19485311e-06
4481,0.00707071,9.19440316e-06
4482,0.00334502,9.1939531e-06
4483,0.00431435,9.19350292e-06
4484,0.01343983,9.19305263e-06
4485,0.02856738,9.19260223e-06
4486,0.00681431,9.19215171e-06
4487,0.00872310,9.19170107e-06
4488,0.03253327,9.19125032e-06
4489,0.01585133,9.19079946e-06
4490,0.00577216,9.19034848e-06
4491,0.00424900,9.18989739e-06
4492,0.00460129,9.18944618e-06
4493,0.00334028,9.18899485e-06
4494,0.00660630,9.18854342e-06
4495,0.00396028,9.18809187e-06
4496,0.00619891,9.1876402e-06
4497,0.00431464,9.18718842e-06
4498,0.00444250,9.18673652e-06
4499,0.00845205,9.18628452e-06
4500,0.00336590,9.18583239e-06
4501,0.00250035,9.18538015e-06
4502,0.00774930,9.1849278e-06
4503,0.00612920,9.18447533e-06
4504,0.00493834,9.18402275e-06
4505,0.00463182,9.18357006e-06
4506,0.00668308,9.18311725e-06
4507,0.00546071,9.18266432e-06
4508,0.00433447,9.18221128e-06
4509,0.00695161,9.18175813e-06
4510,0.00388709,9.18130486e-06
4511,0.01102396,9.18085148e-06
4512,0.01016321,9.18039798e-06
4513,0.00742796,9.17994437e-06
4514,0.00992205,9.17949065e-06
4515,0.00241836,9.17903681e-06
4516,0.06411618,9.17858285e-06
4517,0.02080074,9.17812879e-06
4518,0.04958712,9.1776746e-06
4519,0.02675913,9.17722031e-06
4520,0.00174808,9.1767659e-06
4521,0.04906987,9.17631137e-06
4522,0.01979863,9.17585673e-06
4523,0.00888329,9.17540198e-06
4524,0.00504112,9.17494711e-06
4525,0.00245463,9.17449213e-06
4526,0.02990147,9.17403704e-06
4527,0.00233281,9.17358183e-06
4528,0.03258534,9.1731265e-06
4529,0.00576333,9.17267107e-06
4530,0.00309436,9.17221552e-06
4531,0.00379643,9.17175985e-06
4532,0.00900136,9.17130407e-06
4533,0.00215919,9.17084818e-06
4534,0.00730718,9.17039217e-06
4535,0.00350394,9.16993605e-06
4536,0.00416856,9.16947981e-06
4537,0.00329505,9.16902346e-06
4538,0.00147470,9.168567e-06
4539,0.00186507,9.16811042e-06
4540,0.00104560,9.16765373e-06
4541,0.00121375,9.16719692e-06
4542,0.00756958,9.16674e-06
4543,0.01562223,9.16628297e-06
4544,0.00326075,9.16582582e-06
4545,0.00491418,9.16536856e-06
4546,0.00193831,9.16491118e-06
4547,0.00650948,9.16445369e-06
4548,0.01047982,9.16399609e-06
4549,0.01360257,9.16353837e-06
4550,0.00356299,9.16308054e-06
4551,0.05135942,9.1626226e-06
4552,0.00252822,9.16216454e-06
4553,0.00412908,9.16170637e-06
4554,0.00207201,9.16124808e-06
4555,0.00530109,9.16078968e-06
4556,0.00480463,9.16033117e-06
4557,0.00615490,9.15987254e-06
4558,0.00662220,9.1594138e-06
4559,0.01244013,9.15895495e-06
4560,0.00439977,9.15849598e-06
4561,0.01252785,9.1580369e-06
4562,0.00369952,9.1575777e-06
4563,0.00192412,9.15711839e-06
4564,0.01340492,9.15665897e-06
4565,0.01066727,9.15619943e-06
4566,0.00467548,9.15573978e-06
4567,0.00241460,9.15528002e-06
4568,0.00560127,9.15482014e-06
4569,0.01014712,9.15436015e-06
4570,0.00255272,9.15390005e-06
4571,0.00633550,9.15343983e-06
4572,0.01210628,9.1529795e-06
4573,0.00330837,9.15251905e-06
4574,0.00938563,9.15205849e-06
4575,0.00446768,9.15159782e-06
4576,0.00913655,9.15113703e-06
4577,0.00173226,9.15067613e-06
4578,0.00266077,9.15021512e-06
4579,0.01561013,9.149754e-06
4580,0.00847461,9.14929276e-06
4581,0.00233671,9.1488314e-06
4582,0.00512512,9.14836994e-06
4583,0.00945917,9.14790836e-06
4584,0.05399946,9.14744666e-06
4585,0.00608884,9.14698486e-06
4586,0.00501665,9.14652294e-06
4587,0.00869034,9.1460609e-06
4588,0.00432594,9.14559876e-06
4589,0.00512285,9.14513649e-06
4590,0.00509980,9.14467412e-06
4591,0.00377951,9.14421163e-06
4592,0.00263294,9.14374903e-06
4593,0.00188384,9.14328632e-06
4594,0.00224384,9.14282349e-06
4595,0.00256258,9.14236055e-06
4596,0.00342041,9.1418975e-06
4597,0.00484138,9.14143433e-06
4598,0.00163103,9.14097105e-06
4599,0.02916669,9.14050766e-06
4600,0.02013650,9.14004416e-06
4601,0.00520674,9.13958054e-06
4602,0.00608869,9.1391168e-06
4603,0.00263948,9.13865296e-06
4604,0.02761355,9.138189e-06
4605,0.00653586,9.13772493e-06
4606,0.00840855,9.13726074e-06
4607,0.00865319,9.13679644e-06
4608,0.00826109,9.13633203e-06
4609,0.00297486,9.13586751e-06
4610,0.08918452,9.13540287e-06
4611,0.01634666,9.13493812e-06
4612,0.03812894,9.13447326e-06
4613,0.00759648,9.13400828e-06
4614,0.00345036,9.13354319e-06
4615,0.00681477,9.13307799e-06
4616,0.00849017,9.13261267e-06
4617,0.03030521,9.13214724e-06
4618,0.00734715,9.1316817e-06
4619,0.00629049,9.13121605e-06
4620,0.01614663,9.13075028e-06
4621,0.07299996,9.1302844e-06
4622,0.03154818,9.12981841e-06
4623,0.02311835,9.1293523e-06
4624,0.05867943,9.12888608e-06
4625,0.00369669,9.12841975e-06
4626,0.00394121,9.12795331e-06
4627,0.00653643,9.12748675e-06
4628,0.01467964,9.12702008e-06
4629,0.10213551,9.12655329e-06
4630,0.00388901,9.1260864e-06
4631,0.00484805,9.12561939e-06
4632,0.00402609,9.12515227e-06
4633,0.00673758,9.12468503e-06
4634,0.00488395,9.12421768e-06
4635,0.00304256,9.12375022e-06
4636,0.00729280,9.12328265e-06
4637,0.00331673,9.12281497e-06
4638,0.00187947,9.12234717e-06
4639,0.01351326,9.12187926e-06
4640,0.00233029,9.12141123e-06
4641,0.00300821,9.1209431e-06
4642,0.00871696,9.12047485e-06
4643,0.00237360,9.12000649e-06
4644,0.03581218,9.11953801e-06
4645,0.03199882,9.11906942e-06
4646,0.02167030,9.11860073e-06
4647,0.00410457,9.11813191e-06
4648,0.00115342,9.11766299e-06
4649,0.00177565,9.11719395e-06
4650,0.00357068,9.1167248e-06
4651,0.01157901,9.11625554e-06
4652,0.00159718,9.11578616e-06
4653,0.00385112,9.11531668e-06
4654,0.01581916,9.11484708e-06
4655,0.00283993,9.11437736e-06
4656,0.00280399,9.11390754e-06
4657,0.02439452,9.1134376e-06
4658,0.00652993,9.11296755e-06
4659,0.03774817,9.11249739e-06
4660,0.00365109,9.11202711e-06
4661,0.00443928,9.11155673e-06
4662,0.00137626,9.11108623e-06
4663,0.00110231,9.11061561e-06
4664,0.00153916,9.11014489e-06
4665,0.01840213,9.10967405e-06
4666,0.01964068,9.1092031e-06
4667,0.09283920,9.10873204e-06
4668,0.00562899,9.10826087e-06
4669,0.01080271,9.10778958e-06
4670,0.01376368,9.10731818e-06
4671,0.00501501,9.10684667e-06
4672,0.00869805,9.10637505e-06
4673,0.10568238,9.10590332e-06
4674,0.00826318,9.10543147e-06
4675,0.00434808,9.10495951e-06
4676,0.00225737,9.10448744e-06
4677,0.00375188,9.10401525e-06
4678,0.01499866,9.10354296e-06
4679,0.01476281,9.10307055e-06
4680,0.01578432,9.10259803e-06
4681,0.01169600,9.10212539e-06
4682,0.00491422,9.10165265e-06
4683,0.00971758,9.10117979e-06
4684,0.00846425,9.10070682e-06
4685,0.01588893,9.10023374e-06
4686,0.00572393,9.09976055e-06
4687,0.00404242,9.09928724e-06
4688,0.00936079,9.09881382e-06
4689,0.01033503,9.09834029e-06
4690,0.00890122,9.09786665e-06
4691,0.00442717,9.0973929e-06
4692,0.00714825,9.09691903e-06
4693,0.01192512,9.09644505e-06
4694,0.01080355,9.09597096e-06
4695,0.00184632,9.09549676e-06
4696,0.00403378,9.09502245e-06
4697,0.02625797,9.09454802e-06
4698,0.01012866,9.09407348e-06
4699,0.00384850,9.09359884e-06
4700,0.00277490,9.09312407e-06
4701,0.00328145,9.0926492e-06
4702,0.01132796,9.09217421e-06
4703,0.00731995,9.09169912e-06
4704,0.00261678,9.09122391e-06
4705,0.00491228,9.09074859e-06
4706,0.00291861,9.09027315e-06
4707,0.00975014,9.08979761e-06
4708,0.00381227,9.08932195e-06
4709,0.00401207,9.08884618e-06
4710,0.02431336,9.0883703e-06
4711,0.00748203,9.08789431e-06
4712,0.00420346,9.08741821e-06
4713,0.01322161,9.08694199e-06
4714,0.01213549,9.08646567e-06
4715,0.01588408,9.08598923e-06
4716,0.00658359,9.08551268e-06
4717,0.00639929,9.08503602e-06
4718,0.00573580,9.08455924e-06
4719,0.01854061,9.08408236e-06
4720,0.01780416,9.08360536e-06
4721,0.00650825,9.08312825e-06
4722,0.02945831,9.08265103e-06
4723,0.01567429,9.0821737e-06
4724,0.01087934,9.08169625e-06
4725,0.01683386,9.0812187e-06
4726,0.00331120,9.08074103e-06
4727,0.00871436,9.08026325e-06
4728,0.00307239,9.07978536e-06
4729,0.00559023,9.07930736e-06
4730,0.00818857,9.07882925e-06
4731,0.00148159,9.07835102e-06
4732,0.00419622,9.07787269e-06
4733,0.09056390,9.07739424e-06
4734,0.01157719,9.07691568e-06
4735,0.00342970,9.07643701e-06
4736,0.00221345,9.07595823e-06
4737,0.00998132,9.07547934e-06
4738,0.03383567,9.07500033e-06
4739,0.06556011,9.07452121e-06
4740,0.02388958,9.07404199e-06
4741,0.02096029,9.07356265e-06
4742,0.00254395,9.0730832e-06
4743,0.00650268,9.07260364e-06
4744,0.00456954,9.07212396e-06
4745,0.00423918,9.07164418e-06
4746,0.00220347,9.07116428e-06
4747,0.00351163,9.07068428e-06
4748,0.00277161,9.07020416e-06
4749,0.00289687,9.06972393e-06
4750,0.00264369,9.06924359e-06
4751,0.00262094,9.06876313e-06
4752,0.00264144,9.06828257e-06
4753,0.01026101,9.0678019e-06
4754,0.00527625,9.06732111e-06
4755,0.00320443,9.06684021e-06
4756,0.00596721,9.06635921e-06
4757,0.00494600,9.06587809e-06
4758,0.02046437,9.06539686e-06
4759,0.00562660,9.06491551e-06
4760,0.00153816,9.06443406e-06
4761,0.00872360,9.0639525e-06
4762,0.02573764,9.06347082e-06
4763,0.00704961,9.06298904e-06
4764,0.00208620,9.06250714e-06
4765,0.01040843,9.06202513e-06
4766,0.00525783,9.06154301e-06
4767,0.00287130,9.06106078e-06
4768,0.00271156,9.06057844e-06
4769,0.00455086,9.06009599e-06
4770,0.00370621,9.05961342e-06
4771,0.00167231,9.05913075e-06
4772,0.00342087,9.05864796e-06
4773,0.01222262,9.05816507e-06
4774,0.00453806,9.05768206e-06
4775,0.06322588,9.05719894e-06
4776,0.05273476,9.05671571e-06
4777,0.00519164,9.05623237e-06
4778,0.00436960,9.05574892e-06
4779,0.00443464,9.05526536e-06
4780,0.03432661,9.05478169e-06
4781,0.00491729,9.0542979e-06
4782,0.02959234,9.05381401e-06
4783,0.00997696,9.05333e-06
4784,0.00192726,9.05284589e-06
4785,0.00685481,9.05236166e-06
4786,0.01170092,9.05187732e-06
4787,0.00542089,9.05139288e-06
4788,0.01468321,9.05090832e-06
4789,0.00641245,9.05042365e-06
4790,0.00764505,9.04993887e-06
4791,0.00315438,9.04945397e-06
4792,0.00244115,9.04896897e-06
4793,0.02378060,9.04848386e-06
4794,0.00978629,9.04799864e-06
4795,0.00668866,9.0475133e-06
4796,0.01322038,9.04702786e-06
4797,0.02507565,9.0465423e-06
4798,0.00550999,9.04605664e-06
4799,0.00366354,9.04557086e-06
4800,0.00418659,9.04508497e-06
4801,0.00391259,9.04459897e-06
4802,0.00623880,9.04411287e-06
4803,0.02620318,9.04362665e-06
4804,0.01638315,9.04314032e-06
4805,0.00867737,9.04265388e-06
4806,0.00673151,9.04216733e-06
4807,0.07276257,9.04168067e-06
4808,0.01520815,9.04119389e-06
4809,0.03709682,9.04070701e-06
4810,0.00577637,9.04022002e-06
4811,0.02383535,9.03973292e-06
4812,0.01031839,9.0392457e-06
4813,0.00676768,9.03875838e-06
4814,0.00186889,9.03827094e-06
4815,0.01669242,9.0377834e-06
4816,0.01156510,9.03729574e-06
4817,0.00561000,9.03680798e-06
4818,0.00876039,9.0363201e-06
4819,0.00321675,9.03583212e-06
4820,0.01381661,9.03534402e-06
4821,0.00811190,9.03485581e-06
4822,0.00533306,9.0343675e-06
4823,0.00548467,9.03387907e-06
4824,0.00537221,9.03339053e-06
4825,0.00431066,9.03290188e-06
4826,0.00463078,9.03241312e-06
4827,0.00683022,9.03192426e-06
4828,0.00249895,9.03143528e-06
4829,0.01197046,9.03094619e-06
4830,0.00321970,9.03045699e-06
4831,0.00656094,9.02996768e-06
4832,0.02676651,9.02947826e-06
4833,0.00326212,9.02898873e-06
4834,0.00893591,9.02849909e-06
4835,0.01597840,9.02800934e-06
4836,0.00597801,9.02751948e-06
4837,0.00382556,9.02702951e-06
4838,0.01527823,9.02653943e-06
4839,0.00413272,9.02604924e-06
4840,0.00481268,9.02555894e-06
4841,0.00333374,9.02506853e-06
4842,0.00463799,9.02457801e-06
4843,0.00298389,9.02408738e-06
4844,0.01012449,9.02359663e-06
4845,0.01357759,9.02310578e-06
4846,0.00650719,9.02261482e-06
4847,0.00429159,9.02212375e-06
4848,0.00235217,9.02163257e-06
4849,0.00570772,9.02114128e-06
4850,0.00454289,9.02064988e-06
4851,0.00786920,9.02015837e-06
4852,0.06052017,9.01966675e-06
4853,0.00873441,9.01917502e-06
4854,0.00853441,9.01868318e-06
4855,0.00378261,9.01819123e-06
4856,0.03276479,9.01769917e-06
4857,0.01535521,9.017207e-06
4858,0.01151195,9.01671472e-06
4859,0.05028172,9.01622233e-06
4860,0.00362059,9.01572983e-06
4861,0.00375876,9.01523722e-06
4862,0.00509489,9.0147445e-06
4863,0.03049926,9.01425168e-06
4864,0.00547210,9.01375874e-06
4865,0.00273072,9.01326569e-06
4866,0.00284701,9.01277253e-06
4867,0.00209364,9.01227927e-06
4868,0.00122597,9.01178589e-06
4869,0.01488217,9.0112924e-06
4870,0.00267818,9.01079881e-06
4871,0.00330751,9.0103051e-06
4872,0.00766668,9.00981128e-06
4873,0.00251400,9.00931736e-06
4874,0.00584861,9.00882332e-06
4875,0.01508519,9.00832918e-06
4876,0.00507172,9.00783492e-06
4877,0.03290722,9.00734056e-06
4878,0.00543420,9.00684609e-06
4879,0.00518346,9.0063515e-06
4880,0.00402656,9.00585681e-06
4881,0.00295261,9.00536201e-06
4882,0.00140220,9.0048671e-06
4883,0.00238717,9.00437208e-06
4884,0.00712460,9.00387695e-06
4885,0.00138515,9.00338171e-06
4886,0.00408745,9.00288636e-06
4887,0.00320287,9.0023909e-06
4888,0.00247980,9.00189533e-06
4889,0.00791212,9.00139965e-06
4890,0.00145745,9.00090387e-06
4891,0.00260706,9.00040797e-06
4892,0.02656572,8.99991197e-06
4893,0.00344022,8.99941585e-06
4894,0.00111272,8.99891963e-06
4895,0.00139401,8.99842329e-06
4896,0.00216610,8.99792685e-06
4897,0.00080169,8.9974303e-06
4898,0.01003360,8.99693364e-06
4899,0.00434413,8.99643686e-06
4900,0.00416323,8.99593998e-06
4901,0.00425970,8.995443e-06
4902,0.00837956,8.9949459e-06
4903,0.00842593,8.99444869e-06
4904,0.00220005,8.99395137e-06
4905,0.00765375,8.99345395e-06
4906,0.05491421,8.99295641e-06
4907,0.08099833,8.99245877e-06
4908,0.00389847,8.99196101e-06
4909,0.00325674,8.99146315e-06
4910,0.00242232,8.99096518e-06
4911,0.01907752,8.9904671e-06
4912,0.00378320,8.98996891e-06
4913,0.00686593,8.98947061e-06
4914,0.00521127,8.9889722e-06
4915,0.00459426,8.98847368e-06
4916,0.00485021,8.98797505e-06
4917,0.00834667,8.98747632e-06
4918,0.00540146,8.98697747e-06
4919,0.00278994,8.98647852e-06
4920,0.00725430,8.98597946e-06
4921,0.00375418,8.98548029e-06
4922,0.00538075,8.98498101e-06
4923,0.00237937,8.98448162e-06
4924,0.00209350,8.98398212e-06
4925,0.00291833,8.98348251e-06
4926,0.00363667,8.98298279e-06
4927,0.00386636,8.98248297e-06
4928,0.00438185,8.98198304e-06
4929,0.00989845,8.98148299e-06
4930,0.00300640,8.98098284e-06
4931,0.00462065,8.98048258e-06
4932,0.00237244,8.97998221e-06
4933,0.00717319,8.97948173e-06
4934,0.00537330,8.97898115e-06
4935,0.00705438,8.97848045e-06
4936,0.00230201,8.97797965e-06
4937,0.00784397,8.97747873e-06
4938,0.00756670,8.97697771e-06
4939,0.01545709,8.97647658e-06
4940,0.01945405,8.97597534e-06
4941,0.00510619,8.97547399e-06
4942,0.02703229,8.97497254e-06
4943,0.00553489,8.97447097e-06
4944,0.00284140,8.9739693e-06
4945,0.01429549,8.97346751e-06
4946,0.00378902,8.97296562e-06
4947,0.00727144,8.97246362e-06
4948,0.01041112,8.97196151e-06
4949,0.00960240,8.9714593e-06
4950,0.00590200,8.97095697e-06
4951,0.00206112,8.97045454e-06
4952,0.00409479,8.96995199e-06
4953,0.01456630,8.96944934e-06
4954,0.00201467,8.96894658e-06
4955,0.00298470,8.96844371e-06
4956,0.00610218,8.96794074e-06
4957,0.00349090,8.96743765e-06
4958,0.00207070,8.96693446e-06
4959,0.00245667,8.96643115e-06
4960,0.00172154,8.96592774e-06
4961,0.00428214,8.96542422e-06
4962,0.00429360,8.9649206e-06
4963,0.00779625,8.96441686e-06
4964,0.05290680,8.96391302e-06
4965,0.00846526,8.96340906e-06
4966,0.03181287,8.962905e-06
4967,0.00746151,8.96240083e-06
4968,0.01706314,8.96189655e-06
4969,0.01038779,8.96139217e-06
4970,0.01462791,8.96088767e-06
4971,0.00453621,8.96038307e-06
4972,0.00530208,8.95987836e-06
4973,0.00550393,8.95937354e-06
4974,0.00155112,8.95886861e-06
4975,0.00575195,8.95836358e-06
4976,0.00963174,8.95785843e-06
4977,0.00585945,8.95735318e-06
4978,0.00300898,8.95684782e-06
4979,0.00407471,8.95634235e-06
4980,0.00356989,8.95583678e-06
4981,0.00160627,8.95533109e-06
4982,0.00686010,8.9548253e-06
4983,0.00594325,8.9543194e-06
4984,0.00443915,8.95381339e-06
4985,0.00311481,8.95330727e-06
4986,0.00474812,8.95280104e-06
4987,0.00404493,8.95229471e-06
4988,0.00295635,8.95178827e-06
4989,0.00334993,8.95128172e-06
4990,0.00562956,8.95077506e-06
4991,0.00224085,8.9502683e-06
4992,0.04030789,8.94976142e-06
4993,0.00458609,8.94925444e-06
4994,0.00241054,8.94874735e-06
4995,0.00298238,8.94824015e-06
4996,0.00493243,8.94773285e-06
4997,0.00207524,8.94722543e-06
4998,0.00339517,8.94671791e-06
4999,0.01916818,8.94621028e-06
5000,0.00346587,8.94570255e-06
5001,0.01198356,8.9451947e-06
5002,0.01095096,8.94468675e-06
5003,0.00655692,8.94417869e-06
5004,0.00518270,8.94367052e-06
5005,0.00834720,8.94316224e-06
5006,0.00929036,8.94265386e-06
5007,0.00607416,8.94214537e-06
5008,0.01800797,8.94163677e-06
5009,0.00293213,8.94112806e-06
5010,0.00751925,8.94061924e-06
5011,0.00438854,8.94011032e-06
5012,0.00619008,8.93960129e-06
5013,0.00163837,8.93909215e-06
5014,0.01604639,8.93858291e-06
5015,0.03264823,8.93807355e-06
5016,0.01202611,8.93756409e-06
5017,0.00397435,8.93705452e-06
5018,0.01879773,8.93654485e-06
5019,0.00368571,8.93603506e-06
5020,0.00194521,8.93552517e-06
5021,0.00237910,8.93501517e-06
5022,0.00349781,8.93450506e-06
5023,0.00322976,8.93399485e-06
5024,0.00279636,8.93348453e-06
5025,0.00114801,8.9329741e-06
5026,0.00179724,8.93246356e-06
5027,0.00217019,8.93195291e-06
5028,0.01000518,8.93144216e-06
5029,0.00811609,8.9309313e-06
5030,0.00234386,8.93042033e-06
5031,0.00730323,8.92990926e-06
5032,0.01141776,8.92939808e-06
5033,0.01917721,8.92888679e-06
5034,0.00635149,8.92837539e-06
5035,0.00204514,8.92786389e-06
5036,0.03752517,8.92735227e-06
5037,0.01120368,8.92684055e-06
5038,0.01157354,8.92632873e-06
5039,0.00607166,8.92581679e-06
5040,0.00616512,8.92530475e-06
5041,0.00348640,8.9247926e-06
5042,0.00972468,8.92428035e-06
5043,0.01046171,8.92376798e-06
5044,0.00785198,8.92325551e-06
5045,0.00507067,8.92274294e-06
5046,0.00506892,8.92223025e-06
5047,0.00331192,8.92171746e-06
5048,0.00436323,8.92120456e-06
5049,0.01625324,8.92069155e-06
5050,0.00398031,8.92017844e-06
5051,0.00388663,8.91966522e-06
5052,0.00375877,8.91915189e-06
5053,0.01841102,8.91863846e-06
5054,0.00918480,8.91812491e-06
5055,0.00408344,8.91761126e-06
5056,0.00833309,8.91709751e-06
5057,0.00199787,8.91658364e-06
5058,0.00933219,8.91606967e-06
5059,0.05792805,8.91555559e-06
5060,0.00452636,8.91504141e-06
5061,0.00531618,8.91452712e-06
5062,0.00879432,8.91401272e-06
5063,0.01375174,8.91349821e-06
5064,0.00624009,8.9129836e-06
5065,0.00960797,8.91246888e-06
5066,0.01648331,8.91195405e-06
5067,0.02159233,8.91143912e-06
5068,0.01020513,8.91092408e-06
5069,0.00528205,8.91040893e-06
5070,0.08920468,8.90989368e-06
5071,0.00871333,8.90937831e-06
5072,0.01604965,8.90886285e-06
5073,0.00812389,8.90834727e-06
5074,0.00219078,8.90783159e-06
5075,0.00082936,8.9073158e-06
5076,0.00481496,8.9067999e-06
5077,0.00337957,8.9062839e-06
5078,0.05529314,8.90576779e-06
5079,0.04405144,8.90525158e-06
5080,0.00171367,8.90473525e-06
5081,0.00748587,8.90421882e-06
5082,0.01275206,8.90370229e-06
5083,0.00388320,8.90318564e-06
5084,0.00506400,8.90266889e-06
5085,0.00484848,8.90215204e-06
5086,0.00647810,8.90163507e-06
5087,0.01746923,8.901118e-06
5088,0.00874332,8.90060083e-06
5089,0.00486595,8.90008354e-06
5090,0.00286080,8.89956615e-06
5091,0.00175008,8.89904866e-06
5092,0.00194313,8.89853105e-06
5093,0.03569641,8.89801334e-06
5094,0.00163405,8.89749553e-06
5095,0.00764731,8.89697761e-06
5096,0.04362645,8.89645958e-06
5097,0.01934725,8.89594144e-06
5098,0.00419097,8.8954232e-06
5099,0.00225200,8.89490485e-06
5100,0.00259892,8.89438639e-06
5101,0.00787890,8.89386783e-06
5102,0.00324782,8.89334916e-06
5103,0.00273301,8.89283039e-06
5104,0.00480016,8.89231151e-06
5105,0.00451860,8.89179252e-06
5106,0.01560621,8.89127343e-06
5107,0.00589633,8.89075423e-06
5108,0.00616385,8.89023492e-06
5109,0.00540595,8.88971551e-06
5110,0.02119462,8.88919599e-06
5111,0.00734770,8.88867636e-06
5112,0.00185121,8.88815663e-06
5113,0.02983599,8.88763679e-06
5114,0.00253222,8.88711685e-06
5115,0.01030216,8.88659679e-06
5116,0.01945033,8.88607664e-06
5117,0.00776427,8.88555637e-06
5118,0.00314952,8.885036e-06
5119,0.00927863,8.88451553e-06
5120,0.00206167,8.88399495e-06
5121,0.00383914,8.88347426e-06
5122,0.00857275,8.88295346e-06
5123,0.00191443,8.88243256e-06
5124,0.00833152,8.88191156e-06
5125,0.00653949,8.88139044e-06
5126,0.00568578,8.88086922e-06
5127,0.00273312,8.8803479e-06
5128,0.03447595,8.87982647e-06
5129,0.00603023,8.87930493e-06
5130,0.00371690,8.87878329e-06
5131,0.00492935,8.87826154e-06
5132,0.00383342,8.87773968e-06
5133,0.00930686,8.87721772e-06
5134,0.00725527,8.87669565e-06
5135,0.00203587,8.87617348e-06
5136,0.00277212,8.8756512e-06
5137,0.00361771,8.87512882e-06
5138,0.00428203,8.87460633e-06
5139,0.00471441,8.87408373e-06
5140,0.00482087,8.87356102e-06
5141,0.00293344,8.87303822e-06
5142,0.00997112,8.8725153e-06
5143,0.01130778,8.87199228e-06
5144,0.00426128,8.87146915e-06
5145,0.03514081,8.87094592e-06
5146,0.00328229,8.87042258e-06
5147,0.00970122,8.86989914e-06
5148,0.00261058,8.86937559e-06
5149,0.04695184,8.86885193e-06
5150,0.00645137,8.86832817e-06
5151,0.00220072,8.8678043e-06
5152,0.00124585,8.86728033e-06
5153,0.00359519,8.86675625e-06
5154,0.00371056,8.86623207e-06
5155,0.00363575,8.86570778e-06
5156,0.01231134,8.86518338e-06
5157,0.02320903,8.86465888e-06
5158,0.00168081,8.86413427e-06
5159,0.03550080,8.86360956e-06
5160,0.00534083,8.86308474e-06
5161,0.01435424,8.86255982e-06
5162,0.00411610,8.86203479e-06
5163,0.00557679,8.86150965e-06
5164,0.03899897,8.86098441e-06
5165,0.01226571,8.86045907e-06
5166,0.00562159,8.85993361e-06
5167,0.00549192,8.85940806e-06
5168,0.01148319,8.85888239e-06
5169,0.00204599,8.85835663e-06
5170,0.02096936,8.85783075e-06
5171,0.00572841,8.85730477e-06
5172,0.02056878,8.85677869e-06
5173,0.03610164,8.8562525e-06
5174,0.02887722,8.8557262e-06
5175,0.00662696,8.8551998e-06
5176,0.00404651,8.85467329e-06
5177,0.01376448,8.85414668e-06
5178,0.00250621,8.85361996e-06
5179,0.01649543,8.85309314e-06
5180,0.05568819,8.85256621e-06
5181,0.00805455,8.85203918e-06
5182,0.00335272,8.85151204e-06
5183,0.00352925,8.8509848e-06
5184,0.01696677,8.85045745e-06
5185,0.01336854,8.84992999e-06
5186,0.06448277,8.84940243e-06
5187,0.00516445,8.84887477e-06
5188,0.00523142,8.848347e-06
5189,0.00706241,8.84781912e-06
5190,0.00414949,8.84729114e-06
5191,0.00251454,8.84676306e-06
5192,0.01485050,8.84623487e-06
5193,0.00647230,8.84570657e-06
5194,0.00362826,8.84517817e-06
5195,0.00504130,8.84464966e-06
5196,0.00665845,8.84412105e-06
5197,0.00324464,8.84359233e-06
5198,0.00288210,8.84306351e-06
5199,0.00767757,8.84253459e-06
5200,0.00274124,8.84200555e-06
5201,0.00605877,8.84147642e-06
5202,0.06000956,8.84094718e-06
5203,0.00557287,8.84041783e-06
5204,0.00875759,8.83988838e-06
5205,0.00879789,8.83935882e-06
5206,0.00709890,8.83882916e-06
5207,0.00985874,8.83829939e-06
5208,0.00422320,8.83776952e-06
5209,0.01459778,8.83723954e-06
5210,0.00452439,8.83670946e-06
5211,0.01935824,8.83617927e-06
5212,0.00294698,8.83564898e-06
5213,0.00676179,8.83511859e-06
5214,0.00237164,8.83458809e-06
5215,0.01096157,8.83405748e-06
5216,0.00602576,8.83352677e-06
5217,0.00568614,8.83299595e-06
5218,0.01319149,8.83246503e-06
5219,0.01085471,8.83193401e-06
5220,0.00455215,8.83140288e-06
5221,0.00362299,8.83087164e-06
5222,0.00836341,8.83034031e-06
5223,0.03394307,8.82980886e-06
5224,0.02984380,8.82927731e-06
5225,0.01696792,8.82874566e-06
5226,0.01017057,8.8282139e-06
5227,0.03443797,8.82768204e-06
5228,0.01277352,8.82715007e-06
5229,0.00506907,8.826618e-06
5230,0.00736149,8.82608582e-06
5231,0.01047525,8.82555354e-06
5232,0.00644666,8.82502115e-06
5233,0.00336477,8.82448866e-06
5234,0.00815394,8.82395607e-06
5235,0.00845034,8.82342337e-06
5236,0.00802120,8.82289057e-06
5237,0.00812311,8.82235766e-06
5238,0.00250806,8.82182464e-06
5239,0.00436204,8.82129153e-06
5240,0.00369356,8.8207583e-06
5241,0.00630926,8.82022498e-06
5242,0.02305074,8.81969155e-06
5243,0.00289367,8.81915801e-06
5244,0.00883208,8.81862437e-06
5245,0.00225681,8.81809063e-06
5246,0.00515826,8.81755678e-06
5247,0.01081880,8.81702283e-06
5248,0.01143830,8.81648877e-06
5249,0.00560288,8.81595461e-06
5250,0.00405231,8.81542034e-06
5251,0.00183581,8.81488597e-06
5252,0.00920313,8.8143515e-06
5253,0.00295577,8.81381692e-06
5254,0.00952053,8.81328223e-06
5255,0.00203944,8.81274745e-06
5256,0.01401657,8.81221256e-06
5257,0.00255415,8.81167756e-06
5258,0.00476357,8.81114246e-06
5259,0.00429865,8.81060725e-06
5260,0.01382772,8.81007195e-06
5261,0.01329780,8.80953653e-06
5262,0.03457085,8.80900102e-06
5263,0.00453653,8.8084654e-06
5264,0.00247685,8.80792967e-06
5265,0.00407047,8.80739384e-06
5266,0.01509016,8.80685791e-06
5267,0.00451071,8.80632187e-06
5268,0.00254911,8.80578573e-06
5269,0.00157006,8.80524948e-06
5270,0.00219092,8.80471314e-06
5271,0.00120135,8.80417668e-06
5272,0.01796091,8.80364012e-06
5273,0.00272334,8.80310346e-06
5274,0.00853000,8.8025667e-06
5275,0.00251899,8.80202983e-06
5276,0.00313845,8.80149285e-06
5277,0.01004304,8.80095578e-06
5278,0.00659598,8.8004186e-06
5279,0.00295631,8.79988131e-06
5280,0.00434298,8.79934392e-06
5281,0.00992020,8.79880643e-06
5282,0.01502930,8.79826883e-06
5283,0.00462938,8.79773113e-06
5284,0.00245345,8.79719333e-06
5285,0.01379880,8.79665542e-06
5286,0.01550479,8.79611741e-06
5287,0.00936867,8.79557929e-06
5288,0.00749608,8.79504107e-06
5289,0.00529983,8.79450275e-06
5290,0.00338920,8.79396432e-06
5291,0.00211792,8.79342579e-06
5292,0.06099050,8.79288716e-06
5293,0.01617324,8.79234842e-06
5294,0.00435243,8.79180958e-06
5295,0.00501576,8.79127063e-06
5296,0.00346494,8.79073158e-06
5297,0.00983368,8.79019243e-06
5298,0.00195693,8.78965317e-06
5299,0.01092833,8.78911381e-06
5300,0.00199145,8.78857435e-06
5301,0.00371565,8.78803478e-06
5302,0.02968080,8.78749511e-06
5303,0.00772417,8.78695534e-06
5304,0.00256041,8.78641546e-06
5305,0.00243355,8.78587548e-06
5306,0.01540753,8.78533539e-06
5307,0.03262263,8.7847952e-06
5308,0.00112844,8.78425491e-06
5309,0.00284805,8.78371452e-06
5310,0.00589972,8.78317402e-06
5311,0.00426131,8.78263342e-06
5312,0.00248621,8.78209271e-06
5313,0.00160080,8.7815519e-06
5314,0.00447294,8.78101099e-06
5315,0.00352005,8.78046997e-06
5316,0.00702948,8.77992885e-06
5317,0.00607687,8.77938763e-06
5318,0.00773522,8.77884631e-06
5319,0.00748337,8.77830488e-06
5320,0.00812755,8.77776334e-06
5321,0.00338520,8.77722171e-06
5322,0.00251218,8.77667997e-06
5323,0.00400169,8.77613813e-06
5324,0.00632795,8.77559618e-06
5325,0.00332472,8.77505413e-06
5326,0.01170342,8.77451198e-06
5327,0.00215846,8.77396973e-06
5328,0.00735601,8.77342737e-06
5329,0.00803526,8.77288491e-06
5330,0.00202042,8.77234234e-06
5331,0.00296817,8.77179967e-06
5332,0.01257262,8.7712569e-06
5333,0.03872268,8.77071403e-06
5334,0.00752473,8.77017105e-06
5335,0.00733038,8.76962797e-06
5336,0.00314294,8.76908479e-06
5337,0.02908745,8.7685415e-06
5338,0.00450951,8.76799811e-06
5339,0.00665596,8.76745462e-06
5340,0.00749457,8.76691103e-06
5341,0.00212274,8.76636733e-06
5342,0.00566213,8.76582353e-06
5343,0.00715867,8.76527962e-06
5344,0.00753435,8.76473562e-06
5345,0.00441241,8.76419151e-06
5346,0.00742373,8.76364729e-06
5347,0.00607913,8.76310298e-06
5348,0.00890717,8.76255856e-06
5349,0.00568424,8.76201404e-06
5350,0.00382999,8.76146941e-06
5351,0.00235248,8.76092469e-06
5352,0.01737319,8.76037986e-06
5353,0.00839764,8.75983492e-06
5354,0.00526056,8.75928989e-06
5355,0.00303369,8.75874475e-06
5356,0.00708012,8.75819951e-06
5357,0.00769935,8.75765416e-06
5358,0.00373325,8.75710872e-06
5359,0.00277018,8.75656317e-06
5360,0.01559358,8.75601751e-06
5361,0.00632858,8.75547176e-06
5362,0.00559975,8.7549259e-06
5363,0.00394211,8.75437994e-06
5364,0.00603703,8.75383388e-06
5365,0.00983409,8.75328771e-06
5366,0.00471601,8.75274145e-06
5367,0.02455850,8.75219508e-06
5368,0.00973360,8.7516486e-06
5369,0.00415645,8.75110203e-06
5370,0.03441254,8.75055535e-06
5371,0.00456401,8.75000857e-06
5372,0.00628068,8.74946168e-06
5373,0.00683726,8.7489147e-06
5374,0.01028701,8.74836761e-06
5375,0.00404139,8.74782042e-06
5376,0.01282053,8.74727313e-06
5377,0.00721836,8.74672573e-06
5378,0.00598119,8.74617823e-06
5379,0.01715410,8.74563063e-06
5380,0.00445613,8.74508293e-06
5381,0.00333885,8.74453512e-06
5382,0.00121286,8.74398721e-06
5383,0.00391642,8.7434392e-06
5384,0.00634639,8.74289109e-06
5385,0.00208450,8.74234288e-06
5386,0.00854147,8.74179456e-06
5387,0.00735799,8.74124614e-06
5388,0.00773656,8.74069762e-06
5389,0.00764666,8.74014899e-06
5390,0.00285867,8.73960027e-06
5391,0.00202889,8.73905144e-06
5392,0.00381365,8.73850251e-06
5393,0.00258803,8.73795348e-06
5394,0.00239769,8.73740434e-06
5395,0.00435532,8.7368551e-06
5396,0.00199017,8.73630576e-06
5397,0.00270946,8.73575632e-06
5398,0.01708711,8.73520678e-06
5399,0.02734621,8.73465713e-06
5400,0.00250086,8.73410738e-06
5401,0.00603781,8.73355753e-06
5402,0.00381827,8.73300758e-06
5403,0.00228686,8.73245753e-06
5404,0.01145761,8.73190737e-06
5405,0.02716570,8.73135711e-06
5406,0.00833843,8.73080675e-06
5407,0.01432709,8.73025629e-06
5408,0.00159681,8.72970573e-06
5409,0.00422089,8.72915506e-06
5410,0.00296591,8.72860429e-06
5411,0.01288968,8.72805342e-06
5412,0.02009660,8.72750245e-06
5413,0.02189288,8.72695138e-06
5414,0.01418101,8.7264002e-06
5415,0.00815856,8.72584892e-06
5416,0.00898313,8.72529754e-06
5417,0.00728319,8.72474606e-06
5418,0.00422274,8.72419448e-06
5419,0.00519131,8.72364279e-06
5420,0.02093915,8.72309101e-06
5421,0.00615967,8.72253912e-06
5422,0.00722219,8.72198713e-06
5423,0.00322906,8.72143504e-06
5424,0.01325669,8.72088284e-06
5425,0.00716927,8.72033055e-06
5426,0.00541680,8.71977815e-06
5427,0.00285871,8.71922565e-06
5428,0.00220008,8.71867305e-06
5429,0.00363403,8.71812035e-06
5430,0.00424752,8.71756754e-06
5431,0.00376260,8.71701464e-06
5432,0.00391294,8.71646163e-06
5433,0.00768551,8.71590852e-06
5434,0.00603252,8.71535531e-06
5435,0.02220553,8.714802e-06
5436,0.00586967,8.71424858e-06
5437,0.03498704,8.71369507e-06
5438,0.00744628,8.71314145e-06
5439,0.01698998,8.71258773e-06
5440,0.04496348,8.71203391e-06
5441,0.00591670,8.71147999e-06
5442,0.00741643,8.71092597e-06
5443,0.01337994,8.71037184e-06
5444,0.00310684,8.70981762e-06
5445,0.00708879,8.70926329e-06
5446,0.00833921,8.70870886e-06
5447,0.00147199,8.70815433e-06
5448,0.00325295,8.7075997e-06
5449,0.00831101,8.70704497e-06
5450,0.00401496,8.70649014e-06
5451,0.00238826,8.7059352e-06
5452,0.01544775,8.70538016e-06
5453,0.00270023,8.70482503e-06
5454,0.00273366,8.70426979e-06
5455,0.00461116,8.70371445e-06
5456,0.00745317,8.703159e-06
5457,0.00355608,8.70260346e-06
5458,0.00188730,8.70204782e-06
5459,0.00369499,8.70149207e-06
5460,0.00359143,8.70093623e-06
5461,0.00258114,8.70038028e-06
5462,0.00227806,8.69982423e-06
5463,0.00552782,8.69926808e-06
5464,0.00514127,8.69871183e-06
5465,0.00719372,8.69815547e-06
5466,0.00377811,8.69759902e-06
5467,0.00233147,8.69704247e-06
5468,0.00193228,8.69648581e-06
5469,0.00301574,8.69592905e-06
5470,0.00177558,8.6953722e-06
5471,0.00291636,8.69481524e-06
5472,0.00649625,8.69425818e-06
5473,0.00421254,8.69370102e-06
5474,0.00358560,8.69314376e-06
5475,0.00370002,8.69258639e-06
5476,0.00244959,8.69202893e-06
5477,0.00752076,8.69147136e-06
5478,0.01340305,8.6909137e-06
5479,0.00581674,8.69035593e-06
5480,0.02401345,8.68979806e-06
5481,0.00583643,8.6892401e-06
5482,0.01359763,8.68868203e-06
5483,0.00397433,8.68812386e-06
5484,0.00464478,8.68756559e-06
5485,0.00258550,8.68700722e-06
5486,0.00561215,8.68644874e-06
5487,0.02969909,8.68589017e-06
5488,0.00171536,8.6853315e-06
5489,0.02303923,8.68477272e-06
5490,0.00402910,8.68421385e-06
5491,0.00712785,8.68365487e-06
5492,0.00218106,8.68309579e-06
5493,0.00507264,8.68253661e-06
5494,0.00533089,8.68197734e-06
5495,0.00265003,8.68141796e-06
5496,0.00149582,8.68085848e-06
5497,0.00122628,8.6802989e-06
5498,0.01460362,8.67973922e-06
5499,0.00514645,8.67917944e-06
5500,0.00158859,8.67861955e-06
5501,0.00439394,8.67805957e-06
5502,0.00417838,8.67749949e-06
5503,0.00510597,8.6769393e-06
5504,0.00331926,8.67637902e-06
5505,0.00213633,8.67581863e-06
5506,0.00720955,8.67525815e-06
5507,0.00347988,8.67469756e-06
5508,0.00402215,8.67413688e-06
5509,0.00425640,8.67357609e-06
5510,0.00168939,8.6730152e-06
5511,0.00816446,8.67245422e-06
5512,0.00118701,8.67189313e-06
5513,0.00508048,8.67133194e-06
5514,0.05075531,8.67077065e-06
5515,0.00141432,8.67020926e-06
5516,0.00259037,8.66964777e-06
5517,0.00228597,8.66908618e-06
5518,0.00411081,8.66852449e-06
5519,0.00871588,8.6679627e-06
5520,0.00332992,8.66740081e-06
5521,0.00431092,8.66683882e-06
5522,0.00460133,8.66627673e-06
5523,0.01072915,8.66571454e-06
5524,0.00379933,8.66515225e-06
5525,0.03201798,8.66458986e-06
5526,0.00610063,8.66402736e-06
5527,0.00689149,8.66346477e-06
5528,0.04901648,8.66290208e-06
5529,0.00442844,8.66233929e-06
5530,0.00339052,8.6617764e-06
5531,0.01188539,8.6612134e-06
5532,0.00234783,8.66065031e-06
5533,0.00822152,8.66008712e-06
5534,0.00619900,8.65952382e-06
5535,0.00589626,8.65896043e-06
5536,0.00212922,8.65839694e-06
5537,0.00237246,8.65783335e-06
5538,0.00190718,8.65726965e-06
5539,0.00409300,8.65670586e-06
5540,0.01189974,8.65614197e-06
5541,0.00364248,8.65557797e-06
5542,0.00281223,8.65501388e-06
5543,0.00462824,8.65444969e-06
5544,0.00146106,8.6538854e-06
5545,0.00307681,8.653321e-06
5546,0.00174104,8.65275651e-06
5547,0.00188642,8.65219192e-06
5548,0.00779899,8.65162723e-06
5549,0.00209821,8.65106243e-06
5550,0.00167228,8.65049754e-06
5551,0.00177643,8.64993255e-06
5552,0.00353502,8.64936746e-06
5553,0.00251882,8.64880227e-06
5554,0.01984366,8.64823698e-06
5555,0.01908990,8.64767159e-06
5556,0.00448471,8.6471061e-06
5557,0.00767474,8.64654051e-06
5558,0.01036452,8.64597482e-06
5559,0.00562303,8.64540903e-06
5560,0.00981074,8.64484314e-06
5561,0.00388581,8.64427715e-06
5562,0.01811133,8.64371106e-06
5563,0.00723258,8.64314487e-06
5564,0.00316509,8.64257858e-06
5565,0.00424405,8.6420122e-06
5566,0.00722750,8.64144571e-06
5567,0.00528750,8.64087912e-06
5568,0.00331607,8.64031244e-06
5569,0.00450066,8.63974565e-06
5570,0.00507949,8.63917877e-06
5571,0.02053016,8.63861178e-06
5572,0.01883457,8.6380447e-06
5573,0.01258813,8.63747752e-06
5574,0.01397499,8.63691023e-06
5575,0.00340424,8.63634285e-06
5576,0.01472757,8.63577537e-06
5577,0.03456440,8.63520779e-06
5578,0.00855338,8.63464011e-06
5579,0.01240661,8.63407233e-06
5580,0.02259570,8.63350445e-06
5581,0.00323843,8.63293647e-06
5582,0.00413396,8.63236839e-06
5583,0.00942855,8.63180021e-06
5584,0.06456764,8.63123194e-06
5585,0.00894809,8.63066356e-06
5586,0.00552107,8.63009509e-06
5587,0.00596017,8.62952651e-06
5588,0.00168782,8.62895784e-06
5589,0.00765980,8.62838907e-06
5590,0.00701674,8.6278202e-06
5591,0.00238623,8.62725122e-06
5592,0.00775407,8.62668215e-06
5593,0.00384560,8.62611298e-06
5594,0.00866778,8.62554372e-06
5595,0.03742516,8.62497435e-06
5596,0.00561710,8.62440488e-06
5597,0.01269467,8.62383532e-06
5598,0.07598944,8.62326565e-06
5599,0.00288081,8.62269589e-06
5600,0.00243515,8.62212602e-06
5601,0.00233117,8.62155606e-06
5602,0.00478246,8.620986e-06
5603,0.00259457,8.62041584e-06
5604,0.00392776,8.61984558e-06
5605,0.00176001,8.61927522e-06
5606,0.00178048,8.61870477e-06
5607,0.00907956,8.61813421e-06
5608,0.00467360,8.61756356e-06
5609,0.00135728,8.6169928e-06
5610,0.00556354,8.61642195e-06
5611,0.00247846,8.615851e-06
5612,0.00368420,8.61527995e-06
5613,0.00194785,8.6147088e-06
5614,0.00346830,8.61413755e-06
5615,0.02375845,8.6135662e-06
5616,0.00205321,8.61299476e-06
5617,0.00443576,8.61242321e-06
5618,0.04014460,8.61185157e-06
5619,0.01005713,8.61127983e-06
5620,0.00849535,8.61070799e-06
5621,0.00607258,8.61013605e-06
5622,0.00565798,8.60956401e-06
5623,0.01080827,8.60899187e-06
5624,0.00417092,8.60841964e-06
5625,0.00168710,8.60784731e-06
5626,0.00280708,8.60727487e-06
5627,0.00095196,8.60670234e-06
5628,0.01828395,8.60612971e-06
5629,0.03086855,8.60555698e-06
5630,0.00668399,8.60498416e-06
5631,0.00861618,8.60441123e-06
5632,0.00336268,8.60383821e-06
5633,0.00453725,8.60326508e-06
5634,0.00328249,8.60269186e-06
5635,0.00178990,8.60211854e-06
5636,0.00227002,8.60154512e-06
5637,0.00236963,8.60097161e-06
5638,0.00682767,8.60039799e-06
5639,0.00888465,8.59982428e-06
5640,0.00346887,8.59925047e-06
5641,0.00094197,8.59867656e-06
5642,0.00119630,8.59810255e-06
5643,0.02482035,8.59752844e-06
5644,0.00889220,8.59695424e-06
5645,0.00321541,8.59637993e-06
5646,0.00244856,8.59580553e-06
5647,0.00540641,8.59523103e-06
5648,0.01645775,8.59465643e-06
5649,0.00158312,8.59408173e-06
5650,0.00269846,8.59350694e-06
5651,0.00430343,8.59293204e-06
5652,0.00536558,8.59235705e-06
5653,0.01112934,8.59178196e-06
5654,0.00386840,8.59120678e-06
5655,0.00384948,8.59063149e-06
5656,0.00358984,8.5900561e-06
5657,0.00331014,8.58948062e-06
5658,0.00702537,8.58890504e-06
5659,0.01860925,8.58832936e-06
5660,0.00247936,8.58775359e-06
5661,0.00732779,8.58717771e-06
5662,0.00426864,8.58660174e-06
5663,0.00304496,8.58602567e-06
5664,0.00209825,8.5854495e-06
5665,0.00373416,8.58487323e-06
5666,0.04029130,8.58429686e-06
5667,0.00112475,8.5837204e-06
5668,0.00387502,8.58314384e-06
5669,0.00158889,8.58256718e-06
5670,0.00171155,8.58199042e-06
5671,0.00307473,8.58141357e-06
5672,0.00405159,8.58083661e-06
5673,0.00697534,8.58025956e-06
5674,0.00320683,8.57968242e-06
5675,0.00473539,8.57910517e-06
5676,0.00136029,8.57852782e-06
5677,0.00274772,8.57795038e-06
5678,0.00470017,8.57737284e-06
5679,0.00940218,8.5767952e-06
5680,0.00562563,8.57621747e-06
5681,0.00585667,8.57563963e-06
5682,0.00193983,8.5750617e-06
5683,0.01071170,8.57448367e-06
5684,0.00330504,8.57390555e-06
5685,0.00940896,8.57332732e-06
5686,0.00601900,8.572749e-06
5687,0.00734375,8.57217058e-06
5688,0.00169480,8.57159206e-06
5689,0.00700647,8.57101345e-06
5690,0.00673423,8.57043474e-06
5691,0.00733056,8.56985592e-06
5692,0.01565582,8.56927702e-06
5693,0.01263808,8.56869801e-06
5694,0.00264766,8.56811891e-06
5695,0.00399125,8.56753971e-06
5696,0.02866240,8.56696041e-06
5697,0.00132175,8.56638101e-06
5698,0.01834102,8.56580152e-06
5699,0.06323781,8.56522193e-06
5700,0.01346188,8.56464224e-06
5701,0.02649101,8.56406246e-06
5702,0.00485282,8.56348257e-06
5703,0.00247201,8.56290259e-06
5704,0.00198591,8.56232251e-06
5705,0.00302358,8.56174234e-06
5706,0.00854704,8.56116207e-06
5707,0.00687225,8.5605817e-06
5708,0.04963574,8.56000123e-06
5709,0.00690917,8.55942066e-06
5710,0.02038634,8.55884e-06
5711,0.00668727,8.55825924e-06
5712,0.00148065,8.55767839e-06
5713,0.00232340,8.55709743e-06
5714,0.03186325,8.55651638e-06
5715,0.00538732,8.55593523e-06
5716,0.00509180,8.55535399e-06
5717,0.00230456,8.55477264e-06
5718,0.00678972,8.5541912e-06
5719,0.00135340,8.55360967e-06
5720,0.01372218,8.55302803e-06
5721,0.00315429,8.5524463e-06
5722,0.00302596,8.55186447e-06
5723,0.00260848,8.55128255e-06
5724,0.00160862,8.55070052e-06
5725,0.02581446,8.5501184e-06
5726,0.00391626,8.54953619e-06
5727,0.00687862,8.54895387e-06
5728,0.00276018,8.54837146e-06
5729,0.00464159,8.54778895e-06
5730,0.00538503,8.54720635e-06
5731,0.00519199,8.54662365e-06
5732,0.00599186,8.54604085e-06
5733,0.00282629,8.54545795e-06
5734,0.01024069,8.54487496e-06
5735,0.00474020,8.54429187e-06
5736,0.00717406,8.54370868e-06
5737,0.00687068,8.5431254e-06
5738,0.00184898,8.54254202e-06
5739,0.01074384,8.54195854e-06
5740,0.00551228,8.54137497e-06
5741,0.00415989,8.5407913e-06
5742,0.00613590,8.54020753e-06
5743,0.00226680,8.53962367e-06
5744,0.00258541,8.5390397e-06
5745,0.00175009,8.53845565e-06
5746,0.00222784,8.53787149e-06
5747,0.00924092,8.53728724e-06
5748,0.01516322,8.53670289e-06
5749,0.00168088,8.53611845e-06
5750,0.01467157,8.53553391e-06
5751,0.01596244,8.53494927e-06
5752,0.00279378,8.53436453e-06
5753,0.00519633,8.5337797e-06
5754,0.01036157,8.53319477e-06
5755,0.01082226,8.53260975e-06
5756,0.00132608,8.53202463e-06
5757,0.01490301,8.53143941e-06
5758,0.00423755,8.5308541e-06
5759,0.00276400,8.53026868e-06
5760,0.00569075,8.52968318e-06
5761,0.00158701,8.52909757e-06
5762,0.00410196,8.52851187e-06
5763,0.00792616,8.52792608e-06
5764,0.00783117,8.52734018e-06
5765,0.00406664,8.52675419e-06
5766,0.01914264,8.52616811e-06
5767,0.01342183,8.52558192e-06
5768,0.03824972,8.52499565e-06
5769,0.00355234,8.52440927e-06
5770,0.03175331,8.5238228e-06
5771,0.00442128,8.52323623e-06
5772,0.00915774,8.52264957e-06
5773,0.00180149,8.5220628e-06
5774,0.00324119,8.52147595e-06
5775,0.00215080,8.52088899e-06
5776,0.00651906,8.52030195e-06
5777,0.00932842,8.5197148e-06
5778,0.00144564,8.51912756e-06
5779,0.00246276,8.51854022e-06
5780,0.00827968,8.51795279e-06
5781,0.00308928,8.51736525e-06
5782,0.00347222,8.51677763e-06
5783,0.02457221,8.5161899e-06
5784,0.01086880,8.51560209e-06
5785,0.00329533,8.51501417e-06
5786,0.00708564,8.51442616e-06
5787,0.00769944,8.51383805e-06
5788,0.00233478,8.51324985e-06
5789,0.02016399,8.51266155e-06
5790,0.00637982,8.51207315e-06
5791,0.00764322,8.51148466e-06
5792,0.00322973,8.51089608e-06
5793,0.00856036,8.51030739e-06
5794,0.00565333,8.50971861e-06
5795,0.00363133,8.50912974e-06
5796,0.00205995,8.50854077e-06
5797,0.00298700,8.5079517e-06
5798,0.00450419,8.50736254e-06
5799,0.00875977,8.50677328e-06
5800,0.00434647,8.50618392e-06
5801,0.01336644,8.50559447e-06
5802,0.00432640,8.50500492e-06
5803,0.00204186,8.50441528e-06
5804,0.00154068,8.50382554e-06
5805,0.00137727,8.50323571e-06
5806,0.00143612,8.50264578e-06
5807,0.05136525,8.50205575e-06
5808,0.01074016,8.50146563e-06
5809,0.00683984,8.50087542e-06
5810,0.01377399,8.5002851e-06
5811,0.00484157,8.49969469e-06
5812,0.00925673,8.49910419e-06
5813,0.00161675,8.49851359e-06
5814,0.00714546,8.49792289e-06
5815,0.00237257,8.4973321e-06
5816,0.00463608,8.49674122e-06
5817,0.00281462,8.49615023e-06
5818,0.00339204,8.49555916e-06
5819,0.00496343,8.49496798e-06
5820,0.00082327,8.49437671e-06
5821,0.00395496,8.49378535e-06
5822,0.00204753,8.49319389e-06
5823,0.00150787,8.49260233e-06
5824,0.00883402,8.49201068e-06
5825,0.00298127,8.49141894e-06
5826,0.00621241,8.49082709e-06
5827,0.00265501,8.49023516e-06
5828,0.00635049,8.48964312e-06
5829,0.00533292,8.489051e-06
5830,0.00507063,8.48845877e-06
5831,0.00603591,8.48786645e-06
5832,0.00537302,8.48727404e-06
5833,0.00113372,8.48668153e-06
5834,0.00339995,8.48608892e-06
5835,0.00343649,8.48549622e-06
5836,0.00257130,8.48490343e-06
5837,0.00245010,8.48431054e-06
5838,0.00194753,8.48371755e-06
5839,0.01357324,8.48312447e-06
5840,0.00358195,8.48253129e-06
5841,0.00285706,8.48193802e-06
5842,0.00191087,8.48134466e-06
5843,0.00368818,8.48075119e-06
5844,0.00161538,8.48015764e-06
5845,0.00364579,8.47956398e-06
5846,0.00497353,8.47897024e-06
5847,0.00209337,8.47837639e-06
5848,0.00678286,8.47778245e-06
5849,0.00258767,8.47718842e-06
5850,0.00309656,8.47659429e-06
5851,0.08047776,8.47600007e-06
5852,0.00292733,8.47540575e-06
5853,0.00293178,8.47481134e-06
5854,0.00305663,8.47421683e-06
5855,0.08263176,8.47362223e-06
5856,0.00856405,8.47302753e-06
5857,0.00260340,8.47243274e-06
5858,0.00094641,8.47183785e-06
5859,0.01198825,8.47124287e-06
5860,0.00980068,8.47064779e-06
5861,0.00252584,8.47005262e-06
5862,0.00160989,8.46945735e-06
5863,0.01282303,8.46886199e-06
5864,0.01522539,8.46826653e-06
5865,0.00530102,8.46767098e-06
5866,0.01069529,8.46707533e-06
5867,0.00225625,8.46647959e-06
5868,0.00284222,8.46588375e-06
5869,0.01035429,8.46528782e-06
5870,0.00228571,8.4646918e-06
5871,0.00372607,8.46409567e-06
5872,0.00546250,8.46349946e-06
5873,0.00154005,8.46290315e-06
5874,0.00290235,8.46230674e-06
5875,0.00117222,8.46171025e-06
5876,0.05020835,8.46111365e-06
5877,0.00158896,8.46051696e-06
5878,0.00276736,8.45992018e-06
5879,0.02729978,8.4593233e-06
5880,0.00336978,8.45872633e-06
5881,0.00115939,8.45812926e-06
5882,0.00539958,8.4575321e-06
5883,0.01939394,8.45693484e-06
5884,0.00669365,8.45633749e-06
5885,0.00165243,8.45574005e-06
5886,0.00166897,8.45514251e-06
5887,0.00269640,8.45454488e-06
5888,0.00306039,8.45394715e-06
5889,0.00173461,8.45334932e-06
5890,0.00163587,8.45275141e-06
5891,0.02788777,8.4521534e-06
5892,0.00470864,8.45155529e-06
5893,0.00687811,8.45095709e-06
5894,0.00550087,8.45035879e-06
5895,0.00263411,8.44976041e-06
5896,0.00316823,8.44916192e-06
5897,0.00904242,8.44856334e-06
5898,0.00225907,8.44796467e-06
5899,0.01762153,8.44736591e-06
5900,0.00420026,8.44676705e-06
5901,0.00166557,8.44616809e-06
5902,0.00847526,8.44556904e-06
5903,0.00374471,8.4449699e-06
5904,0.00382198,8.44437066e-06
5905,0.00280640,8.44377133e-06
5906,0.00303046,8.4431719e-06
5907,0.01156298,8.44257238e-06
5908,0.00380963,8.44197277e-06
5909,0.00184202,8.44137306e-06
5910,0.00282973,8.44077326e-06
5911,0.01409158,8.44017336e-06
5912,0.00293855,8.43957337e-06
5913,0.00246421,8.43897329e-06
5914,0.00732282,8.43837311e-06
5915,0.00477083,8.43777284e-06
5916,0.00335081,8.43717247e-06
5917,0.00330455,8.43657201e-06
5918,0.00314644,8.43597146e-06
5919,0.01012346,8.43537081e-06
5920,0.00282362,8.43477007e-06
5921,0.00340998,8.43416923e-06
5922,0.00239656,8.4335683e-06
5923,0.01872034,8.43296728e-06
5924,0.00287733,8.43236616e-06
5925,0.00539762,8.43176495e-06
5926,0.00222240,8.43116364e-06
5927,0.00251940,8.43056225e-06
5928,0.00406335,8.42996075e-06
5929,0.00210306,8.42935917e-06
5930,0.05422461,8.42875749e-06
5931,0.00445853,8.42815571e-06
5932,0.00470629,8.42755384e-06
5933,0.00283661,8.42695188e-06
5934,0.00209065,8.42634983e-06
5935,0.00560026,8.42574768e-06
5936,0.00162053,8.42514544e-06
5937,0.00248511,8.4245431e-06
5938,0.00271588,8.42394067e-06
5939,0.00228145,8.42333815e-06
5940,0.00132323,8.42273553e-06
5941,0.00393171,8.42213282e-06
5942,0.00881194,8.42153001e-06
5943,0.08271354,8.42092712e-06
5944,0.00218646,8.42032413e-06
5945,0.04801309,8.41972104e-06
5946,0.00098353,8.41911786e-06
5947,0.00744847,8.41851459e-06
5948,0.00489688,8.41791123e-06
5949,0.00273547,8.41730777e-06
5950,0.00263746,8.41670422e-06
5951,0.00185208,8.41610057e-06
5952,0.00307684,8.41549683e-06
5953,0.00509222,8.414893e-06
5954,0.03276402,8.41428907e-06
5955,0.00330980,8.41368505e-06
5956,0.00530572,8.41308094e-06
5957,0.00134883,8.41247674e-06
5958,0.02087023,8.41187244e-06
5959,0.00215570,8.41126805e-06
5960,0.00325536,8.41066356e-06
5961,0.01487261,8.41005898e-06
5962,0.00472570,8.40945431e-06
5963,0.03421708,8.40884954e-06
5964,0.00773376,8.40824469e-06
5965,0.00723534,8.40763973e-06
5966,0.01176740,8.40703469e-06
5967,0.00153375,8.40642955e-06
5968,0.00318342,8.40582432e-06
5969,0.00527892,8.405219e-06
5970,0.00372813,8.40461358e-06
5971,0.00247559,8.40400807e-06
5972,0.00471865,8.40340247e-06
5973,0.03368248,8.40279677e-06
5974,0.00132260,8.40219098e-06
5975,0.00363845,8.4015851e-06
5976,0.00588743,8.40097912e-06
5977,0.00272106,8.40037305e-06
5978,0.00784136,8.39976689e-06
5979,0.00409509,8.39916064e-06
5980,0.00295300,8.39855429e-06
5981,0.00143895,8.39794785e-06
5982,0.00706628,8.39734132e-06
5983,0.00553855,8.39673469e-06
5984,0.00140216,8.39612797e-06
5985,0.00302250,8.39552116e-06
5986,0.00173505,8.39491426e-06
5987,0.00867427,8.39430726e-06
5988,0.02181847,8.39370017e-06
5989,0.01194068,8.39309299e-06
5990,0.01248999,8.39248571e-06
5991,0.00442407,8.39187834e-06
5992,0.00116517,8.39127088e-06
5993,0.02079493,8.39066333e-06
5994,0.00265657,8.39005568e-06
5995,0.00646938,8.38944794e-06
5996,0.00581473,8.38884011e-06
5997,0.00190250,8.38823219e-06
5998,0.00468914,8.38762417e-06
5999,0.02157048,8.38701606e-06
6000,0.01069171,8.38640786e-06
6001,0.04966977,8.38579956e-06
6002,0.01106209,8.38519118e-06
6003,0.00574976,8.3845827e-06
6004,0.00145163,8.38397412e-06
6005,0.00452331,8.38336546e-06
6006,0.00528944,8.3827567e-06
6007,0.02940973,8.38214785e-06
6008,0.02471017,8.38153891e-06
6009,0.00766012,8.38092987e-06
6010,0.00679222,8.38032075e-06
6011,0.00199007,8.37971153e-06
6012,0.00175392,8.37910221e-06
6013,0.00181543,8.37849281e-06
6014,0.02597389,8.37788331e-06
6015,0.00206397,8.37727372e-06
6016,0.01188993,8.37666404e-06
6017,0.00981550,8.37605427e-06
6018,0.01317131,8.3754444e-06
6019,0.00465085,8.37483444e-06
6020,0.00404754,8.37422439e-06
6021,0.03042773,8.37361425e-06
6022,0.00726598,8.37300401e-06
6023,0.00622186,8.37239368e-06
6024,0.00585439,8.37178327e-06
6025,0.01192822,8.37117275e-06
6026,0.00398266,8.37056215e-06
6027,0.01619151,8.36995145e-06
6028,0.00272820,8.36934066e-06
6029,0.00650126,8.36872978e-06
6030,0.01208855,8.36811881e-06
6031,0.00135270,8.36750775e-06
6032,0.00272261,8.36689659e-06
6033,0.00693724,8.36628534e-06
6034,0.00936461,8.365674e-06
6035,0.00290211,8.36506257e-06
6036,0.00674119,8.36445104e-06
6037,0.00305025,8.36383943e-06
6038,0.00385077,8.36322772e-06
6039,0.00133336,8.36261592e-06
6040,0.00785733,8.36200402e-06
6041,0.00424431,8.36139204e-06
6042,0.00265828,8.36077996e-06
6043,0.00122605,8.36016779e-06
6044,0.00148464,8.35955553e-06
6045,0.00214429,8.35894318e-06
6046,0.00249834,8.35833074e-06
6047,0.00222754,8.3577182e-06
6048,0.00605210,8.35710557e-06
6049,0.02154681,8.35649286e-06
6050,0.00539294,8.35588004e-06
6051,0.00570755,8.35526714e-06
6052,0.00144969,8.35465415e-06
6053,0.00125084,8.35404106e-06
6054,0.00179649,8.35342788e-06
6055,0.00636290,8.35281461e-06
6056,0.00852415,8.35220125e-06
6057,0.03433915,8.3515878e-06
6058,0.00302525,8.35097425e-06
6059,0.00361860,8.35036062e-06
6060,0.00957498,8.34974689e-06
6061,0.00367319,8.34913307e-06
6062,0.00326017,8.34851916e-06
6063,0.00270229,8.34790516e-06
6064,0.00477982,8.34729106e-06
6065,0.01044202,8.34667688e-06
6066,0.00712561,8.3460626e-06
6067,0.01940482,8.34544823e-06
6068,0.00225972,8.34483377e-06
6069,0.00195518,8.34421922e-06
6070,0.00462464,8.34360458e-06
6071,0.00201809,8.34298984e-06
6072,0.02040018,8.34237502e-06
6073,0.01030048,8.3417601e-06
6074,0.01485364,8.34114509e-06
6075,0.03835718,8.34052999e-06
6076,0.02125194,8.3399148e-06
6077,0.01895395,8.33929952e-06
6078,0.05372648,8.33868415e-06
6079,0.00638356,8.33806868e-06
6080,0.00716113,8.33745312e-06
6081,0.00235111,8.33683748e-06
6082,0.00945661,8.33622174e-06
6083,0.00315143,8.33560591e-06
6084,0.09509977,8.33498999e-06
6085,0.05898794,8.33437397e-06
6086,0.00505088,8.33375787e-06
6087,0.00325126,8.33314168e-06
6088,0.00782764,8.33252539e-06
6089,0.01029941,8.33190901e-06
6090,0.00379730,8.33129255e-06
6091,0.00962880,8.33067599e-06
6092,0.00267922,8.33005934e-06
6093,0.00999378,8.3294426e-06
6094,0.00912200,8.32882576e-06
6095,0.03921194,8.32820884e-06
6096,0.07420221,8.32759183e-06
6097,0.00269930,8.32697472e-06
6098,0.00469371,8.32635753e-06
6099,0.01956501,8.32574024e-06
6100,0.00348045,8.32512286e-06
6101,0.00246881,8.32450539e-06
6102,0.00715530,8.32388783e-06
6103,0.00241123,8.32327018e-06
6104,0.00567294,8.32265244e-06
6105,0.00162837,8.32203461e-06
6106,0.00408377,8.32141668e-06
6107,0.00699371,8.32079867e-06
6108,0.00154470,8.32018057e-06
6109,0.00222038,8.31956237e-06
6110,0.00312796,8.31894408e-06
6111,0.00267638,8.31832571e-06
6112,0.00230010,8.31770724e-06
6113,0.00338566,8.31708868e-06
6114,0.00351576,8.31647003e-06
6115,0.00265973,8.31585129e-06
6116,0.00251769,8.31523246e-06
6117,0.00174954,8.31461354e-06
6118,0.00113379,8.31399453e-06
6119,0.00140702,8.31337543e-06
6120,0.04775565,8.31275623e-06
6121,0.00360655,8.31213695e-06
6122,0.00828623,8.31151758e-06
6123,0.00157768,8.31089811e-06
6124,0.01152205,8.31027856e-06
6125,0.00254308,8.30965891e-06
6126,0.00305229,8.30903918e-06
6127,0.00611857,8.30841935e-06
6128,0.00363744,8.30779943e-06
6129,0.00284082,8.30717942e-06
6130,0.00297543,8.30655933e-06
6131,0.01380559,8.30593914e-06
6132,0.00079693,8.30531886e-06
6133,0.00072581,8.30469849e-06
6134,0.01421269,8.30407803e-06
6135,0.01018605,8.30345748e-06
6136,0.00186301,8.30283684e-06
6137,0.00439389,8.30221611e-06
6138,0.00434674,8.30159529e-06
6139,0.01523075,8.30097438e-06
6140,0.00365266,8.30035338e-06
6141,0.00458663,8.29973229e-06
6142,0.00306184,8.29911111e-06
6143,0.00178654,8.29848983e-06
6144,0.00227811,8.29786847e-06
6145,0.00597212,8.29724702e-06
6146,0.00707432,8.29662548e-06
6147,0.00289252,8.29600385e-06
6148,0.00174120,8.29538212e-06
6149,0.04505199,8.29476031e-06
6150,0.00462842,8.29413841e-06
6151,0.00804742,8.29351642e-06
6152,0.00403985,8.29289433e-06
6153,0.00257073,8.29227216e-06
6154,0.00304522,8.2916499e-06
6155,0.00198078,8.29102755e-06
6156,0.01587174,8.2904051e-06
6157,0.00302699,8.28978257e-06
6158,0.00256634,8.28915995e-06
6159,0.00218257,8.28853724e-06
6160,0.01295961,8.28791443e-06
6161,0.00662526,8.28729154e-06
6162,0.00488373,8.28666856e-06
6163,0.00291211,8.28604549e-06
6164,0.00197710,8.28542232e-06
6165,0.00947498,8.28479907e-06
6166,0.00576761,8.28417573e-06
6167,0.01534320,8.2835523e-06
6168,0.00628484,8.28292878e-06
6169,0.00788718,8.28230517e-06
6170,0.00804005,8.28168147e-06
6171,0.00213612,8.28105768e-06
6172,0.00188907,8.2804338e-06
6173,0.00279751,8.27980983e-06
6174,0.00377250,8.27918577e-06
6175,0.00268683,8.27856162e-06
6176,0.00198816,8.27793738e-06
6177,0.00138842,8.27731305e-06
6178,0.00750583,8.27668863e-06
6179,0.00225620,8.27606413e-06
6180,0.00562242,8.27543953e-06
6181,0.01061916,8.27481484e-06
6182,0.00323157,8.27419007e-06
6183,0.03628452,8.2735652e-06
6184,0.00296663,8.27294025e-06
6185,0.00302093,8.2723152e-06
6186,0.00429635,8.27169007e-06
6187,0.00858488,8.27106484e-06
6188,0.00189260,8.27043953e-06
6189,0.00223826,8.26981413e-06
6190,0.00696344,8.26918864e-06
6191,0.01433098,8.26856306e-06
6192,0.00638125,8.26793739e-06
6193,0.00239648,8.26731163e-06
6194,0.08397445,8.26668578e-06
6195,0.04216618,8.26605984e-06
6196,0.00684219,8.26543381e-06
6197,0.00501410,8.26480769e-06
6198,0.01025973,8.26418149e-06
6199,0.00398771,8.26355519e-06
6200,0.01217297,8.26292881e-06
6201,0.00250453,8.26230233e-06
6202,0.00415649,8.26167577e-06
6203,0.00129835,8.26104912e-06
6204,0.03892898,8.26042238e-06
6205,0.00190699,8.25979555e-06
6206,0.01187172,8.25916863e-06
6207,0.00945567,8.25854162e-06
6208,0.00468004,8.25791452e-06
6209,0.00341487,8.25728733e-06
6210,0.01182574,8.25666006e-06
6211,0.00815081,8.25603269e-06
6212,0.00224343,8.25540524e-06
6213,0.00411408,8.25477769e-06
6214,0.01430964,8.25415006e-06
6215,0.00423895,8.25352234e-06
6216,0.00249525,8.25289453e-06
6217,0.00645005,8.25226663e-06
6218,0.07365297,8.25163864e-06
6219,0.01850049,8.25101057e-06
6220,0.01668283,8.2503824e-06
6221,0.00815556,8.24975415e-06
6222,0.00700352,8.2491258e-06
6223,0.00859862,8.24849737e-06
6224,0.04858951,8.24786885e-06
6225,0.00579139,8.24724024e-06
6226,0.00227954,8.24661154e-06
6227,0.00224295,8.24598276e-06
6228,0.00341118,8.24535388e-06
6229,0.01148167,8.24472491e-06
6230,0.00410800,8.24409586e-06
6231,0.00345013,8.24346672e-06
6232,0.00312059,8.24283749e-06
6233,0.00271725,8.24220817e-06
6234,0.00596176,8.24157876e-06
6235,0.00324755,8.24094926e-06
6236,0.00524723,8.24031968e-06
6237,0.02994368,8.23969e-06
6238,0.01372383,8.23906024e-06
6239,0.00162848,8.23843039e-06
6240,0.00587926,8.23780045e-06
6241,0.00146030,8.23717042e-06
6242,0.00249269,8.23654031e-06
6243,0.00174753,8.2359101e-06
6244,0.03302180,8.23527981e-06
6245,0.00682200,8.23464943e-06
6246,0.00556525,8.23401896e-06
6247,0.00281738,8.2333884e-06
6248,0.00897984,8.23275775e-06
6249,0.00258132,8.23212701e-06
6250,0.00192351,8.23149619e-06
6251,0.00311462,8.23086528e-06
6252,0.00508488,8.23023428e-06
6253,0.00138674,8.22960319e-06
6254,0.00187375,8.22897201e-06
6255,0.03456031,8.22834074e-06
6256,0.00747497,8.22770939e-06
6257,0.01307219,8.22707795e-06
6258,0.00333657,8.22644642e-06
6259,0.00673697,8.2258148e-06
6260,0.00420312,8.22518309e-06
6261,0.00943712,8.2245513e-06
6262,0.00415781,8.22391941e-06
6263,0.00264331,8.22328744e-06
6264,0.00485131,8.22265538e-06
6265,0.03110674,8.22202324e-06
6266,0.00253278,8.221391e-06
6267,0.00162084,8.22075868e-06
6268,0.00373338,8.22012627e-06
6269,0.00457694,8.21949377e-06
6270,0.00200147,8.21886118e-06
6271,0.00556664,8.2182285e-06
6272,0.00297025,8.21759574e-06
6273,0.00414987,8.21696289e-06
6274,0.00142962,8.21632995e-06
6275,0.00675096,8.21569692e-06
6276,0.01051645,8.2150638e-06
6277,0.00172408,8.2144306e-06
6278,0.00321520,8.21379731e-06
6279,0.00268076,8.21316393e-06
6280,0.00306655,8.21253046e-06
6281,0.00549867,8.21189691e-06
6282,0.00688199,8.21126327e-06
6283,0.00586036,8.21062954e-06
6284,0.00757248,8.20999572e-06
6285,0.02339486,8.20936181e-06
6286,0.00459719,8.20872782e-06
6287,0.01262832,8.20809374e-06
6288,0.04408685,8.20745957e-06
6289,0.00406272,8.20682531e-06
6290,0.00311495,8.20619097e-06
6291,0.00269062,8.20555653e-06
6292,0.01200167,8.20492201e-06
6293,0.00750665,8.20428741e-06
6294,0.00290509,8.20365271e-06
6295,0.00157423,8.20301793e-06
6296,0.00859408,8.20238306e-06
6297,0.00683019,8.2017481e-06
6298,0.00262520,8.20111306e-06
6299,0.06886129,8.20047792e-06
6300,0.00606646,8.1998427e-06
6301,0.00251692,8.19920739e-06
6302,0.01120684,8.198572e-06
6303,0.00424696,8.19793652e-06
6304,0.00284018,8.19730095e-06
6305,0.02272014,8.19666529e-06
6306,0.00179099,8.19602954e-06
6307,0.00852829,8.19539371e-06
6308,0.00310071,8.19475779e-06
6309,0.00530416,8.19412179e-06
6310,0.00217816,8.19348569e-06
6311,0.01596567,8.19284951e-06
6312,0.00716386,8.19221324e-06
6313,0.00504689,8.19157688e-06
6314,0.00555426,8.19094044e-06
6315,0.00904030,8.19030391e-06
6316,0.00105054,8.18966729e-06
6317,0.00393373,8.18903059e-06
6318,0.02084620,8.18839379e-06
6319,0.00250913,8.18775692e-06
6320,0.00890236,8.18711995e-06
6321,0.00271521,8.18648289e-06
6322,0.08173013,8.18584575e-06
6323,0.00114246,8.18520853e-06
6324,0.00250377,8.18457121e-06
6325,0.00248435,8.18393381e-06
6326,0.01246575,8.18329632e-06
6327,0.00241532,8.18265874e-06
6328,0.00548682,8.18202108e-06
6329,0.01882412,8.18138333e-06
6330,0.00988814,8.18074549e-06
6331,0.00325297,8.18010757e-06
6332,0.00134713,8.17946956e-06
6333,0.00535825,8.17883146e-06
6334,0.02795657,8.17819327e-06
6335,0.05993499,8.177555e-06
6336,0.00464579,8.17691664e-06
6337,0.00730678,8.1762782e-06
6338,0.00485115,8.17563967e-06
6339,0.01856346,8.17500105e-06
6340,0.00486741,8.17436234e-06
6341,0.00510673,8.17372355e-06
6342,0.01654434,8.17308467e-06
6343,0.00876511,8.1724457e-06
6344,0.03765694,8.17180665e-06
6345,0.00625376,8.17116751e-06
6346,0.00426584,8.17052828e-06
6347,0.00257269,8.16988897e-06
6348,0.04283531,8.16924957e-06
6349,0.00268618,8.16861008e-06
6350,0.00690105,8.16797051e-06
6351,0.00416812,8.16733085e-06
6352,0.01077411,8.1666911e-06
6353,0.03791623,8.16605127e-06
6354,0.00358506,8.16541135e-06
6355,0.00912628,8.16477135e-06
6356,0.00521436,8.16413125e-06
6357,0.00373046,8.16349108e-06
6358,0.00144388,8.16285081e-06
6359,0.00899188,8.16221046e-06
6360,0.00298840,8.16157002e-06
6361,0.00350411,8.16092949e-06
6362,0.00203910,8.16028888e-06
6363,0.00095736,8.15964819e-06
6364,0.02329540,8.1590074e-06
6365,0.00231275,8.15836653e-06
6366,0.00271391,8.15772557e-06
6367,0.00774435,8.15708453e-06
6368,0.00299953,8.1564434e-06
6369,0.00289185,8.15580219e-06
6370,0.00460437,8.15516088e-06
6371,0.00346938,8.1545195e-06
6372,0.00136540,8.15387802e-06
6373,0.00830036,8.15323646e-06
6374,0.00208568,8.15259481e-06
6375,0.00513087,8.15195308e-06
6376,0.00772515,8.15131126e-06
6377,0.00697347,8.15066936e-06
6378,0.00421334,8.15002736e-06
6379,0.01078002,8.14938529e-06
6380,0.00471140,8.14874312e-06
6381,0.00272770,8.14810087e-06
6382,0.00256258,8.14745854e-06
6383,0.00578189,8.14681612e-06
6384,0.00532911,8.14617361e-06
6385,0.02838167,8.14553101e-06
6386,0.00291286,8.14488833e-06
6387,0.02067417,8.14424557e-06
6388,0.00542760,8.14360271e-06
6389,0.00316442,8.14295978e-06
6390,0.00355400,8.14231675e-06
6391,0.00201063,8.14167364e-06
6392,0.00295533,8.14103045e-06
6393,0.00128564,8.14038717e-06
6394,0.00214093,8.1397438e-06
6395,0.00812299,8.13910035e-06
6396,0.02017925,8.13845681e-06
6397,0.00768295,8.13781318e-06
6398,0.00508349,8.13716947e-06
6399,0.01447716,8.13652567e-06
6400,0.00418852,8.13588179e-06
6401,0.00313306,8.13523782e-06
6402,0.00392977,8.13459377e-06
6403,0.00261881,8.13394963e-06
6404,0.00396725,8.13330541e-06
6405,0.00251017,8.1326611e-06
6406,0.00237576,8.1320167e-06
6407,0.00186487,8.13137222e-06
6408,0.00217820,8.13072765e-06
6409,0.00908775,8.130083e-06
6410,0.00298151,8.12943826e-06
6411,0.00402952,8.12879343e-06
6412,0.00185088,8.12814852e-06
6413,0.02611251,8.12750353e-06
6414,0.00163655,8.12685845e-06
6415,0.00938678,8.12621328e-06
6416,0.00220874,8.12556803e-06
6417,0.00278303,8.12492269e-06
6418,0.00651532,8.12427727e-06
6419,0.00285912,8.12363176e-06
6420,0.00389588,8.12298617e-06
6421,0.00260923,8.12234049e-06
6422,0.00330286,8.12169473e-06
6423,0.00367484,8.12104888e-06
6424,0.00116371,8.12040294e-06
6425,0.00162700,8.11975692e-06
6426,0.00184511,8.11911082e-06
6427,0.00673113,8.11846462e-06
6428,0.00291171,8.11781835e-06
6429,0.00124741,8.11717199e-06
6430,0.00079804,8.11652554e-06
6431,0.00097845,8.11587901e-06
6432,0.00173792,8.11523239e-06
6433,0.00314154,8.11458569e-06
6434,0.00172365,8.1139389e-06
6435,0.00111517,8.11329203e-06
6436,0.00457214,8.11264507e-06
6437,0.00156998,8.11199803e-06
6438,0.00374996,8.1113509e-06
6439,0.00086004,8.11070369e-06
6440,0.00601989,8.11005639e-06
6441,0.00123919,8.10940901e-06
6442,0.00282344,8.10876154e-06
6443,0.00467645,8.10811399e-06
6444,0.00511238,8.10746635e-06
6445,0.00658013,8.10681863e-06
6446,0.00072536,8.10617082e-06
6447,0.04612354,8.10552293e-06
6448,0.00950649,8.10487495e-06
6449,0.00192617,8.10422689e-06
6450,0.00370436,8.10357874e-06
6451,0.00131793,8.10293051e-06
6452,0.00229115,8.10228219e-06
6453,0.01041756,8.10163379e-06
6454,0.00242078,8.1009853e-06
6455,0.00134643,8.10033673e-06
6456,0.00168917,8.09968808e-06
6457,0.00360246,8.09903934e-06
6458,0.00091906,8.09839051e-06
6459,0.00585817,8.0977416e-06
6460,0.00253459,8.0970926e-06
6461,0.01256497,8.09644352e-06
6462,0.00191660,8.09579436e-06
6463,0.01879520,8.09514511e-06
6464,0.00410766,8.09449578e-06
6465,0.00151700,8.09384636e-06
6466,0.00213824,8.09319686e-06
6467,0.00448202,8.09254727e-06
6468,0.00818950,8.0918976e-06
6469,0.00202050,8.09124784e-06
6470,0.00129925,8.090598e-06
6471,0.03194529,8.08994808e-06
6472,0.00951927,8.08929807e-06
6473,0.00255264,8.08864797e-06
6474,0.00277958,8.08799779e-06
6475,0.00853532,8.08734753e-06
6476,0.00618244,8.08669718e-06
6477,0.00343636,8.08604675e-06
6478,0.00293736,8.08539623e-06
6479,0.00797238,8.08474563e-06
6480,0.00810816,8.08409495e-06
6481,0.00885798,8.08344418e-06
6482,0.01596708,8.08279332e-06
6483,0.00181170,8.08214239e-06
6484,0.00273126,8.08149136e-06
6485,0.00899074,8.08084026e-06
6486,0.00177306,8.08018907e-06
6487,0.00328205,8.07953779e-06
6488,0.00429739,8.07888643e-06
6489,0.00217246,8.07823499e-06
6490,0.00334419,8.07758346e-06
6491,0.00253554,8.07693185e-06
6492,0.00212277,8.07628016e-06
6493,0.00378808,8.07562838e-06
6494,0.00561690,8.07497651e-06
6495,0.00405700,8.07432456e-06
6496,0.00195436,8.07367253e-06
6497,0.00205956,8.07302042e-06
6498,0.00892079,8.07236822e-06
6499,0.00191342,8.07171593e-06
6500,0.00295201,8.07106356e-06
6501,0.00327949,8.07041111e-06
6502,0.04067052,8.06975858e-06
6503,0.00110453,8.06910596e-06
6504,0.00225448,8.06845325e-06
6505,0.00137564,8.06780046e-06
6506,0.00197270,8.06714759e-06
6507,0.00596990,8.06649464e-06
6508,0.00217254,8.0658416e-06
6509,0.00156376,8.06518848e-06
6510,0.02048181,8.06453527e-06
6511,0.00814458,8.06388198e-06
6512,0.00158996,8.0632286e-06
6513,0.00094104,8.06257515e-06
6514,0.00175656,8.0619216e-06
6515,0.02163163,8.06126798e-06
6516,0.00199182,8.06061427e-06
6517,0.00136207,8.05996048e-06
6518,0.10717929,8.0593066e-06
6519,0.00740363,8.05865264e-06
6520,0.00312162,8.05799859e-06
6521,0.01082137,8.05734447e-06
6522,0.00196585,8.05669026e-06
6523,0.00374817,8.05603596e-06
6524,0.01891205,8.05538158e-06
6525,0.00775322,8.05472712e-06
6526,0.00927927,8.05407258e-06
6527,0.00316641,8.05341795e-06
6528,0.02496429,8.05276324e-06
6529,0.00171658,8.05210844e-06
6530,0.00249184,8.05145356e-06
6531,0.00241485,8.0507986e-06
6532,0.01152784,8.05014355e-06
6533,0.00812161,8.04948842e-06
6534,0.00339173,8.04883321e-06
6535,0.00616447,8.04817791e-06
6536,0.00205913,8.04752253e-06
6537,0.00640936,8.04686707e-06
6538,0.00260442,8.04621153e-06
6539,0.00244687,8.0455559e-06
6540,0.00666006,8.04490018e-06
6541,0.00463482,8.04424439e-06
6542,0.00158311,8.04358851e-06
6543,0.00249184,8.04293255e-06
6544,0.00241247,8.0422765e-06
6545,0.00377447,8.04162037e-06
6546,0.00218875,8.04096416e-06
6547,0.01185936,8.04030787e-06
6548,0.01551556,8.03965149e-06
6549,0.00697408,8.03899503e-06
6550,0.00604189,8.03833848e-06
6551,0.00221103,8.03768186e-06
6552,0.00112000,8.03702515e-06
6553,0.00231926,8.03636835e-06
6554,0.00295421,8.03571148e-06
6555,0.00295323,8.03505452e-06
6556,0.00823754,8.03439747e-06
6557,0.00660494,8.03374035e-06
6558,0.01535272,8.03308314e-06
6559,0.00969034,8.03242585e-06
6560,0.01466610,8.03176848e-06
6561,0.00491691,8.03111102e-06
6562,0.00695266,8.03045348e-06
6563,0.00172256,8.02979586e-06
6564,0.00487751,8.02913815e-06
6565,0.00415293,8.02848036e-06
6566,0.00297654,8.02782249e-06
6567,0.00131448,8.02716454e-06
6568,0.01729481,8.0265065e-06
6569,0.00257120,8.02584838e-06
6570,0.00361211,8.02519018e-06
6571,0.00592680,8.02453189e-06
6572,0.00523464,8.02387353e-06
6573,0.00178348,8.02321508e-06
6574,0.00194061,8.02255654e-06
6575,0.00367958,8.02189793e-06
6576,0.01607998,8.02123923e-06
6577,0.01683403,8.02058045e-06
6578,0.00165909,8.01992159e-06
6579,0.00635445,8.01926264e-06
6580,0.01355775,8.01860361e-06
6581,0.01851022,8.0179445e-06
6582,0.00239241,8.01728531e-06
6583,0.02785293,8.01662603e-06
6584,0.01106744,8.01596667e-06
6585,0.00401163,8.01530723e-06
6586,0.00246226,8.01464771e-06
6587,0.00167622,8.0139881e-06
6588,0.04814097,8.01332841e-06
6589,0.00581086,8.01266864e-06
6590,0.07527652,8.01200879e-06
6591,0.00415994,8.01134886e-06
6592,0.08115389,8.01068884e-06
6593,0.02062592,8.01002874e-06
6594,0.04150589,8.00936856e-06
6595,0.00551851,8.00870829e-06
6596,0.00186422,8.00804795e-06
6597,0.00627089,8.00738752e-06
6598,0.00602013,8.00672701e-06
6599,0.00574323,8.00606641e-06
6600,0.00330424,8.00540574e-06
6601,0.00196447,8.00474498e-06
6602,0.00687393,8.00408414e-06
6603,0.00969970,8.00342322e-06
6604,0.00221411,8.00276221e-06
6605,0.02800123,8.00210113e-06
6606,0.00161409,8.00143996e-06
6607,0.00170101,8.00077871e-06
6608,0.00091541,8.00011738e-06
6609,0.00157885,7.99945596e-06
6610,0.00179058,7.99879446e-06
6611,0.00743036,7.99813289e-06
6612,0.00795432,7.99747123e-06
6613,0.00233443,7.99680948e-06
6614,0.00395768,7.99614766e-06
6615,0.00324120,7.99548575e-06
6616,0.00344957,7.99482377e-06
6617,0.00112261,7.9941617e-06
6618,0.01051531,7.99349954e-06
6619,0.00209049,7.99283731e-06
6620,0.00595862,7.99217499e-06
6621,0.00179602,7.9915126e-06
6622,0.00187060,7.99085012e-06
6623,0.00314318,7.99018756e-06
6624,0.00269456,7.98952492e-06
6625,0.00237766,7.98886219e-06
6626,0.00200829,7.98819939e-06
6627,0.00892302,7.9875365e-06
6628,0.00757496,7.98687353e-06
6629,0.00365376,7.98621048e-06
6630,0.00358487,7.98554734e-06
6631,0.00526012,7.98488413e-06
6632,0.00269788,7.98422083e-06
6633,0.01523881,7.98355746e-06
6634,0.00406351,7.982894e-06
6635,0.01994778,7.98223046e-06
6636,0.00354339,7.98156683e-06
6637,0.00340765,7.98090313e-06
6638,0.00227098,7.98023935e-06
6639,0.00109162,7.97957548e-06
6640,0.00226946,7.97891153e-06
6641,0.01213582,7.9782475e-06
6642,0.00392483,7.97758339e-06
6643,0.00147860,7.9769192e-06
6644,0.00202705,7.97625492e-06
6645,0.00551482,7.97559057e-06
6646,0.00313593,7.97492613e-06
6647,0.00183268,7.97426162e-06
6648,0.00283171,7.97359702e-06
6649,0.01034772,7.97293234e-06
6650,0.00104389,7.97226757e-06
6651,0.00115505,7.97160273e-06
6652,0.00547929,7.97093781e-06
6653,0.00111061,7.9702728e-06
6654,0.00267161,7.96960772e-06
6655,0.00118546,7.96894255e-06
6656,0.00374754,7.9682773e-06
6657,0.00276673,7.96761197e-06
6658,0.00248895,7.96694656e-06
6659,0.00205654,7.96628106e-06
6660,0.00276400,7.96561549e-06
6661,0.00400991,7.96494984e-06
6662,0.02674683,7.9642841e-06
6663,0.00186878,7.96361828e-06
6664,0.00161255,7.96295239e-06
6665,0.00772432,7.96228641e-06
6666,0.00271395,7.96162035e-06
6667,0.01928092,7.96095421e-06
6668,0.00350901,7.96028799e-06
6669,0.00390461,7.95962168e-06
6670,0.02286852,7.9589553e-06
6671,0.01522430,7.95828884e-06
6672,0.00540289,7.95762229e-06
6673,0.00500161,7.95695566e-06
6674,0.00436643,7.95628896e-06
6675,0.00278293,7.95562217e-06
6676,0.00273666,7.9549553e-06
6677,0.01063077,7.95428835e-06
6678,0.01136910,7.95362132e-06
6679,0.00470667,7.95295421e-06
6680,0.00150335,7.95228702e-06
6681,0.02117384,7.95161975e-06
6682,0.00732517,7.95095239e-06
6683,0.00198843,7.95028496e-06
6684,0.00406050,7.94961745e-06
6685,0.01709818,7.94894985e-06
6686,0.00124346,7.94828218e-06
6687,0.00618330,7.94761442e-06
6688,0.00527550,7.94694658e-06
6689,0.00478528,7.94627866e-06
6690,0.00267858,7.94561067e-06
6691,0.00305116,7.94494259e-06
6692,0.00100610,7.94427443e-06
6693,0.00707280,7.94360619e-06
6694,0.00123208,7.94293787e-06
6695,0.06758631,7.94226947e-06
6696,0.00302188,7.94160099e-06
6697,0.00091884,7.94093243e-06
6698,0.01129250,7.94026379e-06
6699,0.00836794,7.93959506e-06
6700,0.00488295,7.93892626e-06
6701,0.00357005,7.93825738e-06
6702,0.00927656,7.93758842e-06
6703,0.00330880,7.93691937e-06
6704,0.00934663,7.93625025e-06
6705,0.00157219,7.93558104e-06
6706,0.00131932,7.93491176e-06
6707,0.00220982,7.9342424e-06
6708,0.02968570,7.93357295e-06
6709,0.01098759,7.93290343e-06
6710,0.00288569,7.93223382e-06
6711,0.00787530,7.93156414e-06
6712,0.00294309,7.93089437e-06
6713,0.00455347,7.93022452e-06
6714,0.00205284,7.9295546e-06
6715,0.00264475,7.92888459e-06
6716,0.00810794,7.92821451e-06
6717,0.00161047,7.92754434e-06
6718,0.00080600,7.9268741e-06
6719,0.00443496,7.92620377e-06
6720,0.00111763,7.92553336e-06
6721,0.00124749,7.92486288e-06
6722,0.05580567,7.92419231e-06
6723,0.00090888,7.92352167e-06
6724,0.00152022,7.92285094e-06
6725,0.00307431,7.92218014e-06
6726,0.00189517,7.92150925e-06
6727,0.00234692,7.92083828e-06
6728,0.00250116,7.92016724e-06
6729,0.00897363,7.91949611e-06
6730,0.00345644,7.91882491e-06
6731,0.01810695,7.91815362e-06
6732,0.02125741,7.91748226e-06
6733,0.00225377,7.91681082e-06
6734,0.00535942,7.91613929e-06
6735,0.00381154,7.91546769e-06
6736,0.00188953,7.914796e-06
6737,0.00443591,7.91412424e-06
6738,0.00393024,7.9134524e-06
6739,0.01594363,7.91278048e-06
6740,0.00358214,7.91210847e-06
6741,0.00365739,7.91143639e-06
6742,0.01109923,7.91076423e-06
6743,0.00412011,7.91009199e-06
6744,0.00352981,7.90941967e-06
6745,0.00263815,7.90874727e-06
6746,0.01206977,7.90807479e-06
6747,0.00383665,7.90740223e-06
6748,0.00383723,7.90672959e-06
6749,0.00398909,7.90605687e-06
6750,0.00268693,7.90538408e-06
6751,0.02172093,7.9047112e-06
6752,0.00846234,7.90403824e-06
6753,0.00432190,7.90336521e-06
6754,0.00307512,7.90269209e-06
6755,0.00650278,7.9020189e-06
6756,0.02157692,7.90134563e-06
6757,0.00644908,7.90067227e-06
6758,0.00340139,7.89999884e-06
6759,0.01792467,7.89932533e-06
6760,0.00339193,7.89865174e-06
6761,0.00338185,7.89797807e-06
6762,0.00268692,7.89730432e-06
6763,0.00305882,7.89663049e-06
6764,0.00118626,7.89595658e-06
6765,0.00156808,7.89528259e-06
6766,0.00605301,7.89460853e-06
6767,0.01229167,7.89393438e-06
6768,0.00737494,7.89326016e-06
6769,0.01257495,7.89258585e-06
6770,0.01264110,7.89191147e-06
6771,0.00565420,7.89123701e-06
6772,0.00117541,7.89056247e-06
6773,0.01311014,7.88988785e-06
6774,0.00221879,7.88921315e-06
6775,0.00166773,7.88853837e-06
6776,0.01096700,7.88786352e-06
6777,0.00253449,7.88718858e-06
6778,0.00170734,7.88651357e-06
6779,0.00674285,7.88583847e-06
6780,0.05041452,7.8851633e-06
6781,0.01182781,7.88448805e-06
6782,0.00254104,7.88381272e-06
6783,0.01977625,7.88313731e-06
6784,0.00107126,7.88246182e-06
6785,0.07853352,7.88178626e-06
6786,0.00122497,7.88111061e-06
6787,0.00128110,7.88043489e-06
6788,0.00310077,7.87975908e-06
6789,0.03827660,7.8790832e-06
6790,0.00132277,7.87840724e-06
6791,0.00138399,7.8777312e-06
6792,0.00398546,7.87705509e-06
6793,0.00237967,7.87637889e-06
6794,0.00900267,7.87570261e-06
6795,0.00904004,7.87502626e-06
6796,0.06974371,7.87434983e-06
6797,0.00688986,7.87367332e-06
6798,0.00830196,7.87299673e-06
6799,0.00234384,7.87232006e-06
6800,0.00180622,7.87164331e-06
6801,0.02427413,7.87096649e-06
6802,0.01060644,7.87028958e-06
6803,0.00491933,7.8696126e-06
6804,0.01540257,7.86893554e-06
6805,0.00760302,7.8682584e-06
6806,0.00357196,7.86758119e-06
6807,0.00450427,7.86690389e-06
6808,0.00715074,7.86622652e-06
6809,0.00266717,7.86554906e-06
6810,0.00941116,7.86487153e-06
6811,0.00367068,7.86419392e-06
6812,0.00465477,7.86351624e-06
6813,0.00295002,7.86283847e-06
6814,0.01837377,7.86216063e-06
6815,0.00376441,7.86148271e-06
6816,0.00697910,7.86080471e-06
6817,0.00305471,7.86012663e-06
6818,0.00720553,7.85944847e-06
6819,0.00210745,7.85877024e-06
6820,0.00217313,7.85809192e-06
6821,0.00201402,7.85741353e-06
6822,0.00268630,7.85673506e-06
6823,0.00916115,7.85605651e-06
6824,0.04289602,7.85537789e-06
6825,0.00282049,7.85469918e-06
6826,0.00354395,7.8540204e-06
6827,0.01670313,7.85334154e-06
6828,0.00450416,7.85266261e-06
6829,0.00589509,7.85198359e-06
6830,0.01604823,7.8513045e-06
6831,0.00139883,7.85062532e-06
6832,0.00325585,7.84994607e-06
6833,0.00127616,7.84926675e-06
6834,0.00203746,7.84858734e-06
6835,0.00226147,7.84790786e-06
6836,0.00234725,7.8472283e-06
6837,0.00539132,7.84654866e-06
6838,0.00682686,7.84586894e-06
6839,0.00389734,7.84518915e-06
6840,0.00218296,7.84450927e-06
6841,0.00281943,7.84382932e-06
6842,0.00298081,7.8431493e-06
6843,0.01870175,7.84246919e-06
6844,0.00729194,7.84178901e-06
6845,0.00513694,7.84110875e-06
6846,0.01004966,7.84042841e-06
6847,0.00420144,7.83974799e-06
6848,0.00729905,7.8390675e-06
6849,0.00225052,7.83838693e-06
6850,0.00536578,7.83770628e-06
6851,0.00347887,7.83702555e-06
6852,0.02301510,7.83634475e-06
6853,0.00193190,7.83566386e-06
6854,0.00252617,7.8349829e-06
6855,0.00360137,7.83430187e-06
6856,0.04166554,7.83362075e-06
6857,0.00161125,7.83293956e-06
6858,0.00451200,7.83225829e-06
6859,0.00323633,7.83157694e-06
6860,0.00273721,7.83089552e-06
6861,0.01417725,7.83021402e-06
6862,0.00171202,7.82953244e-06
6863,0.00252625,7.82885078e-06
6864,0.00142611,7.82816905e-06
6865,0.00312867,7.82748724e-06
6866,0.01251166,7.82680535e-06
6867,0.00553783,7.82612339e-06
6868,0.00455325,7.82544134e-06
6869,0.01181421,7.82475922e-06
6870,0.00972308,7.82407702e-06
6871,0.00865440,7.82339475e-06
6872,0.00178041,7.8227124e-06
6873,0.00289734,7.82202997e-06
6874,0.00348197,7.82134746e-06
6875,0.00870416,7.82066488e-06
6876,0.00973632,7.81998222e-06
6877,0.03340619,7.81929948e-06
6878,0.00591819,7.81861667e-06
6879,0.00479231,7.81793378e-06
6880,0.00562264,7.81725081e-06
6881,0.00165326,7.81656776e-06
6882,0.00115707,7.81588464e-06
6883,0.00221441,7.81520144e-06
6884,0.00482690,7.81451816e-06
6885,0.00451506,7.81383481e-06
6886,0.00218230,7.81315138e-06
6887,0.00273203,7.81246787e-06
6888,0.01449596,7.81178429e-06
6889,0.00813745,7.81110063e-06
6890,0.00313388,7.81041689e-06
6891,0.00262806,7.80973307e-06
6892,0.02674604,7.80904918e-06
6893,0.01095271,7.80836521e-06
6894,0.00227143,7.80768117e-06
6895,0.00971089,7.80699705e-06
6896,0.00236224,7.80631285e-06
6897,0.00480923,7.80562857e-06
6898,0.00226003,7.80494422e-06
6899,0.00559201,7.80425979e-06
6900,0.16048607,7.80357529e-06
6901,0.00685706,7.8028907e-06
6902,0.00950706,7.80220605e-06
6903,0.00577908,7.80152131e-06
6904,0.00486925,7.8008365e-06
6905,0.00247746,7.80015161e-06
6906,0.00179133,7.79946664e-06
6907,0.00256366,7.7987816e-06
6908,0.00262953,7.79809649e-06
6909,0.00297604,7.79741129e-06
6910,0.00236033,7.79672602e-06
6911,0.00174346,7.79604067e-06
6912,0.00390517,7.79535525e-06
6913,0.00387394,7.79466975e-06
6914,0.00096672,7.79398417e-06
6915,0.00386401,7.79329852e-06
6916,0.00257504,7.79261279e-06
6917,0.00118424,7.79192698e-06
6918,0.00925139,7.7912411e-06
6919,0.00137247,7.79055514e-06
6920,0.00204564,7.78986911e-06
6921,0.00489310,7.78918299e-06
6922,0.00197003,7.78849681e-06
6923,0.00369946,7.78781054e-06
6924,0.01680407,7.7871242e-06
6925,0.00383185,7.78643779e-06
6926,0.00335987,7.7857513e-06
6927,0.00182635,7.78506473e-06
6928,0.00245879,7.78437808e-06
6929,0.00581114,7.78369136e-06
6930,0.00604841,7.78300456e-06
6931,0.00978742,7.78231769e-06
6932,0.00633262,7.78163074e-06
6933,0.00676829,7.78094372e-06
6934,0.00816752,7.78025662e-06
6935,0.00157113,7.77956944e-06
6936,0.00197843,7.77888219e-06
6937,0.00172182,7.77819486e-06
6938,0.05710979,7.77750745e-06
6939,0.00979518,7.77681997e-06
6940,0.03715726,7.77613242e-06
6941,0.00751565,7.77544478e-06
6942,0.00426045,7.77475707e-06
6943,0.00777081,7.77406929e-06
6944,0.01164733,7.77338143e-06
6945,0.01202710,7.77269349e-06
6946,0.00346605,7.77200548e-06
6947,0.02078278,7.77131739e-06
6948,0.01377358,7.77062923e-06
6949,0.00592733,7.76994099e-06
6950,0.00809002,7.76925268e-06
6951,0.00175644,7.76856429e-06
6952,0.00275949,7.76787582e-06
6953,0.00668369,7.76718728e-06
6954,0.00603911,7.76649866e-06
6955,0.00092657,7.76580997e-06
6956,0.00482496,7.7651212e-06
6957,0.00506535,7.76443235e-06
6958,0.02238890,7.76374343e-06
6959,0.00445887,7.76305444e-06
6960,0.00345507,7.76236537e-06
6961,0.00273009,7.76167622e-06
6962,0.00558300,7.760987e-06
6963,0.00174071,7.7602977e-06
6964,0.00256815,7.75960833e-06
6965,0.00763335,7.75891888e-06
6966,0.00261306,7.75822935e-06
6967,0.00402598,7.75753975e-06
6968,0.00629164,7.75685008e-06
6969,0.00291719,7.75616033e-06
6970,0.00530518,7.7554705e-06
6971,0.00653872,7.7547806e-06
6972,0.00187336,7.75409063e-06
6973,0.00152837,7.75340057e-06
6974,0.00793251,7.75271045e-06
6975,0.00307078,7.75202025e-06
6976,0.00208307,7.75132997e-06
6977,0.01257627,7.75063962e-06
6978,0.00447239,7.74994919e-06
6979,0.00372923,7.74925869e-06
6980,0.00257046,7.74856811e-06
6981,0.03501633,7.74787745e-06
6982,0.00242359,7.74718673e-06
6983,0.03101557,7.74649592e-06
6984,0.00375235,7.74580504e-06
6985,0.00187956,7.74511409e-06
6986,0.00261158,7.74442306e-06
6987,0.00367741,7.74373196e-06
6988,0.02556325,7.74304078e-06
6989,0.00174792,7.74234953e-06
6990,0.00432186,7.7416582e-06
6991,0.00223353,7.74096679e-06
6992,0.00387374,7.74027531e-06
6993,0.00411207,7.73958376e-06
6994,0.00169415,7.73889213e-06
6995,0.06428204,7.73820043e-06
6996,0.00356138,7.73750865e-06
6997,0.00253635,7.7368168e-06
6998,0.00084004,7.73612487e-06
6999,0.00087231,7.73543287e-06
7000,0.00353169,7.73474079e-06
7001,0.02142599,7.73404864e-06
7002,0.00485088,7.73335641e-06
7003,0.07109796,7.73266411e-06
7004,0.00134372,7.73197173e-06
7005,0.02037097,7.73127928e-06
7006,0.00723817,7.73058676e-06
7007,0.00225684,7.72989416e-06
7008,0.00293936,7.72920148e-06
7009,0.00741008,7.72850873e-06
7010,0.01602430,7.72781591e-06
7011,0.00613059,7.72712301e-06
7012,0.00579594,7.72643004e-06
7013,0.02431859,7.72573699e-06
7014,0.01056107,7.72504387e-06
7015,0.00667588,7.72435067e-06
7016,0.00240526,7.7236574e-06
7017,0.00312019,7.72296405e-06
7018,0.02857936,7.72227063e-06
7019,0.00896127,7.72157714e-06
7020,0.02143676,7.72088357e-06
7021,0.00347359,7.72018992e-06
7022,0.00571665,7.71949621e-06
7023,0.00284799,7.71880241e-06
7024,0.02306493,7.71810855e-06
7025,0.01170517,7.71741461e-06
7026,0.00142685,7.71672059e-06
7027,0.00176364,7.7160265e-06
7028,0.00202707,7.71533234e-06
7029,0.00327083,7.7146381e-06
7030,0.03992054,7.71394379e-06
7031,0.00615313,7.7132494e-06
7032,0.00300416,7.71255494e-06
7033,0.03353086,7.71186041e-06
7034,0.00771196,7.7111658e-06
7035,0.01448156,7.71047111e-06
7036,0.00400664,7.70977636e-06
7037,0.00921008,7.70908153e-06
7038,0.00421750,7.70838662e-06
7039,0.00259287,7.70769164e-06
7040,0.00291839,7.70699659e-06
7041,0.01944319,7.70630146e-06
7042,0.00394783,7.70560626e-06
7043,0.00599018,7.70491099e-06
7044,0.00207105,7.70421564e-06
7045,0.00211749,7.70352021e-06
7046,0.00329137,7.70282472e-06
7047,0.00100802,7.70212915e-06
7048,0.00243291,7.7014335e-06
7049,0.00171163,7.70073778e-06
7050,0.04229033,7.70004199e-06
7051,0.00451567,7.69934612e-06
7052,0.00194561,7.69865018e-06
7053,0.00176168,7.69795417e-06
7054,0.00290482,7.69725808e-06
7055,0.00080469,7.69656192e-06
7056,0.00590401,7.69586568e-06
7057,0.05309784,7.69516938e-06
7058,0.00213915,7.69447299e-06
7059,0.00807467,7.69377654e-06
7060,0.00182604,7.69308001e-06
7061,0.00148546,7.6923834e-06
7062,0.00180899,7.69168673e-06
7063,0.00348295,7.69098998e-06
7064,0.00282799,7.69029315e-06
7065,0.00340612,7.68959625e-06
7066,0.01024352,7.68889928e-06
7067,0.00502967,7.68820224e-06
7068,0.02444628,7.68750512e-06
7069,0.00184716,7.68680793e-06
7070,0.00129584,7.68611066e-06
7071,0.00124584,7.68541332e-06
7072,0.00629147,7.68471591e-06
7073,0.09050870,7.68401843e-06
7074,0.00778366,7.68332087e-06
7075,0.01268022,7.68262324e-06
7076,0.00380017,7.68192553e-06
7077,0.00362988,7.68122775e-06
7078,0.02113903,7.6805299e-06
7079,0.00104909,7.67983197e-06
7080,0.00736373,7.67913397e-06
7081,0.01041094,7.6784359e-06
7082,0.00227400,7.67773776e-06
7083,0.00365581,7.67703954e-06
7084,0.00532690,7.67634125e-06
7085,0.00159208,7.67564288e-06
7086,0.00332634,7.67494444e-06
7087,0.00203812,7.67424593e-06
7088,0.01174218,7.67354735e-06
7089,0.00496336,7.67284869e-06
7090,0.00255641,7.67214996e-06
7091,0.00533080,7.67145116e-06
7092,0.00175424,7.67075228e-06
7093,0.00503735,7.67005333e-06
7094,0.00704905,7.66935431e-06
7095,0.00192747,7.66865521e-06
7096,0.00436781,7.66795605e-06
7097,0.01327523,7.66725681e-06
7098,0.00301300,7.66655749e-06
7099,0.00284658,7.6658581e-06
7100,0.00111832,7.66515864e-06
7101,0.00200905,7.66445911e-06
7102,0.00200734,7.6637595e-06
7103,0.01157408,7.66305983e-06
7104,0.00551242,7.66236008e-06
7105,0.00232908,7.66166025e-06
7106,0.00619413,7.66096035e-06
7107,0.04748294,7.66026038e-06
7108,0.00178185,7.65956034e-06
7109,0.00714370,7.65886023e-06
7110,0.00223452,7.65816004e-06
7111,0.00175687,7.65745978e-06
7112,0.00539534,7.65675945e-06
7113,0.00261341,7.65605904e-06
7114,0.00302117,7.65535856e-06
7115,0.01024578,7.65465801e-06
7116,0.00249241,7.65395739e-06
7117,0.06710175,7.65325669e-06
7118,0.00218419,7.65255592e-06
7119,0.00113758,7.65185508e-06
7120,0.00652335,7.65115417e-06
7121,0.00571795,7.65045318e-06
7122,0.00519863,7.64975212e-06
7123,0.00151833,7.64905099e-06
7124,0.01045553,7.64834979e-06
7125,0.00195582,7.64764851e-06
7126,0.00236203,7.64694716e-06
7127,0.00303349,7.64624574e-06
7128,0.00493533,7.64554425e-06
7129,0.00310517,7.64484268e-06
7130,0.00241254,7.64414105e-06
7131,0.00201999,7.64343934e-06
7132,0.00190955,7.64273755e-06
7133,0.00230885,7.6420357e-06
7134,0.00125427,7.64133377e-06
7135,0.00160928,7.64063177e-06
7136,0.00152784,7.6399297e-06
7137,0.01317324,7.63922756e-06
7138,0.00142610,7.63852534e-06
7139,0.00170761,7.63782306e-06
7140,0.00177013,7.6371207e-06
7141,0.01236586,7.63641827e-06
7142,0.00510201,7.63571576e-06
7143,0.00208244,7.63501319e-06
7144,0.00242187,7.63431054e-06
7145,0.00481559,7.63360782e-06
7146,0.04225248,7.63290503e-06
7147,0.05928497,7.63220216e-06
7148,0.00783110,7.63149923e-06
7149,0.00868911,7.63079622e-06
7150,0.00420179,7.63009314e-06
7151,0.00334855,7.62938999e-06
7152,0.02516132,7.62868676e-06
7153,0.00488717,7.62798347e-06
7154,0.00291624,7.6272801e-06
7155,0.00475812,7.62657666e-06
7156,0.01805969,7.62587315e-06
7157,0.00189522,7.62516957e-06
7158,0.00248565,7.62446591e-06
7159,0.00139493,7.62376219e-06
7160,0.00323509,7.62305839e-06
7161,0.00480922,7.62235452e-06
7162,0.00083785,7.62165058e-06
7163,0.01887178,7.62094656e-06
7164,0.02759249,7.62024248e-06
7165,0.00581137,7.61953832e-06
7166,0.00206628,7.6188341e-06
7167,0.00275721,7.6181298e-06
7168,0.01406991,7.61742542e-06
7169,0.00639256,7.61672098e-06
7170,0.00234795,7.61601647e-06
7171,0.01131018,7.61531188e-06
7172,0.00544136,7.61460722e-06
7173,0.00138611,7.6139025e-06
7174,0.01410749,7.6131977e-06
7175,0.00175671,7.61249282e-06
7176,0.00286552,7.61178788e-06
7177,0.00257486,7.61108287e-06
7178,0.00555010,7.61037778e-06
7179,0.00281601,7.60967262e-06
7180,0.00193979,7.60896739e-06
7181,0.00802452,7.60826209e-06
7182,0.00190467,7.60755672e-06
7183,0.00099190,7.60685128e-06
7184,0.00084391,7.60614577e-06
7185,0.00483737,7.60544018e-06
7186,0.00076984,7.60473453e-06
7187,0.00222111,7.6040288e-06
7188,0.00134716,7.603323e-06
7189,0.00175110,7.60261713e-06
7190,0.00736036,7.60191119e-06
7191,0.00119989,7.60120518e-06
7192,0.00200020,7.60049909e-06
7193,0.00179562,7.59979294e-06
7194,0.01158719,7.59908671e-06
7195,0.00125289,7.59838042e-06
7196,0.00195674,7.59767405e-06
7197,0.00196793,7.59696761e-06
7198,0.00199245,7.5962611e-06
7199,0.00180490,7.59555452e-06
7200,0.02122672,7.59484787e-06
7201,0.00929855,7.59414115e-06
7202,0.00345908,7.59343435e-06
7203,0.00458383,7.59272749e-06
7204,0.00363152,7.59202055e-06
7205,0.00256436,7.59131355e-06
7206,0.01190631,7.59060647e-06
7207,0.00768720,7.58989932e-06
7208,0.00715890,7.5891921e-06
7209,0.00675236,7.58848482e-06
7210,0.00387927,7.58777746e-06
7211,0.00385407,7.58707002e-06
7212,0.00475692,7.58636252e-06
7213,0.00298766,7.58565495e-06
7214,0.00208352,7.58494731e-06
7215,0.02312273,7.58423959e-06
7216,0.00141612,7.58353181e-06
7217,0.00125479,7.58282396e-06
7218,0.00739539,7.58211603e-06
7219,0.00552544,7.58140803e-06
7220,0.02436648,7.58069997e-06
7221,0.06669648,7.57999183e-06
7222,0.00287295,7.57928362e-06
7223,0.00154958,7.57857534e-06
7224,0.00319542,7.57786699e-06
7225,0.02158047,7.57715858e-06
7226,0.00810107,7.57645009e-06
7227,0.00660241,7.57574153e-06
7228,0.00504573,7.5750329e-06
7229,0.00663969,7.57432419e-06
7230,0.00549794,7.57361542e-06
7231,0.01292180,7.57290658e-06
7232,0.00304845,7.57219767e-06
7233,0.00337499,7.57148869e-06
7234,0.00636026,7.57077963e-06
7235,0.00447800,7.57007051e-06
7236,0.01421023,7.56936132e-06
7237,0.00200966,7.56865205e-06
7238,0.01228200,7.56794272e-06
7239,0.00214882,7.56723332e-06
7240,0.00272117,7.56652384e-06
7241,0.00257102,7.5658143e-06
7242,0.00713897,7.56510468e-06
7243,0.00550045,7.564395e-06
7244,0.00650375,7.56368524e-06
7245,0.00317299,7.56297542e-06
7246,0.00835148,7.56226553e-06
7247,0.00893130,7.56155556e-06
7248,0.00140710,7.56084553e-06
7249,0.01794615,7.56013542e-06
7250,0.00308850,7.55942525e-06
7251,0.00122429,7.558715e-06
7252,0.00506051,7.55800469e-06
7253,0.00132259,7.5572943e-06
7254,0.00325007,7.55658385e-06
7255,0.00136619,7.55587332e-06
7256,0.00486489,7.55516273e-06
7257,0.03544463,7.55445206e-06
7258,0.00239679,7.55374133e-06
7259,0.01132400,7.55303052e-06
7260,0.01713007,7.55231965e-06
7261,0.00534155,7.55160871e-06
7262,0.00158811,7.55089769e-06
7263,0.00140750,7.55018661e-06
7264,0.00485332,7.54947546e-06
7265,0.00530801,7.54876424e-06
7266,0.07157478,7.54805294e-06
7267,0.00285303,7.54734158e-06
7268,0.00343221,7.54663015e-06
7269,0.00222458,7.54591865e-06
7270,0.01076362,7.54520708e-06
7271,0.06456426,7.54449544e-06
7272,0.00511806,7.54378373e-06
7273,0.00441354,7.54307195e-06
7274,0.00324256,7.5423601e-06
7275,0.00935654,7.54164818e-06
7276,0.00255906,7.54093619e-06
7277,0.05442511,7.54022414e-06
7278,0.01257329,7.53951201e-06
7279,0.00161404,7.53879981e-06
7280,0.00481129,7.53808755e-06
7281,0.00317212,7.53737521e-06
7282,0.00882784,7.53666281e-06
7283,0.00680411,7.53595033e-06
7284,0.00122847,7.53523779e-06
7285,0.00326093,7.53452518e-06
7286,0.00338438,7.5338125e-06
7287,0.00204357,7.53309975e-06
7288,0.02101737,7.53238693e-06
7289,0.00802914,7.53167404e-06
7290,0.01039123,7.53096108e-06
7291,0.00268344,7.53024805e-06
7292,0.00425957,7.52953495e-06
7293,0.00741997,7.52882179e-06
7294,0.00672867,7.52810855e-06
7295,0.00627172,7.52739525e-06
7296,0.01998475,7.52668187e-06
7297,0.00388558,7.52596843e-06
7298,0.00364565,7.52525492e-06
7299,0.00146583,7.52454134e-06
7300,0.00209868,7.52382769e-06
7301,0.00840100,7.52311397e-06
7302,0.01003037,7.52240018e-06
7303,0.00464739,7.52168633e-06
7304,0.00269653,7.5209724e-06
7305,0.01058600,7.52025841e-06
7306,0.00255523,7.51954434e-06
7307,0.04640793,7.51883021e-06
7308,0.01103902,7.51811601e-06
7309,0.01004047,7.51740174e-06
7310,0.00229300,7.5166874e-06
7311,0.00147818,7.51597299e-06
7312,0.00417152,7.51525852e-06
7313,0.00313905,7.51454397e-06
7314,0.00787993,7.51382936e-06
7315,0.00064351,7.51311467e-06
7316,0.02400448,7.51239992e-06
7317,0.00248357,7.5116851e-06
7318,0.00919241,7.51097021e-06
7319,0.00210833,7.51025526e-06
7320,0.00667176,7.50954023e-06
7321,0.00462860,7.50882513e-06
7322,0.00164299,7.50810997e-06
7323,0.00460102,7.50739474e-06
7324,0.00439991,7.50667944e-06
7325,0.00409534,7.50596407e-06
7326,0.00352428,7.50524863e-06
7327,0.02524503,7.50453313e-06
7328,0.00550516,7.50381755e-06
7329,0.00517723,7.50310191e-06
7330,0.00303343,7.5023862e-06
7331,0.00759559,7.50167042e-06
7332,0.00289134,7.50095457e-06
7333,0.00271655,7.50023865e-06
7334,0.00191568,7.49952267e-06
7335,0.00369457,7.49880662e-06
7336,0.01066705,7.49809049e-06
7337,0.00716670,7.4973743e-06
7338,0.00949484,7.49665805e-06
7339,0.00190810,7.49594172e-06
7340,0.00891008,7.49522533e-06
7341,0.00240771,7.49450886e-06
7342,0.00415941,7.49379233e-06
7343,0.05567293,7.49307573e-06
7344,0.00510641,7.49235907e-06
7345,0.00900624,7.49164233e-06
7346,0.00070981,7.49092553e-06
7347,0.00321905,7.49020866e-06
7348,0.00375890,7.48949172e-06
7349,0.00112959,7.48877471e-06
7350,0.00210449,7.48805763e-06
7351,0.00262785,7.48734049e-06
7352,0.00962011,7.48662328e-06
7353,0.00253243,7.485906e-06
7354,0.00373908,7.48518865e-06
7355,0.01201325,7.48447123e-06
7356,0.00201833,7.48375375e-06
7357,0.00246932,7.4830362e-06
7358,0.00244105,7.48231858e-06
7359,0.00847874,7.48160089e-06
7360,0.00974641,7.48088314e-06
7361,0.00497996,7.48016531e-06
7362,0.01355668,7.47944742e-06
7363,0.00227012,7.47872946e-06
7364,0.00180056,7.47801144e-06
7365,0.00494259,7.47729334e-06
7366,0.00580511,7.47657518e-06
7367,0.00200187,7.47585695e-06
7368,0.02213630,7.47513865e-06
7369,0.00577538,7.47442029e-06
7370,0.01946048,7.47370186e-06
7371,0.00684235,7.47298336e-06
7372,0.00250023,7.47226479e-06
7373,0.00140996,7.47154615e-06
7374,0.00181160,7.47082745e-06
7375,0.00151005,7.47010868e-06
7376,0.00169267,7.46938984e-06
7377,0.00105508,7.46867094e-06
7378,0.05984187,7.46795196e-06
7379,0.00471251,7.46723292e-06
7380,0.00299058,7.46651381e-06
7381,0.05373369,7.46579464e-06
7382,0.00425824,7.4650754e-06
7383,0.00246879,7.46435609e-06
7384,0.01075760,7.46363671e-06
7385,0.00703147,7.46291726e-06
7386,0.00269931,7.46219775e-06
7387,0.00415485,7.46147817e-06
7388,0.00387646,7.46075852e-06
7389,0.00227863,7.46003881e-06
7390,0.00186937,7.45931903e-06
7391,0.00805420,7.45859918e-06
7392,0.00306356,7.45787926e-06
7393,0.00407642,7.45715928e-06
7394,0.00349672,7.45643923e-06
7395,0.01204909,7.45571911e-06
7396,0.00130499,7.45499893e-06
7397,0.00193810,7.45427868e-06
7398,0.00167243,7.45355836e-06
7399,0.00291142,7.45283797e-06
7400,0.00483373,7.45211752e-06
7401,0.00219014,7.451397e-06
7402,0.00103986,7.45067641e-06
7403,0.00201876,7.44995576e-06
7404,0.00211168,7.44923504e-06
7405,0.00204812,7.44851425e-06
7406,0.00265240,7.44779339e-06
7407,0.00163870,7.44707247e-06
7408,0.00237740,7.44635148e-06
7409,0.00332670,7.44563043e-06
7410,0.00209424,7.44490931e-06
7411,0.02112428,7.44418812e-06
7412,0.00669448,7.44346686e-06
7413,0.00342911,7.44274554e-06
7414,0.00527571,7.44202415e-06
7415,0.00147309,7.44130269e-06
7416,0.00307687,7.44058117e-06
7417,0.01143046,7.43985958e-06
7418,0.00821297,7.43913792e-06
7419,0.04320178,7.4384162e-06
7420,0.00333414,7.43769441e-06
7421,0.00521035,7.43697255e-06
7422,0.00966323,7.43625063e-06
7423,0.02070743,7.43552864e-06
7424,0.00141720,7.43480658e-06
7425,0.00312960,7.43408446e-06
7426,0.04016479,7.43336227e-06
7427,0.00294582,7.43264001e-06
7428,0.02460383,7.43191769e-06
7429,0.00674750,7.4311953e-06
7430,0.02252365,7.43047285e-06
7431,0.00618745,7.42975032e-06
7432,0.00365486,7.42902774e-06
7433,0.00209059,7.42830508e-06
7434,0.00312647,7.42758236e-06
7435,0.01016312,7.42685957e-06
7436,0.00225234,7.42613672e-06
7437,0.00704583,7.4254138e-06
7438,0.01220678,7.42469081e-06
7439,0.00720354,7.42396776e-06
7440,0.00174197,7.42324464e-06
7441,0.00318553,7.42252145e-06
7442,0.00553033,7.4217982e-06
7443,0.00520840,7.42107488e-06
7444,0.00118597,7.4203515e-06
7445,0.00511419,7.41962805e-06
7446,0.00395643,7.41890453e-06
7447,0.00506704,7.41818095e-06
7448,0.00349719,7.4174573e-06
7449,0.00367923,7.41673359e-06
7450,0.02523213,7.41600981e-06
7451,0.00470872,7.41528596e-06
7452,0.00455084,7.41456205e-06
7453,0.00318667,7.41383807e-06
7454,0.00269573,7.41311402e-06
7455,0.00887981,7.41238991e-06
7456,0.00210668,7.41166574e-06
7457,0.00221754,7.41094149e-06
7458,0.03317729,7.41021719e-06
7459,0.00269252,7.40949281e-06
7460,0.00221959,7.40876837e-06
7461,0.00305524,7.40804386e-06
7462,0.00161947,7.40731929e-06
7463,0.01005097,7.40659465e-06
7464,0.00159880,7.40586995e-06
7465,0.00319050,7.40514518e-06
7466,0.00111425,7.40442035e-06
7467,0.00261136,7.40369544e-06
7468,0.00209848,7.40297048e-06
7469,0.00250866,7.40224545e-06
7470,0.00342318,7.40152035e-06
7471,0.00197611,7.40079518e-06
7472,0.00274678,7.40006995e-06
7473,0.00318332,7.39934466e-06
7474,0.00236717,7.3986193e-06
7475,0.00716694,7.39789387e-06
7476,0.00589172,7.39716838e-06
7477,0.00276920,7.39644282e-06
7478,0.00351312,7.3957172e-06
7479,0.01905570,7.39499151e-06
7480,0.00163002,7.39426576e-06
7481,0.00155946,7.39353994e-06
7482,0.00149773,7.39281406e-06
7483,0.00108345,7.39208811e-06
7484,0.01727570,7.39136209e-06
7485,0.00617469,7.39063601e-06
7486,0.00166023,7.38990986e-06
7487,0.00382957,7.38918365e-06
7488,0.00178035,7.38845737e-06
7489,0.00545510,7.38773103e-06
7490,0.00202021,7.38700463e-06
7491,0.00251014,7.38627815e-06
7492,0.00145142,7.38555161e-06
7493,0.00189874,7.38482501e-06
7494,0.00338864,7.38409834e-06
7495,0.02864427,7.38337161e-06
7496,0.00204357,7.38264481e-06
7497,0.00233829,7.38191795e-06
7498,0.00231770,7.38119102e-06
7499,0.00177652,7.38046402e-06
7500,0.00317847,7.37973697e-06
7501,0.00127647,7.37900984e-06
7502,0.01302427,7.37828265e-06
7503,0.00263764,7.3775554e-06
7504,0.00501505,7.37682808e-06
7505,0.00503990,7.37610069e-06
7506,0.00230467,7.37537324e-06
7507,0.00180424,7.37464573e-06
7508,0.00090564,7.37391815e-06
7509,0.00140786,7.37319051e-06
7510,0.00833149,7.3724628e-06
7511,0.00280320,7.37173503e-06
7512,0.00987555,7.37100719e-06
7513,0.00564195,7.37027928e-06
7514,0.00139624,7.36955132e-06
7515,0.00226950,7.36882328e-06
7516,0.00556675,7.36809518e-06
7517,0.00413479,7.36736702e-06
7518,0.00124361,7.36663879e-06
7519,0.00587214,7.3659105e-06
7520,0.00234067,7.36518215e-06
7521,0.00464906,7.36445373e-06
7522,0.00801268,7.36372524e-06
7523,0.01500315,7.36299669e-06
7524,0.00193400,7.36226807e-06
7525,0.00112963,7.36153939e-06
7526,0.00625132,7.36081065e-06
7527,0.00185909,7.36008184e-06
7528,0.00354786,7.35935297e-06
7529,0.00831604,7.35862403e-06
7530,0.00103962,7.35789503e-06
7531,0.00378764,7.35716596e-06
7532,0.00568892,7.35643683e-06
7533,0.00351041,7.35570763e-06
7534,0.00147734,7.35497837e-06
7535,0.00101342,7.35424905e-06
7536,0.00152098,7.35351966e-06
7537,0.00087690,7.35279021e-06
7538,0.00159288,7.35206069e-06
7539,0.00081758,7.35133111e-06
7540,0.00228187,7.35060146e-06
7541,0.00047877,7.34987175e-06
7542,0.02646139,7.34914198e-06
7543,0.00551866,7.34841214e-06
7544,0.04281990,7.34768224e-06
7545,0.00349406,7.34695227e-06
7546,0.00679272,7.34622224e-06
7547,0.01309084,7.34549214e-06
7548,0.00367048,7.34476198e-06
7549,0.00296797,7.34403176e-06
7550,0.00417568,7.34330147e-06
7551,0.00140521,7.34257112e-06
7552,0.00303638,7.3418407e-06
7553,0.01697047,7.34111022e-06
7554,0.00113619,7.34037968e-06
7555,0.02439060,7.33964907e-06
7556,0.00435937,7.3389184e-06
7557,0.00148455,7.33818766e-06
7558,0.01497813,7.33745686e-06
7559,0.00195623,7.336726e-06
7560,0.02125621,7.33599507e-06
7561,0.00128501,7.33526408e-06
7562,0.02224053,7.33453303e-06
7563,0.00145752,7.33380191e-06
7564,0.00157835,7.33307072e-06
7565,0.00241275,7.33233948e-06
7566,0.00704669,7.33160817e-06
7567,0.01282476,7.33087679e-06
7568,0.00261917,7.33014535e-06
7569,0.00444411,7.32941385e-06
7570,0.00297958,7.32868229e-06
7571,0.00186872,7.32795066e-06
7572,0.00158489,7.32721897e-06
7573,0.00651951,7.32648721e-06
7574,0.00303841,7.32575539e-06
7575,0.01505276,7.32502351e-06
7576,0.00806188,7.32429156e-06
7577,0.00385607,7.32355955e-06
7578,0.00075875,7.32282748e-06
7579,0.00162299,7.32209534e-06
7580,0.00268455,7.32136314e-06
7581,0.00352511,7.32063087e-06
7582,0.00239023,7.31989854e-06
7583,0.04864448,7.31916615e-06
7584,0.00298346,7.3184337e-06
7585,0.00755012,7.31770118e-06
7586,0.00311864,7.3169686e-06
7587,0.00161328,7.31623595e-06
7588,0.00574792,7.31550325e-06
7589,0.00140912,7.31477047e-06
7590,0.00284624,7.31403764e-06
7591,0.00197675,7.31330474e-06
7592,0.00295262,7.31257178e-06
7593,0.00272670,7.31183876e-06
7594,0.00117882,7.31110567e-06
7595,0.00122777,7.31037252e-06
7596,0.00177602,7.3096393e-06
7597,0.00368811,7.30890603e-06
7598,0.00524752,7.30817268e-06
7599,0.00203247,7.30743928e-06
7600,0.00606254,7.30670581e-06
7601,0.00694399,7.30597229e-06
7602,0.00270658,7.30523869e-06
7603,0.00151305,7.30450504e-06
7604,0.00071301,7.30377132e-06
7605,0.00488571,7.30303754e-06
7606,0.00309642,7.30230369e-06
7607,0.00471406,7.30156978e-06
7608,0.00347765,7.30083581e-06
7609,0.00191026,7.30010178e-06
7610,0.00413145,7.29936768e-06
7611,0.00187010,7.29863353e-06
7612,0.00909309,7.2978993e-06
7613,0.00208208,7.29716502e-06
7614,0.00216353,7.29643067e-06
7615,0.00736503,7.29569626e-06
7616,0.01705119,7.29496179e-06
7617,0.00188120,7.29422725e-06
7618,0.00128842,7.29349265e-06
7619,0.00235861,7.29275799e-06
7620,0.00267657,7.29202327e-06
7621,0.00222229,7.29128848e-06
7622,0.00310714,7.29055363e-06
7623,0.00194853,7.28981872e-06
7624,0.01287118,7.28908374e-06
7625,0.00620530,7.28834871e-06
7626,0.03025017,7.28761361e-06
7627,0.00154345,7.28687845e-06
7628,0.04284740,7.28614322e-06
7629,0.00141225,7.28540793e-06
7630,0.00286174,7.28467258e-06
7631,0.00238669,7.28393717e-06
7632,0.00251792,7.2832017e-06
7633,0.00208022,7.28246616e-06
7634,0.00271829,7.28173056e-06
7635,0.01452970,7.2809949e-06
7636,0.00164316,7.28025917e-06
7637,0.00817318,7.27952339e-06
7638,0.00183742,7.27878754e-06
7639,0.01406544,7.27805163e-06
7640,0.01232468,7.27731565e-06
7641,0.00181077,7.27657962e-06
7642,0.00432731,7.27584352e-06
7643,0.00371641,7.27510736e-06
7644,0.00139692,7.27437114e-06
7645,0.00116315,7.27363485e-06
7646,0.00113842,7.27289851e-06
7647,0.00316581,7.2721621e-06
7648,0.00565834,7.27142563e-06
7649,0.00105379,7.27068909e-06
7650,0.00341108,7.2699525e-06
7651,0.00389929,7.26921584e-06
7652,0.00546504,7.26847912e-06
7653,0.00436629,7.26774234e-06
7654,0.00213814,7.2670055e-06
7655,0.00179959,7.26626859e-06
7656,0.00481301,7.26553163e-06
7657,0.01090078,7.2647946e-06
7658,0.00403259,7.2640575e-06
7659,0.00105593,7.26332035e-06
7660,0.00297103,7.26258314e-06
7661,0.01000253,7.26184586e-06
7662,0.00162262,7.26110852e-06
7663,0.00079018,7.26037112e-06
7664,0.00350987,7.25963366e-06
7665,0.00089182,7.25889614e-06
7666,0.00109179,7.25815855e-06
7667,0.00065132,7.2574209e-06
7668,0.00250649,7.25668319e-06
7669,0.00545004,7.25594542e-06
7670,0.00964349,7.25520759e-06
7671,0.00553193,7.2544697e-06
7672,0.00304045,7.25373174e-06
7673,0.01039602,7.25299372e-06
7674,0.00167603,7.25225564e-06
7675,0.00151264,7.2515175e-06
7676,0.00137239,7.2507793e-06
7677,0.00349480,7.25004104e-06
7678,0.00197012,7.24930271e-06
7679,0.00452791,7.24856432e-06
7680,0.00435358,7.24782588e-06
7681,0.00259539,7.24708737e-06
7682,0.00210717,7.2463488e-06
7683,0.00196239,7.24561016e-06
7684,0.00442274,7.24487147e-06
7685,0.00351536,7.24413271e-06
7686,0.00216204,7.2433939e-06
7687,0.00163145,7.24265502e-06
7688,0.00094203,7.24191608e-06
7689,0.00322943,7.24117708e-06
7690,0.01392928,7.24043802e-06
7691,0.00237547,7.23969889e-06
7692,0.00573116,7.23895971e-06
7693,0.00089284,7.23822047e-06
7694,0.01393685,7.23748116e-06
7695,0.00404089,7.23674179e-06
7696,0.00195794,7.23600236e-06
7697,0.03012510,7.23526287e-06
7698,0.00372228,7.23452332e-06
7699,0.00207748,7.23378371e-06
7700,0.00952943,7.23304403e-06
7701,0.00099349,7.2323043e-06
7702,0.00462858,7.2315645e-06
7703,0.00191482,7.23082465e-06
7704,0.00625096,7.23008473e-06
7705,0.00292444,7.22934475e-06
7706,0.00177258,7.22860471e-06
7707,0.00406002,7.22786461e-06
7708,0.00255134,7.22712445e-06
7709,0.00196662,7.22638423e-06
7710,0.00116130,7.22564395e-06
7711,0.00490135,7.2249036e-06
7712,0.00172017,7.2241632e-06
7713,0.00693159,7.22342273e-06
7714,0.00213340,7.2226822e-06
7715,0.01147971,7.22194162e-06
7716,0.00318869,7.22120097e-06
7717,0.00828304,7.22046026e-06
7718,0.00843744,7.21971949e-06
7719,0.00265864,7.21897866e-06
7720,0.00709473,7.21823777e-06
7721,0.00245564,7.21749682e-06
7722,0.04507877,7.21675581e-06
7723,0.00251780,7.21601474e-06
7724,0.00588649,7.2152736e-06
7725,0.00391879,7.21453241e-06
7726,0.00375715,7.21379116e-06
7727,0.00365927,7.21304984e-06
7728,0.02081746,7.21230847e-06
7729,0.00218392,7.21156703e-06
7730,0.00435317,7.21082553e-06
7731,0.00241763,7.21008398e-06
7732,0.00564373,7.20934236e-06
7733,0.01060074,7.20860068e-06
7734,0.00362062,7.20785894e-06
7735,0.00243652,7.20711715e-06
7736,0.00228854,7.20637529e-06
7737,0.00342612,7.20563337e-06
7738,0.00094367,7.20489139e-06
7739,0.01549212,7.20414935e-06
7740,0.00278648,7.20340725e-06
7741,0.00261057,7.20266509e-06
7742,0.00329936,7.20192287e-06
7743,0.00353953,7.20118059e-06
7744,0.00283293,7.20043825e-06
7745,0.00104489,7.19969585e-06
7746,0.00184620,7.19895339e-06
7747,0.00408546,7.19821087e-06
7748,0.00120857,7.19746829e-06
7749,0.03419783,7.19672565e-06
7750,0.00407468,7.19598294e-06
7751,0.00178173,7.19524018e-06
7752,0.00780848,7.19449736e-06
7753,0.00181598,7.19375448e-06
7754,0.00346052,7.19301154e-06
7755,0.00153891,7.19226854e-06
7756,0.00177220,7.19152548e-06
7757,0.00414554,7.19078236e-06
7758,0.00166541,7.19003918e-06
7759,0.00794828,7.18929593e-06
7760,0.00239072,7.18855263e-06
7761,0.01425464,7.18780927e-06
7762,0.00108511,7.18706585e-06
7763,0.01369629,7.18632237e-06
7764,0.00190975,7.18557883e-06
7765,0.00583195,7.18483523e-06
7766,0.00726056,7.18409157e-06
7767,0.00117656,7.18334786e-06
7768,0.00185679,7.18260408e-06
7769,0.00349282,7.18186024e-06
7770,0.00263606,7.18111634e-06
7771,0.00340224,7.18037238e-06
7772,0.00102350,7.17962837e-06
7773,0.00460775,7.17888429e-06
7774,0.00149198,7.17814015e-06
7775,0.00346201,7.17739596e-06
7776,0.00177676,7.1766517e-06
7777,0.02692591,7.17590739e-06
7778,0.00195569,7.17516301e-06
7779,0.00583572,7.17441858e-06
7780,0.00919069,7.17367408e-06
7781,0.00073229,7.17292953e-06
7782,0.00298278,7.17218492e-06
7783,0.00223188,7.17144025e-06
7784,0.01141678,7.17069552e-06
7785,0.00736101,7.16995073e-06
7786,0.00177774,7.16920588e-06
7787,0.00693030,7.16846097e-06
7788,0.01267348,7.167716e-06
7789,0.00156452,7.16697097e-06
7790,0.00268320,7.16622588e-06
7791,0.00267378,7.16548074e-06
7792,0.00803199,7.16473553e-06
7793,0.00821085,7.16399027e-06
7794,0.00305247,7.16324494e-06
7795,0.00112348,7.16249956e-06
7796,0.01566871,7.16175412e-06
7797,0.00465779,7.16100862e-06
7798,0.00100023,7.16026306e-06
7799,0.00182093,7.15951744e-06
7800,0.00475016,7.15877176e-06
7801,0.00370988,7.15802602e-06
7802,0.00241153,7.15728023e-06
7803,0.00669273,7.15653437e-06
7804,0.00554782,7.15578846e-06
7805,0.00597824,7.15504249e-06
7806,0.00414367,7.15429645e-06
7807,0.00704409,7.15355036e-06
7808,0.00297756,7.15280421e-06
7809,0.01423599,7.15205801e-06
7810,0.00740960,7.15131174e-06
7811,0.00377571,7.15056541e-06
7812,0.00427188,7.14981903e-06
7813,0.00140297,7.14907258e-06
7814,0.00834638,7.14832608e-06
7815,0.00422893,7.14757952e-06
7816,0.00189633,7.1468329e-06
7817,0.00848900,7.14608622e-06
7818,0.00150676,7.14533948e-06
7819,0.06571136,7.14459269e-06
7820,0.00123084,7.14384583e-06
7821,0.00314606,7.14309892e-06
7822,0.00092313,7.14235195e-06
7823,0.01341655,7.14160492e-06
7824,0.00197622,7.14085783e-06
7825,0.00229467,7.14011068e-06
7826,0.00171603,7.13936347e-06
7827,0.00241524,7.13861621e-06
7828,0.02196066,7.13786889e-06
7829,0.01303039,7.13712151e-06
7830,0.01162927,7.13637407e-06
7831,0.00700309,7.13562657e-06
7832,0.00146517,7.13487901e-06
7833,0.01842050,7.1341314e-06
7834,0.00177939,7.13338372e-06
7835,0.00150494,7.13263599e-06
7836,0.00264800,7.1318882e-06
7837,0.00819132,7.13114035e-06
7838,0.00179937,7.13039245e-06
7839,0.00281000,7.12964448e-06
7840,0.00104671,7.12889646e-06
7841,0.00118667,7.12814838e-06
7842,0.00065855,7.12740024e-06
7843,0.00826202,7.12665204e-06
7844,0.00098703,7.12590378e-06
7845,0.00338914,7.12515547e-06
7846,0.00139767,7.1244071e-06
7847,0.00217797,7.12365867e-06
7848,0.00812913,7.12291018e-06
7849,0.00495084,7.12216163e-06
7850,0.00063834,7.12141303e-06
7851,0.00263535,7.12066437e-06
7852,0.01429587,7.11991565e-06
7853,0.00545213,7.11916687e-06
7854,0.00188554,7.11841803e-06
7855,0.00420866,7.11766914e-06
7856,0.00303878,7.11692019e-06
7857,0.00173831,7.11617118e-06
7858,0.00408399,7.11542211e-06
7859,0.00563839,7.11467299e-06
7860,0.00845608,7.1139238e-06
7861,0.00096908,7.11317456e-06
7862,0.00679418,7.11242526e-06
7863,0.00294650,7.11167591e-06
7864,0.04121421,7.11092649e-06
7865,0.01606939,7.11017702e-06
7866,0.00116235,7.10942749e-06
7867,0.00195178,7.1086779e-06
7868,0.01362520,7.10792826e-06
7869,0.00868112,7.10717856e-06
7870,0.00178644,7.1064288e-06
7871,0.00558458,7.10567898e-06
7872,0.02212246,7.1049291e-06
7873,0.00119326,7.10417917e-06
7874,0.00349022,7.10342918e-06
7875,0.00162169,7.10267913e-06
7876,0.05870204,7.10192903e-06
7877,0.00464763,7.10117886e-06
7878,0.00313433,7.10042864e-06
7879,0.00296459,7.09967836e-06
7880,0.00200071,7.09892803e-06
7881,0.00490534,7.09817764e-06
7882,0.00203319,7.09742719e-06
7883,0.00118843,7.09667668e-06
7884,0.00116769,7.09592611e-06
7885,0.02703774,7.09517549e-06
7886,0.00363622,7.09442481e-06
7887,0.00332800,7.09367408e-06
7888,0.00423287,7.09292328e-06
7889,0.00083882,7.09217243e-06
7890,0.00620066,7.09142152e-06
7891,0.00818511,7.09067056e-06
7892,0.00209869,7.08991954e-06
7893,0.00459391,7.08916846e-06
7894,0.00143354,7.08841732e-06
7895,0.00189201,7.08766613e-06
7896,0.00144244,7.08691488e-06
7897,0.00181655,7.08616357e-06
7898,0.00084386,7.0854122e-06
7899,0.00176333,7.08466078e-06
7900,0.00150802,7.0839093e-06
7901,0.00126702,7.08315777e-06
7902,0.02563031,7.08240617e-06
7903,0.01788313,7.08165452e-06
7904,0.00457977,7.08090282e-06
7905,0.00592025,7.08015105e-06
7906,0.00894434,7.07939923e-06
7907,0.02974612,7.07864736e-06
7908,0.00382499,7.07789542e-06
7909,0.00583102,7.07714343e-06
7910,0.01200260,7.07639138e-06
7911,0.01335047,7.07563928e-06
7912,0.00378886,7.07488712e-06
7913,0.00208117,7.0741349e-06
7914,0.00571435,7.07338262e-06
7915,0.00267920,7.07263029e-06
7916,0.01053480,7.0718779e-06
7917,0.00176598,7.07112546e-06
7918,0.00117854,7.07037296e-06
7919,0.00149101,7.0696204e-06
7920,0.01415446,7.06886779e-06
7921,0.00658682,7.06811512e-06
7922,0.00313897,7.06736239e-06
7923,0.00079847,7.0666096e-06
7924,0.00222799,7.06585676e-06
7925,0.00108956,7.06510387e-06
7926,0.04730049,7.06435091e-06
7927,0.00639530,7.0635979e-06
7928,0.00272455,7.06284484e-06
7929,0.00205048,7.06209171e-06
7930,0.00376284,7.06133853e-06
7931,0.00323727,7.0605853e-06
7932,0.00341788,7.05983201e-06
7933,0.00161623,7.05907866e-06
7934,0.00180054,7.05832525e-06
7935,0.00573223,7.05757179e-06
7936,0.00272328,7.05681828e-06
7937,0.00207437,7.0560647e-06
7938,0.00282370,7.05531107e-06
7939,0.00477317,7.05455739e-06
7940,0.00106768,7.05380365e-06
7941,0.00179789,7.05304985e-06
7942,0.00659904,7.05229599e-06
7943,0.00056130,7.05154208e-06
7944,0.00198731,7.05078812e-06
7945,0.00417660,7.05003409e-06
7946,0.00125638,7.04928002e-06
7947,0.01206347,7.04852588e-06
7948,0.00237808,7.04777169e-06
7949,0.00466942,7.04701744e-06
7950,0.00283694,7.04626314e-06
7951,0.01073020,7.04550878e-06
7952,0.03701845,7.04475437e-06
7953,0.00675458,7.0439999e-06
7954,0.01353622,7.04324537e-06
7955,0.00099855,7.04249079e-06
7956,0.00117026,7.04173615e-06
7957,0.04529850,7.04098146e-06
7958,0.00788358,7.04022671e-06
7959,0.00294265,7.03947191e-06
7960,0.00252866,7.03871704e-06
7961,0.00732327,7.03796213e-06
7962,0.00323317,7.03720716e-06
7963,0.00091742,7.03645213e-06
7964,0.00185801,7.03569704e-06
7965,0.00983010,7.0349419e-06
7966,0.05159938,7.03418671e-06
7967,0.00569530,7.03343146e-06
7968,0.00436727,7.03267615e-06
7969,0.00181778,7.03192079e-06
7970,0.00468647,7.03116537e-06
7971,0.00082687,7.0304099e-06
7972,0.00158769,7.02965437e-06
7973,0.03085626,7.02889879e-06
7974,0.00294280,7.02814315e-06
7975,0.00441856,7.02738745e-06
7976,0.00135243,7.0266317e-06
7977,0.00133795,7.0258759e-06
7978,0.00814427,7.02512004e-06
7979,0.00246284,7.02436412e-06
7980,0.00241723,7.02360815e-06
7981,0.01174081,7.02285212e-06
7982,0.00951589,7.02209604e-06
7983,0.00470122,7.0213399e-06
7984,0.00270711,7.02058371e-06
7985,0.00363659,7.01982746e-06
7986,0.00262724,7.01907116e-06
7987,0.00169722,7.0183148e-06
7988,0.00861217,7.01755839e-06
7989,0.01180975,7.01680192e-06
7990,0.00159700,7.01604539e-06
7991,0.01522019,7.01528881e-06
7992,0.00745059,7.01453218e-06
7993,0.00690038,7.01377549e-06
7994,0.00368573,7.01301874e-06
7995,0.00291457,7.01226195e-06
7996,0.00323599,7.01150509e-06
7997,0.00274761,7.01074818e-06
7998,0.00184717,7.00999122e-06
7999,0.00463862,7.0092342e-06
8000,0.00210233,7.00847712e-06
8001,0.00270639,7.00771999e-06
8002,0.00162577,7.00696281e-06
8003,0.00302413,7.00620557e-06
8004,0.00452028,7.00544828e-06
8005,0.00086979,7.00469093e-06
8006,0.00096626,7.00393352e-06
8007,0.00161244,7.00317607e-06
8008,0.00366382,7.00241855e-06
8009,0.00448014,7.00166099e-06
8010,0.04004209,7.00090336e-06
8011,0.00840089,7.00014569e-06
8012,0.00120413,6.99938795e-06
8013,0.00349713,6.99863017e-06
8014,0.00069154,6.99787233e-06
8015,0.00125001,6.99711443e-06
8016,0.01608057,6.99635648e-06
8017,0.00091563,6.99559848e-06
8018,0.02222532,6.99484042e-06
8019,0.00372346,6.9940823e-06
8020,0.00209734,6.99332413e-06
8021,0.00171737,6.99256591e-06
8022,0.00197158,6.99180763e-06
8023,0.00089813,6.9910493e-06
8024,0.00180630,6.99029091e-06
8025,0.00155182,6.98953247e-06
8026,0.00286764,6.98877398e-06
8027,0.00097937,6.98801543e-06
8028,0.00360007,6.98725682e-06
8029,0.02738225,6.98649817e-06
8030,0.00271024,6.98573945e-06
8031,0.00281524,6.98498069e-06
8032,0.00099446,6.98422187e-06
8033,0.00175690,6.98346299e-06
8034,0.00464402,6.98270406e-06
8035,0.00405101,6.98194508e-06
8036,0.00341166,6.98118604e-06
8037,0.00127587,6.98042695e-06
8038,0.00440414,6.9796678e-06
8039,0.00059936,6.9789086e-06
8040,0.02132608,6.97814934e-06
8041,0.00294208,6.97739004e-06
8042,0.00668139,6.97663067e-06
8043,0.00637283,6.97587126e-06
8044,0.00144235,6.97511179e-06
8045,0.00382302,6.97435226e-06
8046,0.00187349,6.97359268e-06
8047,0.00189427,6.97283305e-06
8048,0.00169651,6.97207336e-06
8049,0.00264071,6.97131362e-06
8050,0.01920565,6.97055383e-06
8051,0.00153538,6.96979398e-06
8052,0.00333368,6.96903408e-06
8053,0.00143638,6.96827412e-06
8054,0.01041353,6.96751411e-06
8055,0.00083791,6.96675405e-06
8056,0.00226114,6.96599393e-06
8057,0.00412894,6.96523376e-06
8058,0.00086494,6.96447353e-06
8059,0.00934893,6.96371326e-06
8060,0.00461189,6.96295292e-06
8061,0.00262731,6.96219254e-06
8062,0.00095231,6.9614321e-06
8063,0.00178998,6.9606716e-06
8064,0.00344731,6.95991106e-06
8065,0.00088423,6.95915046e-06
8066,0.00890572,6.9583898e-06
8067,0.00371647,6.9576291e-06
8068,0.00332340,6.95686833e-06
8069,0.00076526,6.95610752e-06
8070,0.00166818,6.95534665e-06
8071,0.00429401,6.95458573e-06
8072,0.00920864,6.95382476e-06
8073,0.01919978,6.95306373e-06
8074,0.00164465,6.95230265e-06
8075,0.00618914,6.95154151e-06
8076,0.00620177,6.95078032e-06
8077,0.00222364,6.95001908e-06
8078,0.00109611,6.94925778e-06
8079,0.00257199,6.94849644e-06
8080,0.00415888,6.94773503e-06
8081,0.00252219,6.94697358e-06
8082,0.00547524,6.94621207e-06
8083,0.00212700,6.94545051e-06
8084,0.00372199,6.9446889e-06
8085,0.00236011,6.94392723e-06
8086,0.00169545,6.94316551e-06
8087,0.00168390,6.94240373e-06
8088,0.00042439,6.94164191e-06
8089,0.00225249,6.94088003e-06
8090,0.00158170,6.94011809e-06
8091,0.00597727,6.93935611e-06
8092,0.00124869,6.93859407e-06
8093,0.00332279,6.93783197e-06
8094,0.00102495,6.93706983e-06
8095,0.00981170,6.93630763e-06
8096,0.01470128,6.93554538e-06
8097,0.00507501,6.93478308e-06
8098,0.00471917,6.93402072e-06
8099,0.00047723,6.93325831e-06
8100,0.01113506,6.93249585e-06
8101,0.00200550,6.93173333e-06
8102,0.01285165,6.93097076e-06
8103,0.00142191,6.93020814e-06
8104,0.00754812,6.92944547e-06
8105,0.00167807,6.92868274e-06
8106,0.00664290,6.92791996e-06
8107,0.00478059,6.92715713e-06
8108,0.00215016,6.92639424e-06
8109,0.00265165,6.92563131e-06
8110,0.00350290,6.92486832e-06
8111,0.00164732,6.92410527e-06
8112,0.00149129,6.92334218e-06
8113,0.00075087,6.92257903e-06
8114,0.01022033,6.92181583e-06
8115,0.00251592,6.92105258e-06
8116,0.00199266,6.92028927e-06
8117,0.00385526,6.91952591e-06
8118,0.01727923,6.9187625e-06
8119,0.00205639,6.91799904e-06
8120,0.00760984,6.91723552e-06
8121,0.00148849,6.91647196e-06
8122,0.00287121,6.91570834e-06
8123,0.00157017,6.91494466e-06
8124,0.00097410,6.91418094e-06
8125,0.00141786,6.91341716e-06
8126,0.00485387,6.91265333e-06
8127,0.00172743,6.91188945e-06
8128,0.00242938,6.91112552e-06
8129,0.00175648,6.91036153e-06
8130,0.00415162,6.90959749e-06
8131,0.00125818,6.9088334e-06
8132,0.00055205,6.90806926e-06
8133,0.00063290,6.90730506e-06
8134,0.00205756,6.90654081e-06
8135,0.01057721,6.90577652e-06
8136,0.00123995,6.90501216e-06
8137,0.00329273,6.90424776e-06
8138,0.01044977,6.9034833e-06
8139,0.00237596,6.9027188e-06
8140,0.00420603,6.90195424e-06
8141,0.00159786,6.90118962e-06
8142,0.00497854,6.90042496e-06
8143,0.00194564,6.89966025e-06
8144,0.00141351,6.89889548e-06
8145,0.04978629,6.89813066e-06
8146,0.00419345,6.89736579e-06
8147,0.02715733,6.89660086e-06
8148,0.00507665,6.89583589e-06
8149,0.00292455,6.89507086e-06
8150,0.00305421,6.89430578e-06
8151,0.00230732,6.89354065e-06
8152,0.00677140,6.89277547e-06
8153,0.00272858,6.89201024e-06
8154,0.00637405,6.89124495e-06
8155,0.00631585,6.89047961e-06
8156,0.00126427,6.88971422e-06
8157,0.00287014,6.88894878e-06
8158,0.01589967,6.88818329e-06
8159,0.00123189,6.88741774e-06
8160,0.00220595,6.88665215e-06
8161,0.01213360,6.8858865e-06
8162,0.00350372,6.8851208e-06
8163,0.00528712,6.88435505e-06
8164,0.00174667,6.88358925e-06
8165,0.03952090,6.8828234e-06
8166,0.00264659,6.88205749e-06
8167,0.00586665,6.88129154e-06
8168,0.00204385,6.88052553e-06
8169,0.02455382,6.87975947e-06
8170,0.00430796,6.87899336e-06
8171,0.00220453,6.8782272e-06
8172,0.00301832,6.87746098e-06
8173,0.00138078,6.87669472e-06
8174,0.00432548,6.8759284e-06
8175,0.00300590,6.87516203e-06
8176,0.00763894,6.87439562e-06
8177,0.06035509,6.87362915e-06
8178,0.00588042,6.87286262e-06
8179,0.00702793,6.87209605e-06
8180,0.00143796,6.87132943e-06
8181,0.00550234,6.87056275e-06
8182,0.00671734,6.86979603e-06
8183,0.04108706,6.86902925e-06
8184,0.00434255,6.86826242e-06
8185,0.00464374,6.86749554e-06
8186,0.01205649,6.86672861e-06
8187,0.00530544,6.86596163e-06
8188,0.01711512,6.8651946e-06
8189,0.00403070,6.86442752e-06
8190,0.00266877,6.86366038e-06
8191,0.00316716,6.8628932e-06
8192,0.01317161,6.86212596e-06
8193,0.00176277,6.86135868e-06
8194,0.00097363,6.86059134e-06
8195,0.00161465,6.85982395e-06
8196,0.00373358,6.85905651e-06
8197,0.00410170,6.85828902e-06
8198,0.00533506,6.85752148e-06
8199,0.00103203,6.85675389e-06
8200,0.00428461,6.85598624e-06
8201,0.00245174,6.85521855e-06
8202,0.00149724,6.85445081e-06
8203,0.00095411,6.85368301e-06
8204,0.00342075,6.85291517e-06
8205,0.00098495,6.85214727e-06
8206,0.00160199,6.85137932e-06
8207,0.00143196,6.85061133e-06
8208,0.00214437,6.84984328e-06
8209,0.00071342,6.84907518e-06
8210,0.00289161,6.84830703e-06
8211,0.01370836,6.84753883e-06
8212,0.00121302,6.84677058e-06
8213,0.00165942,6.84600228e-06
8214,0.00210641,6.84523393e-06
8215,0.00080498,6.84446553e-06
8216,0.00161608,6.84369708e-06
8217,0.00249318,6.84292857e-06
8218,0.00364646,6.84216002e-06
8219,0.00177004,6.84139142e-06
8220,0.00448113,6.84062276e-06
8221,0.00602476,6.83985406e-06
8222,0.00137751,6.83908531e-06
8223,0.00302809,6.8383165e-06
8224,0.00145524,6.83754765e-06
8225,0.00227046,6.83677874e-06
8226,0.00135163,6.83600979e-06
8227,0.00211566,6.83524078e-06
8228,0.00607362,6.83447173e-06
8229,0.00294971,6.83370262e-06
8230,0.00238331,6.83293346e-06
8231,0.00287989,6.83216426e-06
8232,0.00133832,6.831395e-06
8233,0.00115374,6.8306257e-06
8234,0.00187810,6.82985634e-06
8235,0.00602263,6.82908693e-06
8236,0.00079494,6.82831748e-06
8237,0.00315249,6.82754797e-06
8238,0.00083409,6.82677842e-06
8239,0.00080798,6.82600881e-06
8240,0.00097677,6.82523915e-06
8241,0.00134328,6.82446945e-06
8242,0.00246646,6.82369969e-06
8243,0.00201018,6.82292989e-06
8244,0.00133326,6.82216003e-06
8245,0.00134840,6.82139013e-06
8246,0.01261647,6.82062017e-06
8247,0.00200428,6.81985017e-06
8248,0.00165385,6.81908011e-06
8249,0.00149226,6.81831001e-06
8250,0.00164093,6.81753985e-06
8251,0.00181994,6.81676965e-06
8252,0.00889723,6.8159994e-06
8253,0.01748481,6.81522909e-06
8254,0.00292525,6.81445874e-06
8255,0.00236034,6.81368834e-06
8256,0.00310234,6.81291789e-06
8257,0.00196716,6.81214738e-06
8258,0.00141037,6.81137683e-06
8259,0.00135255,6.81060623e-06
8260,0.00171593,6.80983558e-06
8261,0.00153603,6.80906488e-06
8262,0.00108781,6.80829413e-06
8263,0.04556586,6.80752334e-06
8264,0.00944669,6.80675249e-06
8265,0.00114493,6.80598159e-06
8266,0.00094932,6.80521064e-06
8267,0.03972378,6.80443965e-06
8268,0.00808977,6.8036686e-06
8269,0.00144020,6.80289751e-06
8270,0.02918840,6.80212637e-06
8271,0.00705673,6.80135517e-06
8272,0.02249553,6.80058393e-06
8273,0.00102491,6.79981264e-06
8274,0.00071603,6.7990413e-06
8275,0.00080872,6.79826991e-06
8276,0.00607130,6.79749847e-06
8277,0.01364981,6.79672698e-06
8278,0.00411471,6.79595544e-06
8279,0.00115248,6.79518386e-06
8280,0.00722432,6.79441222e-06
8281,0.05418120,6.79364054e-06
8282,0.00282448,6.7928688e-06
8283,0.00273645,6.79209702e-06
8284,0.00362367,6.79132519e-06
8285,0.03101705,6.79055331e-06
8286,0.00390214,6.78978138e-06
8287,0.00133267,6.7890094e-06
8288,0.00067817,6.78823737e-06
8289,0.00548615,6.7874653e-06
8290,0.00144787,6.78669317e-06
8291,0.00236431,6.785921e-06
8292,0.00669721,6.78514877e-06
8293,0.00142270,6.7843765e-06
8294,0.00271933,6.78360418e-06
8295,0.01953414,6.78283181e-06
8296,0.00574075,6.78205939e-06
8297,0.00236679,6.78128693e-06
8298,0.00448071,6.78051441e-06
8299,0.00783152,6.77974185e-06
8300,0.00157370,6.77896923e-06
8301,0.00110956,6.77819657e-06
8302,0.00179484,6.77742386e-06
8303,0.00844985,6.7766511e-06
8304,0.04895629,6.7758783e-06
8305,0.00249289,6.77510544e-06
8306,0.00775794,6.77433254e-06
8307,0.00375701,6.77355958e-06
8308,0.00405073,6.77278658e-06
8309,0.00717154,6.77201353e-06
8310,0.00113841,6.77124044e-06
8311,0.01776708,6.77046729e-06
8312,0.00174500,6.76969409e-06
8313,0.00178897,6.76892085e-06
8314,0.00951064,6.76814756e-06
8315,0.00382995,6.76737422e-06
8316,0.00137419,6.76660083e-06
8317,0.00501832,6.76582739e-06
8318,0.00127224,6.76505391e-06
8319,0.00480341,6.76428038e-06
8320,0.00147148,6.76350679e-06
8321,0.00161603,6.76273316e-06
8322,0.00827593,6.76195949e-06
8323,0.00167470,6.76118576e-06
8324,0.00115011,6.76041199e-06
8325,0.00089992,6.75963816e-06
8326,0.00133346,6.75886429e-06
8327,0.00137539,6.75809038e-06
8328,0.00220089,6.75731641e-06
8329,0.00359985,6.75654239e-06
8330,0.00169483,6.75576833e-06
8331,0.00072068,6.75499422e-06
8332,0.00371497,6.75422006e-06
8333,0.00217267,6.75344586e-06
8334,0.00121829,6.7526716e-06
8335,0.00059500,6.7518973e-06
8336,0.01672082,6.75112295e-06
8337,0.00100212,6.75034855e-06
8338,0.00089210,6.7495741e-06
8339,0.00472393,6.74879961e-06
8340,0.00221780,6.74802507e-06
8341,0.02988581,6.74725048e-06
8342,0.00243588,6.74647584e-06
8343,0.01941816,6.74570116e-06
8344,0.00511686,6.74492642e-06
8345,0.00267155,6.74415164e-06
8346,0.00201390,6.74337682e-06
8347,0.00120187,6.74260194e-06
8348,0.00327851,6.74182702e-06
8349,0.00071741,6.74105204e-06
8350,0.00174822,6.74027703e-06
8351,0.00043054,6.73950196e-06
8352,0.00301677,6.73872685e-06
8353,0.00241073,6.73795168e-06
8354,0.00241426,6.73717648e-06
8355,0.00594603,6.73640122e-06
8356,0.00237880,6.73562592e-06
8357,0.00256728,6.73485056e-06
8358,0.00143178,6.73407517e-06
8359,0.00181987,6.73329972e-06
8360,0.00442404,6.73252423e-06
8361,0.00321551,6.73174869e-06
8362,0.00949269,6.7309731e-06
8363,0.01747974,6.73019746e-06
8364,0.00201342,6.72942178e-06
8365,0.01640741,6.72864605e-06
8366,0.00146764,6.72787027e-06
8367,0.00369085,6.72709445e-06
8368,0.01068111,6.72631857e-06
8369,0.00268137,6.72554266e-06
8370,0.00329587,6.72476669e-06
8371,0.00085199,6.72399068e-06
8372,0.00397460,6.72321462e-06
8373,0.00491074,6.72243851e-06
8374,0.00092456,6.72166235e-06
8375,0.00556068,6.72088615e-06
8376,0.00253793,6.7201099e-06
8377,0.00464571,6.71933361e-06
8378,0.00086423,6.71855726e-06
8379,0.00142423,6.71778087e-06
8380,0.00386604,6.71700444e-06
8381,0.00154963,6.71622795e-06
8382,0.00116575,6.71545142e-06
8383,0.00340724,6.71467485e-06
8384,0.00348303,6.71389822e-06
8385,0.00115662,6.71312155e-06
8386,0.00068175,6.71234483e-06
8387,0.00209491,6.71156807e-06
8388,0.00344797,6.71079126e-06
8389,0.00237568,6.7100144e-06
8390,0.00184479,6.70923749e-06
8391,0.00109766,6.70846054e-06
8392,0.00094969,6.70768354e-06
8393,0.00137084,6.7069065e-06
8394,0.00130487,6.7061294e-06
8395,0.00108357,6.70535226e-06
8396,0.00939442,6.70457508e-06
8397,0.00808204,6.70379785e-06
8398,0.00303213,6.70302057e-06
8399,0.00104430,6.70224324e-06
8400,0.00659467,6.70146587e-06
8401,0.00150018,6.70068845e-06
8402,0.00725661,6.69991099e-06
8403,0.00464555,6.69913348e-06
8404,0.00366219,6.69835592e-06
8405,0.00139282,6.69757832e-06
8406,0.00241708,6.69680067e-06
8407,0.00275534,6.69602297e-06
8408,0.01094103,6.69524523e-06
8409,0.00202514,6.69446744e-06
8410,0.00208242,6.6936896e-06
8411,0.00234636,6.69291172e-06
8412,0.00184780,6.69213379e-06
8413,0.06885053,6.69135582e-06
8414,0.00242616,6.6905778e-06
8415,0.01954785,6.68979973e-06
8416,0.00357729,6.68902161e-06
8417,0.02468552,6.68824346e-06
8418,0.00401837,6.68746525e-06
8419,0.06468239,6.686687e-06
8420,0.00100140,6.6859087e-06
8421,0.00392687,6.68513036e-06
8422,0.00096830,6.68435197e-06
8423,0.00106549,6.68357353e-06
8424,0.00104686,6.68279505e-06
8425,0.00305862,6.68201652e-06
8426,0.00599788,6.68123795e-06
8427,0.04005432,6.68045932e-06
8428,0.00221680,6.67968066e-06
8429,0.00082058,6.67890195e-06
8430,0.00374586,6.67812319e-06
8431,0.00313153,6.67734439e-06
8432,0.00051450,6.67656554e-06
8433,0.00445534,6.67578664e-06
8434,0.00252352,6.6750077e-06
8435,0.00201810,6.67422871e-06
8436,0.00194675,6.67344968e-06
8437,0.00226229,6.6726706e-06
8438,0.00103153,6.67189148e-06
8439,0.00277795,6.67111231e-06
8440,0.00121749,6.67033309e-06
8441,0.00533534,6.66955383e-06
8442,0.00086886,6.66877452e-06
8443,0.00050884,6.66799517e-06
8444,0.00256147,6.66721577e-06
8445,0.00168604,6.66643633e-06
8446,0.00085136,6.66565684e-06
8447,0.00221028,6.6648773e-06
8448,0.00054446,6.66409772e-06
8449,0.00265875,6.6633181e-06
8450,0.00259334,6.66253843e-06
8451,0.00094114,6.66175871e-06
8452,0.02781015,6.66097895e-06
8453,0.00543425,6.66019914e-06
8454,0.00080108,6.65941929e-06
8455,0.00104649,6.65863939e-06
8456,0.00117419,6.65785944e-06
8457,0.00062586,6.65707945e-06
8458,0.00103430,6.65629942e-06
8459,0.00149967,6.65551934e-06
8460,0.00055806,6.65473921e-06
8461,0.00101336,6.65395904e-06
8462,0.00092798,6.65317883e-06
8463,0.00045735,6.65239857e-06
8464,0.00153887,6.65161826e-06
8465,0.00219264,6.65083791e-06
8466,0.00097018,6.65005752e-06
8467,0.02238243,6.64927707e-06
8468,0.00046403,6.64849659e-06
8469,0.00449987,6.64771606e-06
8470,0.00249218,6.64693548e-06
8471,0.00110950,6.64615486e-06
8472,0.00652793,6.64537419e-06
8473,0.00201400,6.64459348e-06
8474,0.00141655,6.64381272e-06
8475,0.00120607,6.64303192e-06
8476,0.00094914,6.64225108e-06
8477,0.00087212,6.64147019e-06
8478,0.00258973,6.64068925e-06
8479,0.00065726,6.63990827e-06
8480,0.00324645,6.63912724e-06
8481,0.00088597,6.63834617e-06
8482,0.02491331,6.63756506e-06
8483,0.00154948,6.6367839e-06
8484,0.00193956,6.63600269e-06
8485,0.00218948,6.63522144e-06
8486,0.00344850,6.63444015e-06
8487,0.00561797,6.63365881e-06
8488,0.00050261,6.63287743e-06
8489,0.00746717,6.632096e-06
8490,0.00234176,6.63131452e-06
8491,0.00554596,6.63053301e-06
8492,0.00694156,6.62975144e-06
8493,0.00286413,6.62896984e-06
8494,0.00522866,6.62818819e-06
8495,0.00296288,6.62740649e-06
8496,0.00140465,6.62662475e-06
8497,0.00217429,6.62584297e-06
8498,0.00380255,6.62506114e-06
8499,0.00270944,6.62427926e-06
8500,0.00439559,6.62349735e-06
8501,0.00607262,6.62271538e-06
8502,0.00143406,6.62193338e-06
8503,0.00362376,6.62115133e-06
8504,0.00194780,6.62036923e-06
8505,0.01103405,6.61958709e-06
8506,0.00116367,6.61880491e-06
8507,0.00084571,6.61802268e-06
8508,0.00125275,6.61724041e-06
8509,0.00220527,6.61645809e-06
8510,0.01858265,6.61567573e-06
8511,0.00128832,6.61489332e-06
8512,0.00305163,6.61411087e-06
8513,0.01066694,6.61332838e-06
8514,0.00240438,6.61254584e-06
8515,0.01748383,6.61176326e-06
8516,0.00235722,6.61098064e-06
8517,0.00142086,6.61019797e-06
8518,0.00549195,6.60941525e-06
8519,0.00134201,6.6086325e-06
8520,0.00241753,6.60784969e-06
8521,0.00128295,6.60706685e-06
8522,0.00320055,6.60628396e-06
8523,0.00249264,6.60550103e-06
8524,0.00155377,6.60471805e-06
8525,0.00115333,6.60393503e-06
8526,0.00133020,6.60315196e-06
8527,0.00122122,6.60236885e-06
8528,0.00285908,6.6015857e-06
8529,0.01082562,6.6008025e-06
8530,0.00190892,6.60001926e-06
8531,0.00538919,6.59923598e-06
8532,0.00607412,6.59845265e-06
8533,0.00105399,6.59766928e-06
8534,0.00154160,6.59688587e-06
8535,0.00755174,6.59610241e-06
8536,0.00070799,6.59531891e-06
8537,0.00321515,6.59453536e-06
8538,0.00501656,6.59375177e-06
8539,0.00133320,6.59296814e-06
8540,0.02214765,6.59218446e-06
8541,0.00111526,6.59140074e-06
8542,0.00200344,6.59061698e-06
8543,0.00171641,6.58983317e-06
8544,0.01859894,6.58904932e-06
8545,0.00438009,6.58826542e-06
8546,0.00100840,6.58748149e-06
8547,0.00196753,6.58669751e-06
8548,0.00527907,6.58591348e-06
8549,0.00464399,6.58512941e-06
8550,0.00113479,6.5843453e-06
8551,0.00147124,6.58356115e-06
8552,0.00425255,6.58277695e-06
8553,0.00226454,6.58199271e-06
8554,0.00140996,6.58120843e-06
8555,0.00118761,6.5804241e-06
8556,0.00248384,6.57963973e-06
8557,0.06470907,6.57885531e-06
8558,0.00175247,6.57807086e-06
8559,0.01109446,6.57728636e-06
8560,0.00672997,6.57650181e-06
8561,0.00745185,6.57571723e-06
8562,0.00138434,6.5749326e-06
8563,0.00369105,6.57414793e-06
8564,0.00071371,6.57336321e-06
8565,0.00179229,6.57257845e-06
8566,0.01566497,6.57179365e-06
8567,0.00742455,6.57100881e-06
8568,0.00172638,6.57022392e-06
8569,0.01550539,6.56943899e-06
8570,0.01786490,6.56865401e-06
8571,0.00077536,6.567869e-06
8572,0.00271226,6.56708394e-06
8573,0.01725017,6.56629884e-06
8574,0.00127091,6.56551369e-06
8575,0.00227221,6.56472851e-06
8576,0.00160352,6.56394328e-06
8577,0.00209911,6.563158e-06
8578,0.00143299,6.56237269e-06
8579,0.00111681,6.56158733e-06
8580,0.00057238,6.56080193e-06
8581,0.00219815,6.56001648e-06
8582,0.02299038,6.559231e-06
8583,0.00929203,6.55844547e-06
8584,0.00345071,6.5576599e-06
8585,0.02546687,6.55687428e-06
8586,0.00248731,6.55608863e-06
8587,0.00262745,6.55530293e-06
8588,0.00121458,6.55451718e-06
8589,0.00175373,6.5537314e-06
8590,0.00092604,6.55294557e-06
8591,0.15004288,6.5521597e-06
8592,0.00172782,6.55137379e-06
8593,0.00130962,6.55058784e-06
8594,0.00574958,6.54980184e-06
8595,0.00356542,6.5490158e-06
8596,0.00088666,6.54822972e-06
8597,0.00059725,6.5474436e-06
8598,0.00144821,6.54665743e-06
8599,0.00604228,6.54587122e-06
8600,0.00556095,6.54508497e-06
8601,0.00113887,6.54429868e-06
8602,0.00679761,6.54351234e-06
8603,0.00229890,6.54272597e-06
8604,0.00543783,6.54193955e-06
8605,0.00142147,6.54115309e-06
8606,0.00242787,6.54036658e-06
8607,0.00073017,6.53958004e-06
8608,0.00140674,6.53879345e-06
8609,0.00142420,6.53800682e-06
8610,0.00162954,6.53722015e-06
8611,0.00216836,6.53643343e-06
8612,0.00330521,6.53564668e-06
8613,0.00628167,6.53485988e-06
8614,0.00284681,6.53407304e-06
8615,0.00227188,6.53328616e-06
8616,0.00234750,6.53249923e-06
8617,0.00427912,6.53171227e-06
8618,0.00152818,6.53092526e-06
8619,0.00152888,6.53013821e-06
8620,0.01272610,6.52935112e-06
8621,0.00132755,6.52856399e-06
8622,0.00288553,6.52777681e-06
8623,0.00511512,6.5269896e-06
8624,0.00113813,6.52620234e-06
8625,0.00097624,6.52541504e-06
8626,0.00392143,6.52462769e-06
8627,0.00177094,6.52384031e-06
8628,0.00110447,6.52305289e-06
8629,0.00359084,6.52226542e-06
8630,0.00597406,6.52147791e-06
8631,0.00117537,6.52069036e-06
8632,0.00784665,6.51990277e-06
8633,0.00100421,6.51911514e-06
8634,0.03127837,6.51832746e-06
8635,0.00906247,6.51753975e-06
8636,0.00061141,6.51675199e-06
8637,0.00102660,6.51596419e-06
8638,0.00135110,6.51517635e-06
8639,0.00122336,6.51438847e-06
8640,0.00209238,6.51360054e-06
8641,0.00608652,6.51281258e-06
8642,0.00305734,6.51202457e-06
8643,0.01974701,6.51123652e-06
8644,0.00493770,6.51044844e-06
8645,0.00334560,6.50966031e-06
8646,0.00706486,6.50887213e-06
8647,0.00093247,6.50808392e-06
8648,0.00193011,6.50729567e-06
8649,0.01882289,6.50650737e-06
8650,0.01685961,6.50571904e-06
8651,0.00509108,6.50493066e-06
8652,0.00415410,6.50414224e-06
8653,0.00290941,6.50335378e-06
8654,0.00111744,6.50256528e-06
8655,0.00144267,6.50177674e-06
8656,0.00287268,6.50098816e-06
8657,0.01194162,6.50019953e-06
8658,0.00255681,6.49941087e-06
8659,0.00326766,6.49862216e-06
8660,0.00147050,6.49783341e-06
8661,0.02284164,6.49704463e-06
8662,0.00420944,6.4962558e-06
8663,0.01906379,6.49546693e-06
8664,0.00521049,6.49467802e-06
8665,0.00226318,6.49388906e-06
8666,0.00155649,6.49310007e-06
8667,0.00412474,6.49231104e-06
8668,0.00237173,6.49152197e-06
8669,0.01033656,6.49073285e-06
8670,0.00667018,6.4899437e-06
8671,0.01233637,6.4891545e-06
8672,0.01743572,6.48836526e-06
8673,0.00185449,6.48757598e-06
8674,0.00479881,6.48678667e-06
8675,0.00472043,6.48599731e-06
8676,0.01170509,6.48520791e-06
8677,0.01133522,6.48441847e-06
8678,0.01061153,6.48362899e-06
8679,0.00284388,6.48283947e-06
8680,0.00541850,6.4820499e-06
8681,0.00423912,6.4812603e-06
8682,0.00449736,6.48047066e-06
8683,0.00318049,6.47968098e-06
8684,0.00176489,6.47889125e-06
8685,0.01498687,6.47810149e-06
8686,0.00872967,6.47731168e-06
8687,0.00594694,6.47652184e-06
8688,0.00235353,6.47573195e-06
8689,0.01032790,6.47494203e-06
8690,0.00133566,6.47415206e-06
8691,0.01430962,6.47336205e-06
8692,0.00788675,6.47257201e-06
8693,0.00081494,6.47178192e-06
8694,0.01354066,6.47099179e-06
8695,0.03123595,6.47020163e-06
8696,0.00156008,6.46941142e-06
8697,0.00715558,6.46862117e-06
8698,0.00178758,6.46783088e-06
8699,0.00190199,6.46704056e-06
8700,0.00591886,6.46625019e-06
8701,0.00056890,6.46545978e-06
8702,0.00184594,6.46466933e-06
8703,0.00335503,6.46387884e-06
8704,0.00108048,6.46308831e-06
8705,0.00215008,6.46229775e-06
8706,0.00397415,6.46150714e-06
8707,0.00404055,6.46071649e-06
8708,0.00077660,6.4599258e-06
8709,0.00392473,6.45913507e-06
8710,0.00938372,6.4583443e-06
8711,0.00289053,6.4575535e-06
8712,0.00723722,6.45676265e-06
8713,0.00418647,6.45597176e-06
8714,0.00133448,6.45518083e-06
8715,0.00612954,6.45438987e-06
8716,0.00449037,6.45359886e-06
8717,0.00329722,6.45280781e-06
8718,0.00065934,6.45201673e-06
8719,0.00344491,6.4512256e-06
8720,0.00259156,6.45043444e-06
8721,0.00240568,6.44964323e-06
8722,0.00107492,6.44885198e-06
8723,0.03803257,6.4480607e-06
8724,0.00646368,6.44726938e-06
8725,0.00208552,6.44647801e-06
8726,0.00166367,6.44568661e-06
8727,0.00142660,6.44489517e-06
8728,0.00088754,6.44410368e-06
8729,0.00215641,6.44331216e-06
8730,0.00230224,6.4425206e-06
8731,0.00298614,6.441729e-06
8732,0.00080775,6.44093736e-06
8733,0.00132083,6.44014568e-06
8734,0.01505973,6.43935396e-06
8735,0.00171697,6.4385622e-06
8736,0.00688816,6.43777041e-06
8737,0.01620066,6.43697857e-06
8738,0.00296731,6.43618669e-06
8739,0.00291805,6.43539478e-06
8740,0.00100390,6.43460282e-06
8741,0.00100985,6.43381083e-06
8742,0.00073378,6.43301879e-06
8743,0.00049964,6.43222672e-06
8744,0.04551852,6.43143461e-06
8745,0.03120911,6.43064246e-06
8746,0.00551456,6.42985027e-06
8747,0.00271360,6.42905804e-06
8748,0.00254002,6.42826577e-06
8749,0.00604848,6.42747347e-06
8750,0.00163917,6.42668112e-06
8751,0.00287410,6.42588874e-06
8752,0.00141253,6.42509631e-06
8753,0.00819179,6.42430385e-06
8754,0.00524180,6.42351135e-06
8755,0.00141003,6.42271881e-06
8756,0.00274603,6.42192623e-06
8757,0.01017845,6.42113361e-06
8758,0.00159621,6.42034095e-06
8759,0.00175349,6.41954826e-06
8760,0.00195599,6.41875552e-06
8761,0.00168897,6.41796275e-06
8762,0.00270177,6.41716993e-06
8763,0.00542451,6.41637708e-06
8764,0.00426020,6.41558419e-06
8765,0.00333318,6.41479126e-06
8766,0.00365858,6.4139983e-06
8767,0.04848761,6.41320529e-06
8768,0.00800096,6.41241225e-06
8769,0.00305740,6.41161916e-06
8770,0.00057044,6.41082604e-06
8771,0.00114950,6.41003288e-06
8772,0.00125018,6.40923968e-06
8773,0.00199715,6.40844644e-06
8774,0.00213639,6.40765317e-06
8775,0.01692604,6.40685985e-06
8776,0.00145594,6.4060665e-06
8777,0.00996877,6.40527311e-06
8778,0.00462936,6.40447968e-06
8779,0.00111341,6.40368621e-06
8780,0.00070571,6.4028927e-06
8781,0.00236533,6.40209916e-06
8782,0.01644958,6.40130557e-06
8783,0.00063980,6.40051195e-06
8784,0.00075735,6.39971829e-06
8785,0.00102448,6.39892459e-06
8786,0.00331103,6.39813086e-06
8787,0.00275114,6.39733708e-06
8788,0.00500455,6.39654327e-06
8789,0.01306526,6.39574942e-06
8790,0.00189322,6.39495553e-06
8791,0.00665588,6.3941616e-06
8792,0.01451358,6.39336764e-06
8793,0.01032607,6.39257363e-06
8794,0.00359770,6.39177959e-06
8795,0.00139203,6.39098551e-06
8796,0.00689834,6.39019139e-06
8797,0.00655689,6.38939724e-06
8798,0.00469742,6.38860305e-06
8799,0.00307900,6.38780881e-06
8800,0.00216739,6.38701454e-06
8801,0.00553273,6.38622024e-06
8802,0.00325660,6.38542589e-06
8803,0.00118837,6.38463151e-06
8804,0.00072089,6.38383709e-06
8805,0.00356072,6.38304263e-06
8806,0.00476819,6.38224813e-06
8807,0.00177421,6.3814536e-06
8808,0.00512921,6.38065902e-06
8809,0.00101589,6.37986441e-06
8810,0.00188906,6.37906977e-06
8811,0.00141356,6.37827508e-06
8812,0.00318735,6.37748036e-06
8813,0.00074593,6.3766856e-06
8814,0.00285162,6.3758908e-06
8815,0.00155712,6.37509596e-06
8816,0.00068882,6.37430109e-06
8817,0.00334196,6.37350618e-06
8818,0.00084518,6.37271123e-06
8819,0.00467186,6.37191624e-06
8820,0.00072295,6.37112122e-06
8821,0.00140569,6.37032616e-06
8822,0.00119196,6.36953106e-06
8823,0.00104469,6.36873592e-06
8824,0.00271591,6.36794075e-06
8825,0.00359289,6.36714554e-06
8826,0.00276178,6.36635029e-06
8827,0.00302412,6.365555e-06
8828,0.00097532,6.36475968e-06
8829,0.00079716,6.36396432e-06
8830,0.00074448,6.36316892e-06
8831,0.00429608,6.36237348e-06
8832,0.00170089,6.36157801e-06
8833,0.00074246,6.3607825e-06
8834,0.00062639,6.35998696e-06
8835,0.00181298,6.35919137e-06
8836,0.00318626,6.35839575e-06
8837,0.00110039,6.35760009e-06
8838,0.00162274,6.3568044e-06
8839,0.00117038,6.35600866e-06
8840,0.00150743,6.3552129e-06
8841,0.00326702,6.35441709e-06
8842,0.00386859,6.35362124e-06
8843,0.00337453,6.35282536e-06
8844,0.00051611,6.35202945e-06
8845,0.00217153,6.35123349e-06
8846,0.00422999,6.3504375e-06
8847,0.00064550,6.34964147e-06
8848,0.06089038,6.34884541e-06
8849,0.00083233,6.3480493e-06
8850,0.00116365,6.34725317e-06
8851,0.00112092,6.34645699e-06
8852,0.00204761,6.34566078e-06
8853,0.00097911,6.34486453e-06
8854,0.00580979,6.34406824e-06
8855,0.00426808,6.34327192e-06
8856,0.01684922,6.34247556e-06
8857,0.00595068,6.34167916e-06
8858,0.00565318,6.34088273e-06
8859,0.00395630,6.34008626e-06
8860,0.00119025,6.33928975e-06
8861,0.01846009,6.33849321e-06
8862,0.00239668,6.33769663e-06
8863,0.00326720,6.33690001e-06
8864,0.00179709,6.33610336e-06
8865,0.00200715,6.33530667e-06
8866,0.01111115,6.33450995e-06
8867,0.00989866,6.33371318e-06
8868,0.00692915,6.33291639e-06
8869,0.01821110,6.33211955e-06
8870,0.00547760,6.33132268e-06
8871,0.00398724,6.33052577e-06
8872,0.00197434,6.32972883e-06
8873,0.00362656,6.32893185e-06
8874,0.00528602,6.32813483e-06
8875,0.00297006,6.32733778e-06
8876,0.00417647,6.32654069e-06
8877,0.00279103,6.32574356e-06
8878,0.00814201,6.3249464e-06
8879,0.03438746,6.3241492e-06
8880,0.00194515,6.32335196e-06
8881,0.00789991,6.32255469e-06
8882,0.00650442,6.32175739e-06
8883,0.00361224,6.32096004e-06
8884,0.00286029,6.32016267e-06
8885,0.00392596,6.31936525e-06
8886,0.00051661,6.3185678e-06
8887,0.00093864,6.31777031e-06
8888,0.00078588,6.31697279e-06
8889,0.00673543,6.31617523e-06
8890,0.02264380,6.31537763e-06
8891,0.13475403,6.31458e-06
8892,0.00766928,6.31378233e-06
8893,0.00782468,6.31298463e-06
8894,0.00199697,6.31218689e-06
8895,0.00116547,6.31138912e-06
8896,0.00148530,6.31059131e-06
8897,0.01090080,6.30979346e-06
8898,0.00607887,6.30899558e-06
8899,0.00385604,6.30819766e-06
8900,0.00176968,6.3073997e-06
8901,0.00260118,6.30660172e-06
8902,0.01289181,6.30580369e-06
8903,0.00227674,6.30500563e-06
8904,0.00472767,6.30420753e-06
8905,0.00165349,6.3034094e-06
8906,0.00868399,6.30261123e-06
8907,0.00240455,6.30181303e-06
8908,0.00153022,6.30101479e-06
8909,0.00304232,6.30021651e-06
8910,0.01735277,6.2994182e-06
8911,0.00253834,6.29861986e-06
8912,0.00103074,6.29782147e-06
8913,0.00503636,6.29702306e-06
8914,0.00218079,6.29622461e-06
8915,0.01038019,6.29542612e-06
8916,0.00097684,6.29462759e-06
8917,0.00210911,6.29382904e-06
8918,0.00310953,6.29303044e-06
8919,0.00148667,6.29223181e-06
8920,0.00730107,6.29143315e-06
8921,0.00136585,6.29063445e-06
8922,0.00352882,6.28983571e-06
8923,0.00187461,6.28903694e-06
8924,0.00133904,6.28823814e-06
8925,0.00106901,6.28743929e-06
8926,0.00127408,6.28664042e-06
8927,0.00201428,6.28584151e-06
8928,0.00114750,6.28504256e-06
8929,0.00163448,6.28424358e-06
8930,0.00266534,6.28344456e-06
8931,0.00111034,6.28264551e-06
8932,0.00086167,6.28184642e-06
8933,0.00377329,6.2810473e-06
8934,0.00148210,6.28024814e-06
8935,0.00104620,6.27944895e-06
8936,0.00141231,6.27864972e-06
8937,0.00238499,6.27785046e-06
8938,0.00054397,6.27705117e-06
8939,0.02795522,6.27625183e-06
8940,0.00190114,6.27545247e-06
8941,0.00082928,6.27465306e-06
8942,0.01037931,6.27385363e-06
8943,0.00249256,6.27305416e-06
8944,0.00170483,6.27225465e-06
8945,0.00794309,6.27145511e-06
8946,0.02302855,6.27065553e-06
8947,0.00112136,6.26985592e-06
8948,0.00260155,6.26905628e-06
8949,0.01739197,6.2682566e-06
8950,0.01327979,6.26745688e-06
8951,0.00343552,6.26665714e-06
8952,0.00284199,6.26585735e-06
8953,0.00596546,6.26505753e-06
8954,0.00135065,6.26425768e-06
8955,0.00145961,6.26345779e-06
8956,0.00391589,6.26265787e-06
8957,0.00172478,6.26185791e-06
8958,0.00214870,6.26105792e-06
8959,0.02452513,6.2602579e-06
8960,0.00109491,6.25945784e-06
8961,0.00359021,6.25865774e-06
8962,0.00178617,6.25785761e-06
8963,0.00172259,6.25705745e-06
8964,0.00559422,6.25625725e-06
8965,0.00475039,6.25545702e-06
8966,0.00096524,6.25465676e-06
8967,0.00365710,6.25385645e-06
8968,0.00383404,6.25305612e-06
8969,0.01831408,6.25225575e-06
8970,0.00698428,6.25145535e-06
8971,0.02323468,6.25065491e-06
8972,0.00549183,6.24985444e-06
8973,0.00379301,6.24905393e-06
8974,0.00454827,6.24825339e-06
8975,0.00294915,6.24745282e-06
8976,0.00114288,6.24665221e-06
8977,0.00487426,6.24585157e-06
8978,0.00169690,6.24505089e-06
8979,0.00191779,6.24425018e-06
8980,0.00274665,6.24344944e-06
8981,0.01126675,6.24264866e-06
8982,0.01314267,6.24184784e-06
8983,0.00122991,6.241047e-06
8984,0.00416989,6.24024612e-06
8985,0.00101531,6.2394452e-06
8986,0.00959937,6.23864426e-06
8987,0.01889256,6.23784327e-06
8988,0.00247044,6.23704226e-06
8989,0.00153664,6.23624121e-06
8990,0.01940505,6.23544012e-06
8991,0.00388437,6.23463901e-06
8992,0.00143306,6.23383786e-06
8993,0.00430934,6.23303667e-06
8994,0.00089777,6.23223545e-06
8995,0.00293041,6.2314342e-06
8996,0.00918889,6.23063292e-06
8997,0.00075886,6.2298316e-06
8998,0.00641066,6.22903024e-06
8999,0.00275316,6.22822886e-06
9000,0.00310584,6.22742744e-06
9001,0.00537580,6.22662598e-06
9002,0.00124686,6.22582449e-06
9003,0.00062348,6.22502297e-06
9004,0.02687241,6.22422142e-06
9005,0.00114785,6.22341983e-06
9006,0.00124209,6.22261821e-06
9007,0.00932710,6.22181656e-06
9008,0.00869791,6.22101487e-06
9009,0.00235068,6.22021315e-06
9010,0.00629543,6.21941139e-06
9011,0.00402744,6.2186096e-06
9012,0.00092191,6.21780778e-06
9013,0.00749660,6.21700593e-06
9014,0.00054842,6.21620404e-06
9015,0.00513319,6.21540212e-06
9016,0.00121636,6.21460016e-06
9017,0.01897460,6.21379817e-06
9018,0.00073927,6.21299615e-06
9019,0.00107377,6.2121941e-06
9020,0.00280023,6.21139201e-06
9021,0.00177863,6.21058989e-06
9022,0.01009253,6.20978774e-06
9023,0.00327172,6.20898555e-06
9024,0.06365558,6.20818333e-06
9025,0.00240023,6.20738108e-06
9026,0.00194326,6.20657879e-06
9027,0.00261184,6.20577648e-06
9028,0.00454020,6.20497412e-06
9029,0.00236030,6.20417174e-06
9030,0.00506435,6.20336932e-06
9031,0.00262274,6.20256687e-06
9032,0.00277334,6.20176439e-06
9033,0.02224322,6.20096187e-06
9034,0.00381696,6.20015932e-06
9035,0.00236841,6.19935674e-06
9036,0.00260370,6.19855413e-06
9037,0.00173220,6.19775148e-06
9038,0.00827274,6.1969488e-06
9039,0.00236691,6.19614609e-06
9040,0.00284932,6.19534334e-06
9041,0.00902773,6.19454056e-06
9042,0.02481690,6.19373775e-06
9043,0.00159922,6.19293491e-06
9044,0.00115750,6.19213203e-06
9045,0.00089965,6.19132912e-06
9046,0.00879515,6.19052618e-06
9047,0.00560115,6.18972321e-06
9048,0.00409565,6.1889202e-06
9049,0.00120049,6.18811716e-06
9050,0.00379270,6.18731409e-06
9051,0.00267847,6.18651099e-06
9052,0.00555493,6.18570785e-06
9053,0.00491122,6.18490469e-06
9054,0.00272378,6.18410148e-06
9055,0.00094495,6.18329825e-06
9056,0.00135753,6.18249499e-06
9057,0.00226012,6.18169169e-06
9058,0.00387317,6.18088836e-06
9059,0.00407520,6.18008499e-06
9060,0.00418438,6.1792816e-06
9061,0.00130223,6.17847817e-06
9062,0.00227848,6.17767471e-06
9063,0.00205018,6.17687122e-06
9064,0.00757706,6.1760677e-06
9065,0.00682440,6.17526414e-06
9066,0.01002113,6.17446055e-06
9067,0.00469342,6.17365693e-06
9068,0.00082974,6.17285328e-06
9069,0.00873888,6.1720496e-06
9070,0.00168453,6.17124588e-06
9071,0.00160807,6.17044213e-06
9072,0.00475456,6.16963835e-06
9073,0.01301128,6.16883454e-06
9074,0.01389970,6.1680307e-06
9075,0.02818151,6.16722682e-06
9076,0.00458440,6.16642291e-06
9077,0.00239068,6.16561897e-06
9078,0.00160757,6.164815e-06
9079,0.01228542,6.164011e-06
9080,0.00239638,6.16320696e-06
9081,0.00535433,6.16240289e-06
9082,0.00226090,6.16159879e-06
9083,0.00303112,6.16079466e-06
9084,0.00210718,6.1599905e-06
9085,0.00165140,6.15918631e-06
9086,0.00778775,6.15838208e-06
9087,0.00696454,6.15757782e-06
9088,0.00541260,6.15677353e-06
9089,0.00591720,6.15596921e-06
9090,0.00470773,6.15516486e-06
9091,0.00683501,6.15436048e-06
9092,0.02331370,6.15355606e-06
9093,0.00597277,6.15275161e-06
9094,0.00208459,6.15194713e-06
9095,0.00152964,6.15114262e-06
9096,0.00164186,6.15033808e-06
9097,0.00313293,6.14953351e-06
9098,0.00060374,6.1487289e-06
9099,0.02822671,6.14792427e-06
9100,0.00484209,6.1471196e-06
9101,0.00587352,6.1463149e-06
9102,0.00184058,6.14551017e-06
9103,0.01325394,6.14470541e-06
9104,0.00266407,6.14390062e-06
9105,0.00595863,6.14309579e-06
9106,0.00108273,6.14229094e-06
9107,0.00108144,6.14148605e-06
9108,0.01111297,6.14068113e-06
9109,0.00306867,6.13987619e-06
9110,0.00134490,6.13907121e-06
9111,0.00155094,6.13826619e-06
9112,0.00861719,6.13746115e-06
9113,0.00438095,6.13665608e-06
9114,0.00123856,6.13585097e-06
9115,0.01257459,6.13504584e-06
9116,0.01701363,6.13424067e-06
9117,0.00151350,6.13343547e-06
9118,0.00115813,6.13263025e-06
9119,0.00265259,6.13182499e-06
9120,0.00257753,6.1310197e-06
9121,0.00102467,6.13021437e-06
9122,0.00242703,6.12940902e-06
9123,0.00057381,6.12860364e-06
9124,0.00284021,6.12779822e-06
9125,0.01778369,6.12699278e-06
9126,0.00251162,6.1261873e-06
9127,0.00162012,6.1253818e-06
9128,0.00177548,6.12457626e-06
9129,0.00370986,6.12377069e-06
9130,0.01418478,6.12296509e-06
9131,0.01507300,6.12215946e-06
9132,0.00688448,6.1213538e-06
9133,0.00143785,6.12054811e-06
9134,0.00188594,6.11974239e-06
9135,0.00187725,6.11893664e-06
9136,0.00260055,6.11813086e-06
9137,0.00293493,6.11732505e-06
9138,0.00068205,6.1165192e-06
9139,0.05542965,6.11571333e-06
9140,0.00354993,6.11490742e-06
9141,0.00333182,6.11410149e-06
9142,0.00379763,6.11329552e-06
9143,0.00197269,6.11248953e-06
9144,0.00110450,6.1116835e-06
9145,0.00237863,6.11087744e-06
9146,0.00232533,6.11007136e-06
9147,0.00224005,6.10926524e-06
9148,0.00230754,6.10845909e-06
9149,0.00092646,6.10765291e-06
9150,0.00202903,6.1068467e-06
9151,0.00172871,6.10604046e-06
9152,0.00112785,6.10523419e-06
9153,0.00465732,6.1044279e-06
9154,0.00093814,6.10362157e-06
9155,0.01244240,6.10281521e-06
9156,0.00231335,6.10200882e-06
9157,0.00311347,6.1012024e-06
9158,0.00107841,6.10039595e-06
9159,0.00463609,6.09958947e-06
9160,0.00110257,6.09878296e-06
9161,0.00334532,6.09797642e-06
9162,0.00160896,6.09716985e-06
9163,0.00074296,6.09636325e-06
9164,0.00596707,6.09555662e-06
9165,0.00100877,6.09474996e-06
9166,0.00081365,6.09394327e-06
9167,0.00128213,6.09313655e-06
9168,0.00141197,6.0923298e-06
9169,0.00090884,6.09152302e-06
9170,0.00192848,6.09071621e-06
9171,0.00438695,6.08990937e-06
9172,0.00321219,6.0891025e-06
9173,0.00094328,6.0882956e-06
9174,0.05823917,6.08748867e-06
9175,0.00228581,6.08668171e-06
9176,0.00364183,6.08587472e-06
9177,0.00142596,6.08506771e-06
9178,0.00148199,6.08426066e-06
9179,0.00357043,6.08345358e-06
9180,0.00110006,6.08264648e-06
9181,0.00276878,6.08183934e-06
9182,0.00819154,6.08103217e-06
9183,0.00160383,6.08022498e-06
9184,0.02941420,6.07941775e-06
9185,0.00137316,6.0786105e-06
9186,0.00247872,6.07780321e-06
9187,0.00207864,6.0769959e-06
9188,0.00086149,6.07618856e-06
9189,0.00116059,6.07538119e-06
9190,0.00397484,6.07457378e-06
9191,0.00107321,6.07376635e-06
9192,0.00212377,6.07295889e-06
9193,0.00308252,6.0721514e-06
9194,0.00162926,6.07134388e-06
9195,0.00132286,6.07053633e-06
9196,0.00090139,6.06972876e-06
9197,0.00703087,6.06892115e-06
9198,0.00787305,6.06811351e-06
9199,0.00079660,6.06730585e-06
9200,0.00095249,6.06649815e-06
9201,0.00129807,6.06569043e-06
9202,0.00435135,6.06488268e-06
9203,0.00065564,6.0640749e-06
9204,0.00503801,6.06326708e-06
9205,0.00137829,6.06245924e-06
9206,0.00254404,6.06165137e-06
9207,0.00242489,6.06084348e-06
9208,0.00154148,6.06003555e-06
9209,0.00298041,6.05922759e-06
9210,0.00143150,6.05841961e-06
9211,0.00128798,6.05761159e-06
9212,0.00188400,6.05680355e-06
9213,0.00213853,6.05599548e-06
9214,0.00393845,6.05518738e-06
9215,0.00083378,6.05437925e-06
9216,0.00496709,6.05357109e-06
9217,0.00682681,6.0527629e-06
9218,0.00114182,6.05195469e-06
9219,0.00872457,6.05114644e-06
9220,0.00138420,6.05033817e-06
9221,0.02121726,6.04952987e-06
9222,0.00175508,6.04872154e-06
9223,0.00173098,6.04791318e-06
9224,0.00100088,6.04710479e-06
9225,0.01596355,6.04629637e-06
9226,0.00073280,6.04548793e-06
9227,0.00079260,6.04467945e-06
9228,0.02859915,6.04387095e-06
9229,0.00691594,6.04306242e-06
9230,0.00263589,6.04225386e-06
9231,0.00231643,6.04144527e-06
9232,0.00680644,6.04063665e-06
9233,0.01109310,6.03982801e-06
9234,0.00120213,6.03901934e-06
9235,0.00473781,6.03821063e-06
9236,0.00151201,6.0374019e-06
9237,0.00152614,6.03659314e-06
9238,0.00389673,6.03578436e-06
9239,0.00341490,6.03497554e-06
9240,0.00118623,6.0341667e-06
9241,0.00144569,6.03335783e-06
9242,0.00180649,6.03254893e-06
9243,0.00583707,6.03174e-06
9244,0.02026354,6.03093104e-06
9245,0.00127254,6.03012206e-06
9246,0.00066565,6.02931304e-06
9247,0.00162243,6.028504e-06
9248,0.00130785,6.02769493e-06
9249,0.05293220,6.02688584e-06
9250,0.00276948,6.02607671e-06
9251,0.00277759,6.02526756e-06
9252,0.02492268,6.02445838e-06
9253,0.00493452,6.02364917e-06
9254,0.00098082,6.02283993e-06
9255,0.01153491,6.02203066e-06
9256,0.01439548,6.02122137e-06
9257,0.00303695,6.02041205e-06
9258,0.01385852,6.0196027e-06
9259,0.00433545,6.01879332e-06
9260,0.00124878,6.01798392e-06
9261,0.00220527,6.01717449e-06
9262,0.01385573,6.01636502e-06
9263,0.05964185,6.01555554e-06
9264,0.00137461,6.01474602e-06
9265,0.00184820,6.01393648e-06
9266,0.00217091,6.01312691e-06
9267,0.00350114,6.01231731e-06
9268,0.00250839,6.01150768e-06
9269,0.00270695,6.01069802e-06
9270,0.00273486,6.00988834e-06
9271,0.00480942,6.00907863e-06
9272,0.00126954,6.0082689e-06
9273,0.03619743,6.00745913e-06
9274,0.00542844,6.00664934e-06
9275,0.00357438,6.00583952e-06
9276,0.00624888,6.00502967e-06
9277,0.00127105,6.0042198e-06
9278,0.00297458,6.00340989e-06
9279,0.00479211,6.00259996e-06
9280,0.00864807,6.00179001e-06
9281,0.00246984,6.00098002e-06
9282,0.00352485,6.00017001e-06
9283,0.00232597,5.99935997e-06
9284,0.00172196,5.9985499e-06
9285,0.00145917,5.99773981e-06
9286,0.00141410,5.99692969e-06
9287,0.00380056,5.99611954e-06
9288,0.01892495,5.99530936e-06
9289,0.00128487,5.99449916e-06
9290,0.01029211,5.99368893e-06
9291,0.00263338,5.99287867e-06
9292,0.00129441,5.99206839e-06
9293,0.00694777,5.99125808e-06
9294,0.00622256,5.99044774e-06
9295,0.00145115,5.98963737e-06
9296,0.00094193,5.98882698e-06
9297,0.00153525,5.98801656e-06
9298,0.00109780,5.98720611e-06
9299,0.00930173,5.98639564e-06
9300,0.00086429,5.98558514e-06
9301,0.00220153,5.98477461e-06
9302,0.00237479,5.98396405e-06
9303,0.00610922,5.98315347e-06
9304,0.01474243,5.98234286e-06
9305,0.00429897,5.98153223e-06
9306,0.00067874,5.98072157e-06
9307,0.02619315,5.97991088e-06
9308,0.01623483,5.97910016e-06
9309,0.00843878,5.97828942e-06
9310,0.00356744,5.97747865e-06
9311,0.00078474,5.97666785e-06
9312,0.00189069,5.97585703e-06
9313,0.00182887,5.97504618e-06
9314,0.00198918,5.97423531e-06
9315,0.00103635,5.9734244e-06
9316,0.02767032,5.97261347e-06
9317,0.00180012,5.97180252e-06
9318,0.00196598,5.97099154e-06
9319,0.00219153,5.97018053e-06
9320,0.01608674,5.96936949e-06
9321,0.00245995,5.96855843e-06
9322,0.00095877,5.96774734e-06
9323,0.00557171,5.96693623e-06
9324,0.00319841,5.96612508e-06
9325,0.00136068,5.96531392e-06
9326,0.00145013,5.96450272e-06
9327,0.00287311,5.9636915e-06
9328,0.00304866,5.96288025e-06
9329,0.00109161,5.96206898e-06
9330,0.00333368,5.96125768e-06
9331,0.14839640,5.96044636e-06
9332,0.07211500,5.959635e-06
9333,0.00651650,5.95882362e-06
9334,0.01462267,5.95801222e-06
9335,0.00984981,5.95720079e-06
9336,0.00764374,5.95638933e-06
9337,0.00184612,5.95557785e-06
9338,0.00466946,5.95476634e-06
9339,0.00311973,5.95395481e-06
9340,0.03717108,5.95314324e-06
9341,0.00471400,5.95233166e-06
9342,0.00411136,5.95152004e-06
9343,0.00430830,5.9507084e-06
9344,0.01161184,5.94989674e-06
9345,0.00536680,5.94908505e-06
9346,0.00081785,5.94827333e-06
9347,0.00088323,5.94746159e-06
9348,0.00062244,5.94664982e-06
9349,0.00637447,5.94583802e-06
9350,0.06211071,5.9450262e-06
9351,0.00144067,5.94421435e-06
9352,0.00186161,5.94340248e-06
9353,0.00123165,5.94259058e-06
9354,0.00585859,5.94177866e-06
9355,0.00122380,5.94096671e-06
9356,0.00104667,5.94015473e-06
9357,0.00114732,5.93934273e-06
9358,0.00098189,5.9385307e-06
9359,0.00516072,5.93771865e-06
9360,0.00108695,5.93690657e-06
9361,0.00088078,5.93609447e-06
9362,0.00147772,5.93528234e-06
9363,0.00069717,5.93447018e-06
9364,0.00070577,5.933658e-06
9365,0.00057561,5.9328458e-06
9366,0.00148236,5.93203357e-06
9367,0.00113044,5.93122131e-06
9368,0.02330656,5.93040903e-06
9369,0.00084513,5.92959672e-06
9370,0.00392837,5.92878438e-06
9371,0.00142292,5.92797203e-06
9372,0.00236363,5.92715964e-06
9373,0.00102625,5.92634723e-06
9374,0.02931681,5.9255348e-06
9375,0.00513351,5.92472234e-06
9376,0.00123050,5.92390985e-06
9377,0.00125981,5.92309734e-06
9378,0.05700316,5.9222848e-06
9379,0.00115892,5.92147224e-06
9380,0.00073504,5.92065966e-06
9381,0.00324862,5.91984704e-06
9382,0.00072656,5.91903441e-06
9383,0.00406901,5.91822175e-06
9384,0.00041340,5.91740906e-06
9385,0.00152171,5.91659635e-06
9386,0.00179451,5.91578361e-06
9387,0.00255684,5.91497085e-06
9388,0.00251548,5.91415806e-06
9389,0.00119393,5.91334525e-06
9390,0.00251398,5.91253241e-06
9391,0.00217080,5.91171955e-06
9392,0.00108608,5.91090666e-06
9393,0.00358064,5.91009375e-06
9394,0.00188439,5.90928081e-06
9395,0.00051973,5.90846785e-06
9396,0.00088696,5.90765487e-06
9397,0.00065628,5.90684185e-06
9398,0.00157259,5.90602882e-06
9399,0.00118458,5.90521576e-06
9400,0.00523919,5.90440267e-06
9401,0.00088850,5.90358956e-06
9402,0.01171791,5.90277643e-06
9403,0.00132714,5.90196327e-06
9404,0.00705073,5.90115008e-06
9405,0.00272770,5.90033687e-06
9406,0.00063559,5.89952364e-06
9407,0.00249713,5.89871038e-06
9408,0.00178850,5.8978971e-06
9409,0.00088678,5.89708379e-06
9410,0.00056576,5.89627046e-06
9411,0.00299686,5.8954571e-06
9412,0.00083939,5.89464372e-06
9413,0.00053027,5.89383032e-06
9414,0.00083521,5.89301689e-06
9415,0.00057540,5.89220343e-06
9416,0.00085757,5.89138995e-06
9417,0.00177156,5.89057645e-06
9418,0.00035796,5.88976292e-06
9419,0.00092267,5.88894937e-06
9420,0.00091978,5.8881358e-06
9421,0.00055486,5.8873222e-06
9422,0.00130957,5.88650857e-06
9423,0.00172947,5.88569492e-06
9424,0.00335008,5.88488125e-06
9425,0.00079415,5.88406755e-06
9426,0.00075908,5.88325383e-06
9427,0.00168404,5.88244009e-06
9428,0.00045430,5.88162632e-06
9429,0.00183730,5.88081252e-06
9430,0.00099315,5.87999871e-06
9431,0.01175664,5.87918486e-06
9432,0.00074194,5.878371e-06
9433,0.00258341,5.87755711e-06
9434,0.00192713,5.87674319e-06
9435,0.00301274,5.87592926e-06
9436,0.00262066,5.87511529e-06
9437,0.03864851,5.87430131e-06
9438,0.00045642,5.8734873e-06
9439,0.00168245,5.87267327e-06
9440,0.00198920,5.87185921e-06
9441,0.00118079,5.87104513e-06
9442,0.00112770,5.87023102e-06
9443,0.00078233,5.86941689e-06
9444,0.00129345,5.86860274e-06
9445,0.00933605,5.86778857e-06
9446,0.00818890,5.86697437e-06
9447,0.00493694,5.86616014e-06
9448,0.01134639,5.86534589e-06
9449,0.00222787,5.86453162e-06
9450,0.00781188,5.86371733e-06
9451,0.00084360,5.86290301e-06
9452,0.00723328,5.86208867e-06
9453,0.00227185,5.8612743e-06
9454,0.00158655,5.86045991e-06
9455,0.00151847,5.8596455e-06
9456,0.01685687,5.85883107e-06
9457,0.00232411,5.85801661e-06
9458,0.00176380,5.85720212e-06
9459,0.00167023,5.85638762e-06
9460,0.00226464,5.85557309e-06
9461,0.00290695,5.85475853e-06
9462,0.00046985,5.85394396e-06
9463,0.00119390,5.85312936e-06
9464,0.01445614,5.85231473e-06
9465,0.00799890,5.85150009e-06
9466,0.00512074,5.85068542e-06
9467,0.00198019,5.84987072e-06
9468,0.00282984,5.84905601e-06
9469,0.00724156,5.84824127e-06
9470,0.00353712,5.84742651e-06
9471,0.00245991,5.84661172e-06
9472,0.00270285,5.84579691e-06
9473,0.00335431,5.84498208e-06
9474,0.00211721,5.84416722e-06
9475,0.00114305,5.84335235e-06
9476,0.00736386,5.84253744e-06
9477,0.00374348,5.84172252e-06
9478,0.00229921,5.84090757e-06
9479,0.00248217,5.8400926e-06
9480,0.00173946,5.83927761e-06
9481,0.00232437,5.83846259e-06
9482,0.00080276,5.83764755e-06
9483,0.01068636,5.83683249e-06
9484,0.00479181,5.83601741e-06
9485,0.00475005,5.8352023e-06
9486,0.00771146,5.83438717e-06
9487,0.00292673,5.83357201e-06
9488,0.00638045,5.83275684e-06
9489,0.00306314,5.83194164e-06
9490,0.00223460,5.83112642e-06
9491,0.00132380,5.83031117e-06
9492,0.01149441,5.8294959e-06
9493,0.01308595,5.82868061e-06
9494,0.00157769,5.8278653e-06
9495,0.00360730,5.82704997e-06
9496,0.04014095,5.82623461e-06
9497,0.00360327,5.82541923e-06
9498,0.02718336,5.82460383e-06
9499,0.08293563,5.8237884e-06
9500,0.00148307,5.82297295e-06
9501,0.08160259,5.82215748e-06
9502,0.00268687,5.82134199e-06
9503,0.00253236,5.82052647e-06
9504,0.00086998,5.81971093e-06
9505,0.01051309,5.81889537e-06
9506,0.00220953,5.81807979e-06
9507,0.00448847,5.81726419e-06
9508,0.00256997,5.81644856e-06
9509,0.00213650,5.81563291e-06
9510,0.00730003,5.81481724e-06
9511,0.00559201,5.81400154e-06
9512,0.00078870,5.81318583e-06
9513,0.00135934,5.81237009e-06
9514,0.00360390,5.81155433e-06
9515,0.00179104,5.81073854e-06
9516,0.00195455,5.80992274e-06
9517,0.00103425,5.80910691e-06
9518,0.00055334,5.80829106e-06
9519,0.00106056,5.80747519e-06
9520,0.02805739,5.80665929e-06
9521,0.03168441,5.80584338e-06
9522,0.00297063,5.80502744e-06
9523,0.00459817,5.80421148e-06
9524,0.00491418,5.8033955e-06
9525,0.00453416,5.8025795e-06
9526,0.00131565,5.80176347e-06
9527,0.00321778,5.80094742e-06
9528,0.00197824,5.80013135e-06
9529,0.00212753,5.79931526e-06
9530,0.00644849,5.79849915e-06
9531,0.00703684,5.79768301e-06
9532,0.00289924,5.79686685e-06
9533,0.00223714,5.79605068e-06
9534,0.00519979,5.79523448e-06
9535,0.00081552,5.79441825e-06
9536,0.00173215,5.79360201e-06
9537,0.00315938,5.79278574e-06
9538,0.00089802,5.79196946e-06
9539,0.00182966,5.79115315e-06
9540,0.00336427,5.79033682e-06
9541,0.03461633,5.78952046e-06
9542,0.00089883,5.78870409e-06
9543,0.01059816,5.7878877e-06
9544,0.00218949,5.78707128e-06
9545,0.00098360,5.78625484e-06
9546,0.00117627,5.78543838e-06
9547,0.00130464,5.7846219e-06
9548,0.00244995,5.7838054e-06
9549,0.00075447,5.78298887e-06
9550,0.00082408,5.78217233e-06
9551,0.00276129,5.78135576e-06
9552,0.00073186,5.78053917e-06
9553,0.00168875,5.77972256e-06
9554,0.00098210,5.77890593e-06
9555,0.00151491,5.77808928e-06
9556,0.00299616,5.7772726e-06
9557,0.00228876,5.77645591e-06
9558,0.00282940,5.77563919e-06
9559,0.00070860,5.77482245e-06
9560,0.00298799,5.7740057e-06
9561,0.00193959,5.77318892e-06
9562,0.00445484,5.77237211e-06
9563,0.00080513,5.77155529e-06
9564,0.00085699,5.77073845e-06
9565,0.00164845,5.76992159e-06
9566,0.00275957,5.7691047e-06
9567,0.00270016,5.76828779e-06
9568,0.00187992,5.76747087e-06
9569,0.00083225,5.76665392e-06
9570,0.02517193,5.76583695e-06
9571,0.00270748,5.76501996e-06
9572,0.00191476,5.76420295e-06
9573,0.01058150,5.76338592e-06
9574,0.05664170,5.76256886e-06
9575,0.00259713,5.76175179e-06
9576,0.00284120,5.7609347e-06
9577,0.00427559,5.76011758e-06
9578,0.00083786,5.75930044e-06
9579,0.00795122,5.75848329e-06
9580,0.00224390,5.75766611e-06
9581,0.01384807,5.75684891e-06
9582,0.00551769,5.75603169e-06
9583,0.00584304,5.75521445e-06
9584,0.00208532,5.75439719e-06
9585,0.00296266,5.75357991e-06
9586,0.00266517,5.75276261e-06
9587,0.00081445,5.75194529e-06
9588,0.00087392,5.75112795e-06
9589,0.00950714,5.75031058e-06
9590,0.00079262,5.7494932e-06
9591,0.00105204,5.74867579e-06
9592,0.00136619,5.74785837e-06
9593,0.00375350,5.74704092e-06
9594,0.00203980,5.74622346e-06
9595,0.00069953,5.74540597e-06
9596,0.00119585,5.74458847e-06
9597,0.00126010,5.74377094e-06
9598,0.00410465,5.74295339e-06
9599,0.00137649,5.74213583e-06
9600,0.00194867,5.74131824e-06
9601,0.00302567,5.74050063e-06
9602,0.00119492,5.739683e-06
9603,0.00155118,5.73886535e-06
9604,0.00130957,5.73804769e-06
9605,0.00259513,5.73723e-06
9606,0.00472838,5.73641229e-06
9607,0.00587110,5.73559456e-06
9608,0.00221898,5.73477681e-06
9609,0.00122698,5.73395904e-06
9610,0.00258588,5.73314125e-06
9611,0.00252751,5.73232344e-06
9612,0.00216071,5.73150561e-06
9613,0.00111698,5.73068776e-06
9614,0.00121872,5.72986989e-06
9615,0.00123349,5.72905201e-06
9616,0.00252671,5.7282341e-06
9617,0.00256891,5.72741617e-06
9618,0.00090649,5.72659822e-06
9619,0.00195722,5.72578025e-06
9620,0.00069684,5.72496226e-06
9621,0.00345237,5.72414425e-06
9622,0.00118642,5.72332622e-06
9623,0.01109876,5.72250818e-06
9624,0.00091732,5.72169011e-06
9625,0.00064396,5.72087202e-06
9626,0.00373596,5.72005391e-06
9627,0.00784501,5.71923579e-06
9628,0.00190056,5.71841764e-06
9629,0.00211573,5.71759947e-06
9630,0.00160354,5.71678129e-06
9631,0.00246053,5.71596308e-06
9632,0.00072061,5.71514486e-06
9633,0.00224109,5.71432661e-06
9634,0.00141516,5.71350835e-06
9635,0.00063592,5.71269006e-06
9636,0.00087609,5.71187176e-06
9637,0.00779294,5.71105344e-06
9638,0.01032560,5.7102351e-06
9639,0.00058590,5.70941673e-06
9640,0.00284402,5.70859835e-06
9641,0.00080110,5.70777995e-06
9642,0.00113981,5.70696153e-06
9643,0.00132748,5.7061431e-06
9644,0.00150250,5.70532464e-06
9645,0.00060798,5.70450616e-06
9646,0.01200824,5.70368766e-06
9647,0.00338256,5.70286915e-06
9648,0.00261944,5.70205061e-06
9649,0.00052815,5.70123206e-06
9650,0.00608981,5.70041348e-06
9651,0.00138566,5.69959489e-06
9652,0.00058643,5.69877628e-06
9653,0.00109334,5.69795765e-06
9654,0.00397089,5.697139e-06
9655,0.00074411,5.69632033e-06
9656,0.00514656,5.69550164e-06
9657,0.00087052,5.69468293e-06
9658,0.00168720,5.69386421e-06
9659,0.00205117,5.69304546e-06
9660,0.00226150,5.6922267e-06
9661,0.00104039,5.69140792e-06
9662,0.00091636,5.69058911e-06
9663,0.00962045,5.68977029e-06
9664,0.00365614,5.68895145e-06
9665,0.00232887,5.68813259e-06
9666,0.00106727,5.68731372e-06
9667,0.00506959,5.68649482e-06
9668,0.02103633,5.68567591e-06
9669,0.00340505,5.68485697e-06
9670,0.00350011,5.68403802e-06
9671,0.00265747,5.68321905e-06
9672,0.00166547,5.68240006e-06
9673,0.00477686,5.68158105e-06
9674,0.00424725,5.68076203e-06
9675,0.00316084,5.67994298e-06
9676,0.00776578,5.67912392e-06
9677,0.00352740,5.67830483e-06
9678,0.00387728,5.67748573e-06
9679,0.00124850,5.67666661e-06
9680,0.00418517,5.67584747e-06
9681,0.03721541,5.67502832e-06
9682,0.00109797,5.67420914e-06
9683,0.00344380,5.67338995e-06
9684,0.00250668,5.67257074e-06
9685,0.01191605,5.6717515e-06
9686,0.00257332,5.67093226e-06
9687,0.00305455,5.67011299e-06
9688,0.02095233,5.6692937e-06
9689,0.00145737,5.6684744e-06
9690,0.00131835,5.66765508e-06
9691,0.00810990,5.66683574e-06
9692,0.00485971,5.66601638e-06
9693,0.00086284,5.665197e-06
9694,0.00598866,5.66437761e-06
9695,0.01430520,5.66355819e-06
9696,0.00426512,5.66273876e-06
9697,0.00198860,5.66191931e-06
9698,0.00801557,5.66109985e-06
9699,0.00194691,5.66028036e-06
9700,0.00323405,5.65946086e-06
9701,0.00187092,5.65864134e-06
9702,0.00372724,5.6578218e-06
9703,0.00391430,5.65700224e-06
9704,0.00375544,5.65618266e-06
9705,0.01028023,5.65536307e-06
9706,0.00291207,5.65454346e-06
9707,0.00106811,5.65372383e-06
9708,0.00103102,5.65290418e-06
9709,0.00648324,5.65208452e-06
9710,0.00320393,5.65126483e-06
9711,0.01402874,5.65044513e-06
9712,0.00131243,5.64962541e-06
9713,0.00142497,5.64880568e-06
9714,0.00213835,5.64798592e-06
9715,0.00470181,5.64716615e-06
9716,0.00302001,5.64634636e-06
9717,0.00154093,5.64552656e-06
9718,0.00086981,5.64470673e-06
9719,0.00544884,5.64388689e-06
9720,0.00083095,5.64306703e-06
9721,0.00329824,5.64224715e-06
9722,0.00215775,5.64142726e-06
9723,0.00160637,5.64060734e-06
9724,0.00171639,5.63978741e-06
9725,0.00339800,5.63896747e-06
9726,0.01085203,5.6381475e-06
9727,0.00568809,5.63732752e-06
9728,0.00157325,5.63650752e-06
9729,0.00049087,5.6356875e-06
9730,0.00783115,5.63486747e-06
9731,0.04697088,5.63404741e-06
9732,0.00437867,5.63322734e-06
9733,0.00557600,5.63240726e-06
9734,0.00106159,5.63158715e-06
9735,0.00694345,5.63076703e-06
9736,0.00093181,5.62994689e-06
9737,0.00218567,5.62912674e-06
9738,0.00099180,5.62830657e-06
9739,0.00445516,5.62748638e-06
9740,0.00386840,5.62666617e-06
9741,0.01952279,5.62584594e-06
9742,0.00215449,5.6250257e-06
9743,0.00222408,5.62420544e-06
9744,0.00181922,5.62338517e-06
9745,0.00658351,5.62256487e-06
9746,0.00292534,5.62174457e-06
9747,0.00140095,5.62092424e-06
9748,0.00197950,5.62010389e-06
9749,0.00164815,5.61928353e-06
9750,0.00204614,5.61846316e-06
9751,0.00301585,5.61764276e-06
9752,0.00076897,5.61682235e-06
9753,0.00140955,5.61600192e-06
9754,0.00265921,5.61518148e-06
9755,0.00218641,5.61436102e-06
9756,0.02051413,5.61354054e-06
9757,0.00151241,5.61272004e-06
9758,0.00688037,5.61189953e-06
9759,0.00060366,5.611079e-06
9760,0.00083810,5.61025845e-06
9761,0.00102263,5.60943789e-06
9762,0.07537447,5.60861731e-06
9763,0.00286284,5.60779672e-06
9764,0.00162574,5.6069761e-06
9765,0.00088039,5.60615548e-06
9766,0.00504077,5.60533483e-06
9767,0.00174749,5.60451417e-06
9768,0.00208735,5.60369349e-06
9769,0.00522893,5.60287279e-06
9770,0.00413789,5.60205208e-06
9771,0.00361343,5.60123136e-06
9772,0.00101885,5.60041061e-06
9773,0.00149593,5.59958985e-06
9774,0.00267913,5.59876907e-06
9775,0.00123582,5.59794828e-06
9776,0.00176775,5.59712747e-06
9777,0.00481045,5.59630664e-06
9778,0.00054172,5.5954858e-06
9779,0.00215930,5.59466494e-06
9780,0.01034550,5.59384407e-06
9781,0.00609551,5.59302318e-06
9782,0.00095219,5.59220227e-06
9783,0.00241589,5.59138134e-06
9784,0.01519992,5.5905604e-06
9785,0.00081972,5.58973945e-06
9786,0.00608671,5.58891848e-06
9787,0.00329171,5.58809749e-06
9788,0.00344522,5.58727648e-06
9789,0.00117766,5.58645546e-06
9790,0.00062703,5.58563443e-06
9791,0.00156144,5.58481337e-06
9792,0.00482110,5.58399231e-06
9793,0.01287648,5.58317122e-06
9794,0.00181445,5.58235012e-06
9795,0.03679395,5.581529e-06
9796,0.01485576,5.58070787e-06
9797,0.00487731,5.57988672e-06
9798,0.00145912,5.57906556e-06
9799,0.00046483,5.57824438e-06
9800,0.00541150,5.57742318e-06
9801,0.00120994,5.57660197e-06
9802,0.00420315,5.57578075e-06
9803,0.01126510,5.5749595e-06
9804,0.00093708,5.57413825e-06
9805,0.00293482,5.57331697e-06
9806,0.00064903,5.57249568e-06
9807,0.00377735,5.57167438e-06
9808,0.00176111,5.57085305e-06
9809,0.00185519,5.57003172e-06
9810,0.00378620,5.56921036e-06
9811,0.02256217,5.568389e-06
9812,0.00195655,5.56756761e-06
9813,0.00902580,5.56674621e-06
9814,0.00369424,5.5659248e-06
9815,0.00169741,5.56510337e-06
9816,0.00157859,5.56428192e-06
9817,0.00073652,5.56346046e-06
9818,0.00556488,5.56263899e-06
9819,0.00136625,5.5618175e-06
9820,0.00095235,5.56099599e-06
9821,0.00090975,5.56017447e-06
9822,0.00251754,5.55935293e-06
9823,0.00055548,5.55853138e-06
9824,0.01504692,5.55770981e-06
9825,0.00238400,5.55688822e-06
9826,0.00307064,5.55606663e-06
9827,0.00080345,5.55524501e-06
9828,0.00500678,5.55442338e-06
9829,0.00240232,5.55360174e-06
9830,0.00542745,5.55278008e-06
9831,0.00266820,5.5519584e-06
9832,0.00773901,5.55113671e-06
9833,0.00129966,5.55031501e-06
9834,0.00110114,5.54949329e-06
9835,0.00208240,5.54867156e-06
9836,0.00245860,5.54784981e-06
9837,0.00117335,5.54702804e-06
9838,0.00235503,5.54620626e-06
9839,0.01170326,5.54538447e-06
9840,0.00109667,5.54456266e-06
9841,0.00092675,5.54374083e-06
9842,0.01007150,5.54291899e-06
9843,0.00881597,5.54209714e-06
9844,0.00131728,5.54127527e-06
9845,0.00136358,5.54045339e-06
9846,0.00597487,5.53963149e-06
9847,0.00782061,5.53880958e-06
9848,0.00067737,5.53798765e-06
9849,0.00332410,5.5371657e-06
9850,0.00217541,5.53634375e-06
9851,0.00268388,5.53552178e-06
9852,0.00133723,5.53469979e-06
9853,0.00247203,5.53387779e-06
9854,0.00081644,5.53305577e-06
9855,0.00115598,5.53223374e-06
9856,0.00109422,5.5314117e-06
9857,0.00117961,5.53058964e-06
9858,0.00089774,5.52976756e-06
9859,0.00181249,5.52894547e-06
9860,0.00100306,5.52812337e-06
9861,0.00129868,5.52730125e-06
9862,0.00215188,5.52647912e-06
9863,0.00300364,5.52565698e-06
9864,0.02371835,5.52483481e-06
9865,0.00319580,5.52401264e-06
9866,0.00548018,5.52319045e-06
9867,0.00070181,5.52236825e-06
9868,0.00303159,5.52154603e-06
9869,0.00176032,5.5207238e-06
9870,0.00202130,5.51990155e-06
9871,0.00057134,5.51907929e-06
9872,0.00141984,5.51825702e-06
9873,0.00248660,5.51743473e-06
9874,0.00112748,5.51661242e-06
9875,0.00610556,5.51579011e-06
9876,0.00180624,5.51496777e-06
9877,0.00373315,5.51414543e-06
9878,0.00090396,5.51332307e-06
9879,0.00079493,5.5125007e-06
9880,0.00385863,5.51167831e-06
9881,0.00058227,5.51085591e-06
9882,0.00134788,5.51003349e-06
9883,0.00280447,5.50921106e-06
9884,0.00096360,5.50838862e-06
9885,0.00575823,5.50756616e-06
9886,0.00217879,5.50674369e-06
9887,0.00094921,5.50592121e-06
9888,0.00443804,5.50509871e-06
9889,0.00255769,5.50427619e-06
9890,0.00262463,5.50345367e-06
9891,0.00513377,5.50263113e-06
9892,0.00076465,5.50180857e-06
9893,0.00244689,5.50098601e-06
9894,0.00194484,5.50016343e-06
9895,0.00084154,5.49934083e-06
9896,0.00243275,5.49851822e-06
9897,0.00595334,5.4976956e-06
9898,0.00128332,5.49687296e-06
9899,0.05453577,5.49605031e-06
9900,0.00050452,5.49522765e-06
9901,0.00033427,5.49440497e-06
9902,0.01417675,5.49358228e-06
9903,0.00080078,5.49275958e-06
9904,0.00340613,5.49193686e-06
9905,0.00216925,5.49111413e-06
9906,0.00049678,5.49029139e-06
9907,0.00409655,5.48946863e-06
9908,0.02714942,5.48864586e-06
9909,0.00075438,5.48782308e-06
9910,0.00217917,5.48700028e-06
9911,0.01069011,5.48617747e-06
9912,0.00733217,5.48535465e-06
9913,0.08142420,5.48453181e-06
9914,0.00088022,5.48370896e-06
9915,0.00222041,5.48288609e-06
9916,0.00366178,5.48206322e-06
9917,0.01286283,5.48124033e-06
9918,0.00107558,5.48041742e-06
9919,0.00076819,5.47959451e-06
9920,0.00162234,5.47877158e-06
9921,0.00138456,5.47794864e-06
9922,0.00124648,5.47712568e-06
9923,0.00125777,5.47630271e-06
9924,0.01759470,5.47547973e-06
9925,0.00190481,5.47465673e-06
9926,0.00094305,5.47383373e-06
9927,0.00220583,5.47301071e-06
9928,0.04266415,5.47218767e-06
9929,0.00203504,5.47136463e-06
9930,0.00203553,5.47054157e-06
9931,0.00146241,5.46971849e-06
9932,0.00123884,5.46889541e-06
9933,0.00306747,5.46807231e-06
9934,0.00087223,5.4672492e-06
9935,0.00366397,5.46642608e-06
9936,0.00168573,5.46560294e-06
9937,0.00081231,5.46477979e-06
9938,0.00507558,5.46395663e-06
9939,0.00546474,5.46313346e-06
9940,0.00532853,5.46231027e-06
9941,0.00039510,5.46148707e-06
9942,0.03336250,5.46066386e-06
9943,0.00238104,5.45984063e-06
9944,0.00162466,5.45901739e-06
9945,0.00253755,5.45819414e-06
9946,0.00291837,5.45737088e-06
9947,0.00079364,5.45654761e-06
9948,0.00174629,5.45572432e-06
9949,0.01622207,5.45490102e-06
9950,0.00186937,5.45407771e-06
9951,0.00246808,5.45325438e-06
9952,0.00301277,5.45243105e-06
9953,0.00125386,5.4516077e-06
9954,0.00137545,5.45078433e-06
9955,0.00350232,5.44996096e-06
9956,0.00247765,5.44913757e-06
9957,0.00198725,5.44831417e-06
9958,0.01114314,5.44749076e-06
9959,0.00586915,5.44666734e-06
9960,0.00665011,5.4458439e-06
9961,0.00069279,5.44502046e-06
9962,0.03686882,5.444197e-06
9963,0.00868649,5.44337352e-06
9964,0.00057705,5.44255004e-06
9965,0.00168017,5.44172654e-06
9966,0.00090666,5.44090304e-06
9967,0.00147853,5.44007952e-06
9968,0.00092784,5.43925598e-06
9969,0.00607785,5.43843244e-06
9970,0.00090473,5.43760888e-06
9971,0.00073851,5.43678531e-06
9972,0.00099267,5.43596173e-06
9973,0.00239614,5.43513814e-06
9974,0.00097124,5.43431454e-06
9975,0.00081381,5.43349092e-06
9976,0.01001258,5.43266729e-06
9977,0.00161743,5.43184365e-06
9978,0.00076526,5.43102e-06
9979,0.00112186,5.43019634e-06
9980,0.00068155,5.42937266e-06
9981,0.00501839,5.42854898e-06
9982,0.00273131,5.42772528e-06
9983,0.00129080,5.42690157e-06
9984,0.00161986,5.42607785e-06
9985,0.00880362,5.42525411e-06
9986,0.02047647,5.42443037e-06
9987,0.00435452,5.42360661e-06
9988,0.00116240,5.42278284e-06
9989,0.00915287,5.42195906e-06
9990,0.00097743,5.42113527e-06
9991,0.00122885,5.42031147e-06
9992,0.00175184,5.41948765e-06
9993,0.00075099,5.41866383e-06
9994,0.00079004,5.41783999e-06
9995,0.00228301,5.41701614e-06
9996,0.00156861,5.41619228e-06
9997,0.03633684,5.41536841e-06
9998,0.00152011,5.41454453e-06
9999,0.00535095,5.41372063e-06
10000,0.00460896,5.41289673e-06
10001,0.00277588,5.41207281e-06
10002,0.03734351,5.41124888e-06
10003,0.00247004,5.41042494e-06
10004,0.00254298,5.40960099e-06
10005,0.00677471,5.40877703e-06
10006,0.00209800,5.40795306e-06
10007,0.00147066,5.40712907e-06
10008,0.00620993,5.40630508e-06
10009,0.00067869,5.40548107e-06
10010,0.01131835,5.40465705e-06
10011,0.00182132,5.40383303e-06
10012,0.00153597,5.40300899e-06
10013,0.00460711,5.40218494e-06
10014,0.00121671,5.40136087e-06
10015,0.00143530,5.4005368e-06
10016,0.00493097,5.39971272e-06
10017,0.00249344,5.39888862e-06
10018,0.00265235,5.39806452e-06
10019,0.00238562,5.3972404e-06
10020,0.00112863,5.39641628e-06
10021,0.00137231,5.39559214e-06
10022,0.00188923,5.39476799e-06
10023,0.00407924,5.39394383e-06
10024,0.00465509,5.39311966e-06
10025,0.00191063,5.39229548e-06
10026,0.02219821,5.39147129e-06
10027,0.00151835,5.39064708e-06
10028,0.01052993,5.38982287e-06
10029,0.00503392,5.38899865e-06
10030,0.00148024,5.38817441e-06
10031,0.00550290,5.38735017e-06
10032,0.01314665,5.38652591e-06
10033,0.04311230,5.38570165e-06
10034,0.00263491,5.38487737e-06
10035,0.00284827,5.38405308e-06
10036,0.00196554,5.38322878e-06
10037,0.00811497,5.38240448e-06
10038,0.00102571,5.38158016e-06
10039,0.00388490,5.38075583e-06
10040,0.00345987,5.37993149e-06
10041,0.00934935,5.37910714e-06
10042,0.00395158,5.37828278e-06
10043,0.00360720,5.37745841e-06
10044,0.00143104,5.37663403e-06
10045,0.00212489,5.37580964e-06
10046,0.01852350,5.37498523e-06
10047,0.00219674,5.37416082e-06
10048,0.01193623,5.3733364e-06
10049,0.00090581,5.37251197e-06
10050,0.00183715,5.37168753e-06
10051,0.00174701,5.37086307e-06
10052,0.00346334,5.37003861e-06
10053,0.00359793,5.36921414e-06
10054,0.05018386,5.36838966e-06
10055,0.00230559,5.36756516e-06
10056,0.00163308,5.36674066e-06
10057,0.00113115,5.36591615e-06
10058,0.00309242,5.36509162e-06
10059,0.00086801,5.36426709e-06
10060,0.00734433,5.36344255e-06
10061,0.00182267,5.36261799e-06
10062,0.00156151,5.36179343e-06
10063,0.00171753,5.36096886e-06
10064,0.00593219,5.36014428e-06
10065,0.00619929,5.35931968e-06
10066,0.00258471,5.35849508e-06
10067,0.00168946,5.35767047e-06
10068,0.00107316,5.35684585e-06
10069,0.00192725,5.35602122e-06
10070,0.01326981,5.35519658e-06
10071,0.00504723,5.35437192e-06
10072,0.00069963,5.35354726e-06
10073,0.00153456,5.35272259e-06
10074,0.00247793,5.35189791e-06
10075,0.00229004,5.35107322e-06
10076,0.00044892,5.35024852e-06
10077,0.00108099,5.34942382e-06
10078,0.00094393,5.3485991e-06
10079,0.00171268,5.34777437e-06
10080,0.00412474,5.34694963e-06
10081,0.00275039,5.34612488e-06
10082,0.00174635,5.34530013e-06
10083,0.00193207,5.34447536e-06
10084,0.00210400,5.34365059e-06
10085,0.01661278,5.3428258e-06
10086,0.01122395,5.34200101e-06
10087,0.00150514,5.34117621e-06
10088,0.00085961,5.34035139e-06
10089,0.05138256,5.33952657e-06
10090,0.00711328,5.33870174e-06
10091,0.00417618,5.3378769e-06
10092,0.00146071,5.33705205e-06
10093,0.00513386,5.33622719e-06
10094,0.00253965,5.33540232e-06
10095,0.00182591,5.33457745e-06
10096,0.01236093,5.33375256e-06
10097,0.00181666,5.33292766e-06
10098,0.00328000,5.33210276e-06
10099,0.00123503,5.33127784e-06
10100,0.03461257,5.33045292e-06
10101,0.00137345,5.32962799e-06
10102,0.00314963,5.32880305e-06
10103,0.00284256,5.3279781e-06
10104,0.00369066,5.32715314e-06
10105,0.00079453,5.32632817e-06
10106,0.00270115,5.3255032e-06
10107,0.01162841,5.32467821e-06
10108,0.01078938,5.32385322e-06
10109,0.00149537,5.32302821e-06
10110,0.00271982,5.3222032e-06
10111,0.00847598,5.32137818e-06
10112,0.00140619,5.32055315e-06
10113,0.00554626,5.31972811e-06
10114,0.01280712,5.31890306e-06
10115,0.00185913,5.31807801e-06
10116,0.00279278,5.31725294e-06
10117,0.00141517,5.31642787e-06
10118,0.00206533,5.31560279e-06
10119,0.00168096,5.3147777e-06
10120,0.00215550,5.3139526e-06
10121,0.00519846,5.31312749e-06
10122,0.02498190,5.31230237e-06
10123,0.02143911,5.31147725e-06
10124,0.00325013,5.31065212e-06
10125,0.00318039,5.30982697e-06
10126,0.00399308,5.30900182e-06
10127,0.00174413,5.30817666e-06
10128,0.00088634,5.3073515e-06
10129,0.00363615,5.30652632e-06
10130,0.00557197,5.30570114e-06
10131,0.00221902,5.30487594e-06
10132,0.00249436,5.30405074e-06
10133,0.00222859,5.30322553e-06
10134,0.00199552,5.30240032e-06
10135,0.00117899,5.30157509e-06
10136,0.00126676,5.30074986e-06
10137,0.00156029,5.29992462e-06
10138,0.00528355,5.29909937e-06
10139,0.00138691,5.29827411e-06
10140,0.00089037,5.29744884e-06
10141,0.00867527,5.29662357e-06
10142,0.00058096,5.29579828e-06
10143,0.00288957,5.29497299e-06
10144,0.00180799,5.29414769e-06
10145,0.02130051,5.29332239e-06
10146,0.00089266,5.29249707e-06
10147,0.00055611,5.29167175e-06
10148,0.00073083,5.29084642e-06
10149,0.00120591,5.29002108e-06
10150,0.00083812,5.28919573e-06
10151,0.00247161,5.28837038e-06
10152,0.00114312,5.28754501e-06
10153,0.00656518,5.28671964e-06
10154,0.00241371,5.28589426e-06
10155,0.00498209,5.28506888e-06
10156,0.00196123,5.28424348e-06
10157,0.00176166,5.28341808e-06
10158,0.00351257,5.28259267e-06
10159,0.00169248,5.28176726e-06
10160,0.00263561,5.28094183e-06
10161,0.00173137,5.2801164e-06
10162,0.00207563,5.27929096e-06
10163,0.00366501,5.27846551e-06
10164,0.00224721,5.27764005e-06
10165,0.00537348,5.27681459e-06
10166,0.00111815,5.27598912e-06
10167,0.00057204,5.27516364e-06
10168,0.00776984,5.27433816e-06
10169,0.00105452,5.27351266e-06
10170,0.00214730,5.27268716e-06
10171,0.00195481,5.27186165e-06
10172,0.00144487,5.27103614e-06
10173,0.00110381,5.27021061e-06
10174,0.00073537,5.26938508e-06
10175,0.00102264,5.26855955e-06
10176,0.00097065,5.267734e-06
10177,0.00069026,5.26690845e-06
10178,0.00722308,5.26608289e-06
10179,0.00248027,5.26525732e-06
10180,0.00340134,5.26443175e-06
10181,0.00058209,5.26360617e-06
10182,0.00183801,5.26278058e-06
10183,0.00559819,5.26195498e-06
10184,0.00192588,5.26112938e-06
10185,0.01719019,5.26030377e-06
10186,0.00124546,5.25947815e-06
10187,0.00157430,5.25865253e-06
10188,0.00851735,5.25782689e-06
10189,0.00175533,5.25700126e-06
10190,0.01110039,5.25617561e-06
10191,0.00092711,5.25534996e-06
10192,0.00066774,5.2545243e-06
10193,0.00445115,5.25369863e-06
10194,0.00267949,5.25287296e-06
10195,0.00096171,5.25204728e-06
10196,0.00072753,5.25122159e-06
10197,0.00167351,5.2503959e-06
10198,0.00154629,5.2495702e-06
10199,0.05475490,5.24874449e-06
10200,0.00159451,5.24791877e-06
10201,0.00085548,5.24709305e-06
10202,0.00586800,5.24626732e-06
10203,0.00080324,5.24544159e-06
10204,0.00121641,5.24461585e-06
10205,0.00463975,5.2437901e-06
10206,0.00230532,5.24296434e-06
10207,0.00157376,5.24213858e-06
10208,0.00130029,5.24131281e-06
10209,0.00650998,5.24048704e-06
10210,0.00097106,5.23966126e-06
10211,0.00223089,5.23883547e-06
10212,0.00079250,5.23800968e-06
10213,0.00107188,5.23718387e-06
10214,0.00303464,5.23635807e-06
10215,0.00201443,5.23553225e-06
10216,0.00127814,5.23470643e-06
10217,0.00111777,5.23388061e-06
10218,0.00044691,5.23305477e-06
10219,0.00186462,5.23222893e-06
10220,0.01066512,5.23140309e-06
10221,0.00500539,5.23057724e-06
10222,0.00195318,5.22975138e-06
10223,0.00070862,5.22892551e-06
10224,0.01290670,5.22809964e-06
10225,0.00063020,5.22727376e-06
10226,0.00633640,5.22644788e-06
10227,0.00166788,5.22562199e-06
10228,0.00100755,5.2247961e-06
10229,0.00108933,5.22397019e-06
10230,0.00258041,5.22314428e-06
10231,0.00184986,5.22231837e-06
10232,0.00186149,5.22149245e-06
10233,0.00081205,5.22066652e-06
10234,0.06535471,5.21984059e-06
10235,0.00126573,5.21901465e-06
10236,0.00126804,5.21818871e-06
10237,0.00603535,5.21736276e-06
10238,0.00191780,5.2165368e-06
10239,0.00360907,5.21571084e-06
10240,0.01229242,5.21488487e-06
10241,0.00101877,5.2140589e-06
10242,0.01856066,5.21323292e-06
10243,0.00912761,5.21240693e-06
10244,0.00511461,5.21158094e-06
10245,0.00239245,5.21075494e-06
10246,0.00187919,5.20992894e-06
10247,0.00082123,5.20910293e-06
10248,0.00888934,5.20827692e-06
10249,0.00256939,5.2074509e-06
10250,0.00609265,5.20662487e-06
10251,0.00130568,5.20579884e-06
10252,0.00135527,5.2049728e-06
10253,0.01257090,5.20414676e-06
10254,0.00898382,5.20332071e-06
10255,0.00153345,5.20249466e-06
10256,0.00128770,5.2016686e-06
10257,0.00219913,5.20084253e-06
10258,0.00176646,5.20001646e-06
10259,0.00156266,5.19919039e-06
10260,0.00068939,5.19836431e-06
10261,0.00043607,5.19753822e-06
10262,0.00364050,5.19671213e-06
10263,0.00247193,5.19588603e-06
10264,0.00171630,5.19505993e-06
10265,0.00186629,5.19423382e-06
10266,0.00264926,5.1934077e-06
10267,0.00076141,5.19258159e-06
10268,0.00074538,5.19175546e-06
10269,0.00066300,5.19092933e-06
10270,0.00169258,5.1901032e-06
10271,0.00097220,5.18927706e-06
10272,0.00337720,5.18845091e-06
10273,0.00138082,5.18762476e-06
10274,0.00217762,5.18679861e-06
10275,0.00129057,5.18597245e-06
10276,0.00077230,5.18514628e-06
10277,0.00269914,5.18432011e-06
10278,0.00449247,5.18349394e-06
10279,0.00120623,5.18266776e-06
10280,0.00039522,5.18184157e-06
10281,0.02721314,5.18101538e-06
10282,0.02057105,5.18018918e-06
10283,0.00195228,5.17936298e-06
10284,0.00216240,5.17853678e-06
10285,0.05808187,5.17771057e-06
10286,0.00443051,5.17688435e-06
10287,0.00049836,5.17605813e-06
10288,0.01324137,5.17523191e-06
10289,0.00100132,5.17440568e-06
10290,0.06221042,5.17357945e-06
10291,0.00725089,5.17275321e-06
10292,0.00084004,5.17192696e-06
10293,0.00268270,5.17110071e-06
10294,0.00183643,5.17027446e-06
10295,0.00086550,5.1694482e-06
10296,0.00154648,5.16862194e-06
10297,0.00291603,5.16779567e-06
10298,0.00350922,5.1669694e-06
10299,0.00300447,5.16614313e-06
10300,0.00463525,5.16531685e-06
10301,0.00186217,5.16449056e-06
10302,0.00383735,5.16366427e-06
10303,0.00106253,5.16283798e-06
10304,0.00545214,5.16201168e-06
10305,0.00531141,5.16118538e-06
10306,0.00103941,5.16035907e-06
10307,0.00114729,5.15953276e-06
10308,0.00106041,5.15870644e-06
10309,0.00916229,5.15788012e-06
10310,0.00120242,5.1570538e-06
10311,0.00447805,5.15622747e-06
10312,0.00236373,5.15540113e-06
10313,0.03200455,5.1545748e-06
10314,0.00165205,5.15374845e-06
10315,0.00048428,5.15292211e-06
10316,0.00070467,5.15209576e-06
10317,0.00084648,5.1512694e-06
10318,0.00198325,5.15044304e-06
10319,0.00615141,5.14961668e-06
10320,0.00081607,5.14879031e-06
10321,0.00187481,5.14796394e-06
10322,0.00186974,5.14713757e-06
10323,0.00178025,5.14631119e-06
10324,0.00085622,5.14548481e-06
10325,0.00813856,5.14465842e-06
10326,0.00136808,5.14383203e-06
10327,0.00086267,5.14300564e-06
10328,0.00300547,5.14217924e-06
10329,0.01224012,5.14135283e-06
10330,0.00130651,5.14052643e-06
10331,0.00388257,5.13970002e-06
10332,0.00543748,5.1388736e-06
10333,0.00085921,5.13804719e-06
10334,0.00140555,5.13722076e-06
10335,0.00109653,5.13639434e-06
10336,0.00172662,5.13556791e-06
10337,0.00490622,5.13474148e-06
10338,0.00054820,5.13391504e-06
10339,0.00329850,5.1330886e-06
10340,0.00066758,5.13226216e-06
10341,0.00352046,5.13143571e-06
10342,0.00069907,5.13060926e-06
10343,0.00073070,5.1297828e-06
10344,0.00234537,5.12895634e-06
10345,0.00162895,5.12812988e-06
10346,0.00213242,5.12730342e-06
10347,0.00429695,5.12647695e-06
10348,0.00243577,5.12565048e-06
10349,0.00140902,5.124824e-06
10350,0.01217499,5.12399752e-06
10351,0.00392920,5.12317104e-06
10352,0.00295214,5.12234455e-06
10353,0.00936293,5.12151807e-06
10354,0.00319322,5.12069157e-06
10355,0.00235276,5.11986508e-06
10356,0.00109570,5.11903858e-06
10357,0.00116242,5.11821208e-06
10358,0.00117328,5.11738557e-06
10359,0.01527495,5.11655906e-06
10360,0.00110081,5.11573255e-06
10361,0.00103200,5.11490604e-06
10362,0.00275038,5.11407952e-06
10363,0.00154308,5.113253e-06
10364,0.00147577,5.11242647e-06
10365,0.00084743,5.11159994e-06
10366,0.02487379,5.11077341e-06
10367,0.00121415,5.10994688e-06
10368,0.00091794,5.10912034e-06
10369,0.00108652,5.1082938e-06
10370,0.00164049,5.10746726e-06
10371,0.00113764,5.10664072e-06
10372,0.00278458,5.10581417e-06
10373,0.00073462,5.10498762e-06
10374,0.00102221,5.10416106e-06
10375,0.00173613,5.10333451e-06
10376,0.00073204,5.10250795e-06
10377,0.00135034,5.10168138e-06
10378,0.00149317,5.10085482e-06
10379,0.00538090,5.10002825e-06
10380,0.00159825,5.09920168e-06
10381,0.00153847,5.09837511e-06
10382,0.01111939,5.09754853e-06
10383,0.00440644,5.09672195e-06
10384,0.00079577,5.09589537e-06
10385,0.00129304,5.09506879e-06
10386,0.00172191,5.0942422e-06
10387,0.00140561,5.09341561e-06
10388,0.00537425,5.09258902e-06
10389,0.00042225,5.09176242e-06
10390,0.00425966,5.09093583e-06
10391,0.00648817,5.09010923e-06
10392,0.03375952,5.08928262e-06
10393,0.00130767,5.08845602e-06
10394,0.00122322,5.08762941e-06
10395,0.00373943,5.0868028e-06
10396,0.00207987,5.08597619e-06
10397,0.00063872,5.08514958e-06
10398,0.00051465,5.08432296e-06
10399,0.00130806,5.08349634e-06
10400,0.00940857,5.08266972e-06
10401,0.00196638,5.0818431e-06
10402,0.00084909,5.08101648e-06
10403,0.00164524,5.08018985e-06
10404,0.00111273,5.07936322e-06
10405,0.00150689,5.07853659e-06
10406,0.00071487,5.07770995e-06
10407,0.01404833,5.07688332e-06
10408,0.00205165,5.07605668e-06
10409,0.00062339,5.07523004e-06
10410,0.00099437,5.0744034e-06
10411,0.00069431,5.07357675e-06
10412,0.00106276,5.0727501e-06
10413,0.00154090,5.07192346e-06
10414,0.00087788,5.07109681e-06
10415,0.01045088,5.07027015e-06
10416,0.00051219,5.0694435e-06
10417,0.00119705,5.06861684e-06
10418,0.00197324,5.06779019e-06
10419,0.00281229,5.06696353e-06
10420,0.05072063,5.06613686e-06
10421,0.00181506,5.0653102e-06
10422,0.00214603,5.06448354e-06
10423,0.00140482,5.06365687e-06
10424,0.00216592,5.0628302e-06
10425,0.02989099,5.06200353e-06
10426,0.00255467,5.06117686e-06
10427,0.00122841,5.06035018e-06
10428,0.00086414,5.05952351e-06
10429,0.00157265,5.05869683e-06
10430,0.00458275,5.05787015e-06
10431,0.00509316,5.05704347e-06
10432,0.00159101,5.05621679e-06
10433,0.00715740,5.05539011e-06
10434,0.00146930,5.05456342e-06
10435,0.01286022,5.05373673e-06
10436,0.00162475,5.05291005e-06
10437,0.00118879,5.05208336e-06
10438,0.00342022,5.05125667e-06
10439,0.00156399,5.05042997e-06
10440,0.00071981,5.04960328e-06
10441,0.00345526,5.04877659e-06
10442,0.00037369,5.04794989e-06
10443,0.00071458,5.04712319e-06
10444,0.00112911,5.04629649e-06
10445,0.00161544,5.04546979e-06
10446,0.00817406,5.04464309e-06
10447,0.00185512,5.04381639e-06
10448,0.00096142,5.04298969e-06
10449,0.00255290,5.04216298e-06
10450,0.01666410,5.04133627e-06
10451,0.00538025,5.04050957e-06
10452,0.00417594,5.03968286e-06
10453,0.00063029,5.03885615e-06
10454,0.00101475,5.03802944e-06
10455,0.03662336,5.03720273e-06
10456,0.05410006,5.03637602e-06
10457,0.00435703,5.0355493e-06
10458,0.00057390,5.03472259e-06
10459,0.00148708,5.03389587e-06
10460,0.00094706,5.03306916e-06
10461,0.00047756,5.03224244e-06
10462,0.01882213,5.03141572e-06
10463,0.00148548,5.030589e-06
10464,0.00482001,5.02976228e-06
10465,0.00524282,5.02893556e-06
10466,0.00489992,5.02810884e-06
10467,0.00602698,5.02728212e-06
10468,0.02271082,5.02645539e-06
10469,0.00251201,5.02562867e-06
10470,0.01305840,5.02480195e-06
10471,0.00150683,5.02397522e-06
10472,0.00332664,5.02314849e-06
10473,0.00457234,5.02232177e-06
10474,0.00264403,5.02149504e-06
10475,0.00373247,5.02066831e-06
10476,0.00337382,5.01984159e-06
10477,0.00466350,5.01901486e-06
10478,0.00406603,5.01818813e-06
10479,0.00091657,5.0173614e-06
10480,0.00182362,5.01653467e-06
10481,0.00453527,5.01570794e-06
10482,0.00380618,5.01488121e-06
10483,0.00207975,5.01405447e-06
10484,0.00156687,5.01322774e-06
10485,0.00273335,5.01240101e-06
10486,0.00172188,5.01157428e-06
10487,0.00313741,5.01074755e-06
10488,0.00221375,5.00992081e-06
10489,0.00909015,5.00909408e-06
10490,0.00265274,5.00826735e-06
10491,0.00213230,5.00744061e-06
10492,0.00179905,5.00661388e-06
10493,0.00075256,5.00578714e-06
10494,0.00742687,5.00496041e-06
10495,0.00315251,5.00413367e-06
10496,0.00409309,5.00330694e-06
10497,0.00101402,5.0024802e-06
10498,0.00570440,5.00165347e-06
10499,0.00063392,5.00082673e-06
10500,0.00103643,5e-06
10501,0.00110694,4.99917327e-06
10502,0.00614664,4.99834653e-06
10503,0.00156674,4.9975198e-06
10504,0.00113562,4.99669306e-06
10505,0.00229628,4.99586633e-06
10506,0.00216410,4.99503959e-06
10507,0.00488841,4.99421286e-06
10508,0.00098462,4.99338612e-06
10509,0.00090448,4.99255939e-06
10510,0.00246011,4.99173265e-06
10511,0.02009741,4.99090592e-06
10512,0.00159657,4.99007919e-06
10513,0.00061819,4.98925245e-06
10514,0.00404616,4.98842572e-06
10515,0.00454102,4.98759899e-06
10516,0.00665696,4.98677226e-06
10517,0.00049427,4.98594553e-06
10518,0.00184909,4.98511879e-06
10519,0.00750361,4.98429206e-06
10520,0.00227936,4.98346533e-06
10521,0.00223696,4.9826386e-06
10522,0.00074529,4.98181187e-06
10523,0.00105792,4.98098514e-06
10524,0.00098525,4.98015841e-06
10525,0.00412890,4.97933169e-06
10526,0.00268149,4.97850496e-06
10527,0.00113274,4.97767823e-06
10528,0.00225041,4.97685151e-06
10529,0.00121024,4.97602478e-06
10530,0.00174415,4.97519805e-06
10531,0.00115219,4.97437133e-06
10532,0.00622756,4.97354461e-06
10533,0.00153669,4.97271788e-06
10534,0.00061236,4.97189116e-06
10535,0.00164338,4.97106444e-06
10536,0.00205721,4.97023772e-06
10537,0.00155368,4.969411e-06
10538,0.00252311,4.96858428e-06
10539,0.00225879,4.96775756e-06
10540,0.00092502,4.96693084e-06
10541,0.00077868,4.96610413e-06
10542,0.00281726,4.96527741e-06
10543,0.00870906,4.9644507e-06
10544,0.00073534,4.96362398e-06
10545,0.00250362,4.96279727e-06
10546,0.00669695,4.96197056e-06
10547,0.00074366,4.96114385e-06
10548,0.00066469,4.96031714e-06
10549,0.00176754,4.95949043e-06
10550,0.00129038,4.95866373e-06
10551,0.03459269,4.95783702e-06
10552,0.00110770,4.95701031e-06
10553,0.00100517,4.95618361e-06
10554,0.00084834,4.95535691e-06
10555,0.00065078,4.95453021e-06
10556,0.00123632,4.95370351e-06
10557,0.00414048,4.95287681e-06
10558,0.02657998,4.95205011e-06
10559,0.00184114,4.95122341e-06
10560,0.00139307,4.95039672e-06
10561,0.00229757,4.94957003e-06
10562,0.00115387,4.94874333e-06
10563,0.00170002,4.94791664e-06
10564,0.00060362,4.94708995e-06
10565,0.00537111,4.94626327e-06
10566,0.00729816,4.94543658e-06
10567,0.00185214,4.94460989e-06
10568,0.00178140,4.94378321e-06
10569,0.13129296,4.94295653e-06
10570,0.00239754,4.94212985e-06
10571,0.00903284,4.94130317e-06
10572,0.00726149,4.94047649e-06
10573,0.00235930,4.93964982e-06
10574,0.00221401,4.93882314e-06
10575,0.00057639,4.93799647e-06
10576,0.00750525,4.9371698e-06
10577,0.00197598,4.93634313e-06
10578,0.00191235,4.93551646e-06
10579,0.00100972,4.9346898e-06
10580,0.00402984,4.93386314e-06
10581,0.00402502,4.93303647e-06
10582,0.00573685,4.93220981e-06
10583,0.00518702,4.93138316e-06
10584,0.00076948,4.9305565e-06
10585,0.00268374,4.92972985e-06
10586,0.00209988,4.92890319e-06
10587,0.00190290,4.92807654e-06
10588,0.00403047,4.9272499e-06
10589,0.00053365,4.92642325e-06
10590,0.00106068,4.9255966e-06
10591,0.00153695,4.92476996e-06
10592,0.00310198,4.92394332e-06
10593,0.00377848,4.92311668e-06
10594,0.00280764,4.92229005e-06
10595,0.00082975,4.92146341e-06
10596,0.00063403,4.92063678e-06
10597,0.00077374,4.91981015e-06
10598,0.00247836,4.91898352e-06
10599,0.00104677,4.9181569e-06
10600,0.00047244,4.91733028e-06
10601,0.00346218,4.91650366e-06
10602,0.00661723,4.91567704e-06
10603,0.00185559,4.91485042e-06
10604,0.00312519,4.91402381e-06
10605,0.00253475,4.9131972e-06
10606,0.00039704,4.91237059e-06
10607,0.00915663,4.91154398e-06
10608,0.00405602,4.91071738e-06
10609,0.00132673,4.90989077e-06
10610,0.00271331,4.90906417e-06
10611,0.00124255,4.90823758e-06
10612,0.00161310,4.90741098e-06
10613,0.00191619,4.90658439e-06
10614,0.00124687,4.9057578e-06
10615,0.00186976,4.90493121e-06
10616,0.00502149,4.90410463e-06
10617,0.00128777,4.90327805e-06
10618,0.00080407,4.90245147e-06
10619,0.00147820,4.90162489e-06
10620,0.00191846,4.90079832e-06
10621,0.05695142,4.89997175e-06
10622,0.00047203,4.89914518e-06
10623,0.00631620,4.89831862e-06
10624,0.01145062,4.89749205e-06
10625,0.00030724,4.89666549e-06
10626,0.00097059,4.89583894e-06
10627,0.00091496,4.89501238e-06
10628,0.00093606,4.89418583e-06
10629,0.00094653,4.89335928e-06
10630,0.00517137,4.89253274e-06
10631,0.00081825,4.8917062e-06
10632,0.00076378,4.89087966e-06
10633,0.00096134,4.89005312e-06
10634,0.00158671,4.88922659e-06
10635,0.00244111,4.88840006e-06
10636,0.02745083,4.88757353e-06
10637,0.00068998,4.886747e-06
10638,0.00109171,4.88592048e-06
10639,0.00078834,4.88509396e-06
10640,0.01322110,4.88426745e-06
10641,0.00085964,4.88344094e-06
10642,0.00095202,4.88261443e-06
10643,0.00107120,4.88178792e-06
10644,0.00127935,4.88096142e-06
10645,0.00094108,4.88013492e-06
10646,0.00360846,4.87930843e-06
10647,0.00246423,4.87848193e-06
10648,0.00042887,4.87765545e-06
10649,0.00116354,4.87682896e-06
10650,0.00078848,4.87600248e-06
10651,0.00371611,4.875176e-06
10652,0.00162687,4.87434952e-06
10653,0.00861954,4.87352305e-06
10654,0.00038884,4.87269658e-06
10655,0.00078071,4.87187012e-06
10656,0.00074384,4.87104366e-06
10657,0.00486812,4.8702172e-06
10658,0.00308610,4.86939074e-06
10659,0.00062775,4.86856429e-06
10660,0.00489889,4.86773784e-06
10661,0.00096795,4.8669114e-06
10662,0.00100721,4.86608496e-06
10663,0.00145510,4.86525852e-06
10664,0.00118652,4.86443209e-06
10665,0.00052757,4.86360566e-06
10666,0.00121657,4.86277924e-06
10667,0.00057285,4.86195281e-06
10668,0.00053866,4.8611264e-06
10669,0.00091914,4.86029998e-06
10670,0.01601291,4.85947357e-06
10671,0.00249877,4.85864717e-06
10672,0.00667728,4.85782076e-06
10673,0.00077014,4.85699436e-06
10674,0.00346307,4.85616797e-06
10675,0.00078272,4.85534158e-06
10676,0.00132547,4.85451519e-06
10677,0.00315981,4.85368881e-06
10678,0.00084098,4.85286243e-06
10679,0.00064395,4.85203606e-06
10680,0.00461481,4.85120969e-06
10681,0.00085383,4.85038332e-06
10682,0.00477056,4.84955696e-06
10683,0.00269198,4.8487306e-06
10684,0.00176302,4.84790424e-06
10685,0.00095329,4.84707789e-06
10686,0.00892484,4.84625155e-06
10687,0.00450769,4.8454252e-06
10688,0.00090664,4.84459887e-06
10689,0.00228591,4.84377253e-06
10690,0.00157540,4.8429462e-06
10691,0.00233406,4.84211988e-06
10692,0.00230987,4.84129356e-06
10693,0.00525965,4.84046724e-06
10694,0.00225808,4.83964093e-06
10695,0.00211800,4.83881462e-06
10696,0.00248696,4.83798832e-06
10697,0.00463625,4.83716202e-06
10698,0.00150854,4.83633573e-06
10699,0.00038513,4.83550944e-06
10700,0.00298136,4.83468315e-06
10701,0.00662005,4.83385687e-06
10702,0.01071883,4.8330306e-06
10703,0.00052500,4.83220433e-06
10704,0.00900236,4.83137806e-06
10705,0.00085746,4.8305518e-06
10706,0.00397506,4.82972554e-06
10707,0.00105632,4.82889929e-06
10708,0.00058316,4.82807304e-06
10709,0.00460135,4.82724679e-06
10710,0.00290761,4.82642055e-06
10711,0.00182141,4.82559432e-06
10712,0.00438130,4.82476809e-06
10713,0.02331471,4.82394187e-06
10714,0.00172031,4.82311565e-06
10715,0.00101982,4.82228943e-06
10716,0.00547434,4.82146322e-06
10717,0.00086271,4.82063702e-06
10718,0.00359889,4.81981082e-06
10719,0.00575361,4.81898462e-06
10720,0.00383625,4.81815843e-06
10721,0.04735381,4.81733224e-06
10722,0.00074390,4.81650606e-06
10723,0.00326091,4.81567989e-06
10724,0.00226078,4.81485372e-06
10725,0.00117906,4.81402755e-06
10726,0.00059251,4.81320139e-06
10727,0.00119465,4.81237524e-06
10728,0.00479551,4.81154909e-06
10729,0.00079238,4.81072294e-06
10730,0.00250482,4.8098968e-06
10731,0.00285955,4.80907067e-06
10732,0.06507837,4.80824454e-06
10733,0.00357285,4.80741841e-06
10734,0.00538634,4.8065923e-06
10735,0.04600844,4.80576618e-06
10736,0.00127947,4.80494007e-06
10737,0.00047440,4.80411397e-06
10738,0.00041444,4.80328787e-06
10739,0.00087839,4.80246178e-06
10740,0.00151076,4.80163569e-06
10741,0.00634291,4.80080961e-06
10742,0.00397881,4.79998354e-06
10743,0.00109027,4.79915747e-06
10744,0.00080403,4.7983314e-06
10745,0.00052985,4.79750534e-06
10746,0.00090484,4.79667929e-06
10747,0.00767217,4.79585324e-06
10748,0.01495079,4.7950272e-06
10749,0.00550933,4.79420116e-06
10750,0.00261527,4.79337513e-06
10751,0.00152798,4.7925491e-06
10752,0.01516240,4.79172308e-06
10753,0.00163809,4.79089707e-06
10754,0.01384219,4.79007106e-06
10755,0.00091022,4.78924506e-06
10756,0.00245173,4.78841906e-06
10757,0.00261256,4.78759307e-06
10758,0.00279586,4.78676708e-06
10759,0.00284013,4.7859411e-06
10760,0.00075659,4.78511513e-06
10761,0.01716211,4.78428916e-06
10762,0.00171995,4.7834632e-06
10763,0.00217086,4.78263724e-06
10764,0.00130084,4.78181129e-06
10765,0.03277006,4.78098535e-06
10766,0.00435015,4.78015941e-06
10767,0.00365072,4.77933348e-06
10768,0.00194316,4.77850755e-06
10769,0.00135428,4.77768163e-06
10770,0.00087701,4.77685572e-06
10771,0.00066894,4.77602981e-06
10772,0.00282922,4.7752039e-06
10773,0.00061116,4.77437801e-06
10774,0.00109200,4.77355212e-06
10775,0.00064483,4.77272624e-06
10776,0.02523191,4.77190036e-06
10777,0.00172588,4.77107449e-06
10778,0.00239959,4.77024862e-06
10779,0.00117735,4.76942276e-06
10780,0.00159871,4.76859691e-06
10781,0.00273895,4.76777107e-06
10782,0.00110787,4.76694523e-06
10783,0.00315830,4.76611939e-06
10784,0.00410519,4.76529357e-06
10785,0.05648481,4.76446775e-06
10786,0.00188169,4.76364193e-06
10787,0.00138854,4.76281613e-06
10788,0.00800961,4.76199032e-06
10789,0.00113646,4.76116453e-06
10790,0.00097940,4.76033874e-06
10791,0.00078126,4.75951296e-06
10792,0.00151657,4.75868719e-06
10793,0.03207394,4.75786142e-06
10794,0.00877068,4.75703566e-06
10795,0.00099348,4.7562099e-06
10796,0.00180329,4.75538415e-06
10797,0.00405588,4.75455841e-06
10798,0.02056510,4.75373268e-06
10799,0.00235677,4.75290695e-06
10800,0.00170202,4.75208123e-06
10801,0.01574482,4.75125551e-06
10802,0.00095626,4.7504298e-06
10803,0.00229395,4.7496041e-06
10804,0.00158420,4.74877841e-06
10805,0.00129891,4.74795272e-06
10806,0.00066789,4.74712704e-06
10807,0.00115252,4.74630137e-06
10808,0.00058875,4.7454757e-06
10809,0.02275621,4.74465004e-06
10810,0.00650137,4.74382439e-06
10811,0.00169872,4.74299874e-06
10812,0.00171935,4.74217311e-06
10813,0.00264465,4.74134747e-06
10814,0.01130745,4.74052185e-06
10815,0.00393297,4.73969623e-06
10816,0.02006905,4.73887062e-06
10817,0.00511951,4.73804502e-06
10818,0.00176273,4.73721942e-06
10819,0.00231285,4.73639383e-06
10820,0.00800362,4.73556825e-06
10821,0.04644635,4.73474268e-06
10822,0.00354645,4.73391711e-06
10823,0.00256218,4.73309155e-06
10824,0.00087203,4.732266e-06
10825,0.00170699,4.73144045e-06
10826,0.00401133,4.73061492e-06
10827,0.02483588,4.72978939e-06
10828,0.00104003,4.72896386e-06
10829,0.00071394,4.72813835e-06
10830,0.00055407,4.72731284e-06
10831,0.00146998,4.72648734e-06
10832,0.01766061,4.72566184e-06
10833,0.01022690,4.72483636e-06
10834,0.00237813,4.72401088e-06
10835,0.01520421,4.72318541e-06
10836,0.01479515,4.72235995e-06
10837,0.00483287,4.72153449e-06
10838,0.00604280,4.72070904e-06
10839,0.00257245,4.7198836e-06
10840,0.00767281,4.71905817e-06
10841,0.00343538,4.71823274e-06
10842,0.01015595,4.71740733e-06
10843,0.00292283,4.71658192e-06
10844,0.00344234,4.71575652e-06
10845,0.00328317,4.71493112e-06
10846,0.00174322,4.71410574e-06
10847,0.00083833,4.71328036e-06
10848,0.00362066,4.71245499e-06
10849,0.00268244,4.71162962e-06
10850,0.00416723,4.71080427e-06
10851,0.00116378,4.70997892e-06
10852,0.00161369,4.70915358e-06
10853,0.00229289,4.70832825e-06
10854,0.00400506,4.70750293e-06
10855,0.00249635,4.70667761e-06
10856,0.00143982,4.70585231e-06
10857,0.01460505,4.70502701e-06
10858,0.00219774,4.70420172e-06
10859,0.00125359,4.70337643e-06
10860,0.00146048,4.70255116e-06
10861,0.00171870,4.70172589e-06
10862,0.00185779,4.70090063e-06
10863,0.00295182,4.70007538e-06
10864,0.00070039,4.69925014e-06
10865,0.00207305,4.69842491e-06
10866,0.00171197,4.69759968e-06
10867,0.00452170,4.69677447e-06
10868,0.00328309,4.69594926e-06
10869,0.00152449,4.69512406e-06
10870,0.00112281,4.69429886e-06
10871,0.00203794,4.69347368e-06
10872,0.00161177,4.6926485e-06
10873,0.00262230,4.69182334e-06
10874,0.00069425,4.69099818e-06
10875,0.00636598,4.69017303e-06
10876,0.00065569,4.68934788e-06
10877,0.00231797,4.68852275e-06
10878,0.00383539,4.68769763e-06
10879,0.00157634,4.68687251e-06
10880,0.00189927,4.6860474e-06
10881,0.00146594,4.6852223e-06
10882,0.00483566,4.68439721e-06
10883,0.00334347,4.68357213e-06
10884,0.00112152,4.68274706e-06
10885,0.01149984,4.68192199e-06
10886,0.01078236,4.68109694e-06
10887,0.00177208,4.68027189e-06
10888,0.01038205,4.67944685e-06
10889,0.00642235,4.67862182e-06
10890,0.00142197,4.6777968e-06
10891,0.00119359,4.67697179e-06
10892,0.00558138,4.67614678e-06
10893,0.00600334,4.67532179e-06
10894,0.00512103,4.6744968e-06
10895,0.00331976,4.67367183e-06
10896,0.00421140,4.67284686e-06
10897,0.00626963,4.6720219e-06
10898,0.00531739,4.67119695e-06
10899,0.00293612,4.67037201e-06
10900,0.00248959,4.66954708e-06
10901,0.00232525,4.66872216e-06
10902,0.00151998,4.66789724e-06
10903,0.00290347,4.66707234e-06
10904,0.00504656,4.66624744e-06
10905,0.00571322,4.66542255e-06
10906,0.00311975,4.66459768e-06
10907,0.00206395,4.66377281e-06
10908,0.00230939,4.66294795e-06
10909,0.00741083,4.6621231e-06
10910,0.00516093,4.66129826e-06
10911,0.00486022,4.66047343e-06
10912,0.00077886,4.65964861e-06
10913,0.00450095,4.65882379e-06
10914,0.00831101,4.65799899e-06
10915,0.00167206,4.6571742e-06
10916,0.00727316,4.65634941e-06
10917,0.00063694,4.65552464e-06
10918,0.00042956,4.65469987e-06
10919,0.00644453,4.65387512e-06
10920,0.00194156,4.65305037e-06
10921,0.00125573,4.65222563e-06
10922,0.00387683,4.6514009e-06
10923,0.00059391,4.65057618e-06
10924,0.03230170,4.64975148e-06
10925,0.00201429,4.64892678e-06
10926,0.00199545,4.64810209e-06
10927,0.00238678,4.64727741e-06
10928,0.00417486,4.64645274e-06
10929,0.00131118,4.64562808e-06
10930,0.03404860,4.64480342e-06
10931,0.00111693,4.64397878e-06
10932,0.00300881,4.64315415e-06
10933,0.00081819,4.64232953e-06
10934,0.00367082,4.64150492e-06
10935,0.00094745,4.64068032e-06
10936,0.00146458,4.63985572e-06
10937,0.10332918,4.63903114e-06
10938,0.00184288,4.63820657e-06
10939,0.00259145,4.63738201e-06
10940,0.00100809,4.63655745e-06
10941,0.00211442,4.63573291e-06
10942,0.00181843,4.63490838e-06
10943,0.00053077,4.63408385e-06
10944,0.00072482,4.63325934e-06
10945,0.00196979,4.63243484e-06
10946,0.00221444,4.63161034e-06
10947,0.00076714,4.63078586e-06
10948,0.00810606,4.62996139e-06
10949,0.00125708,4.62913693e-06
10950,0.00083145,4.62831247e-06
10951,0.00088116,4.62748803e-06
10952,0.01063958,4.6266636e-06
10953,0.01344372,4.62583918e-06
10954,0.00064286,4.62501477e-06
10955,0.00133600,4.62419036e-06
10956,0.00665600,4.62336597e-06
10957,0.00109343,4.62254159e-06
10958,0.00242305,4.62171722e-06
10959,0.00124618,4.62089286e-06
10960,0.00214698,4.62006851e-06
10961,0.03008036,4.61924417e-06
10962,0.00181699,4.61841984e-06
10963,0.00132754,4.61759552e-06
10964,0.00342221,4.61677122e-06
10965,0.00393869,4.61594692e-06
10966,0.00337953,4.61512263e-06
10967,0.00261012,4.61429835e-06
10968,0.03696892,4.61347409e-06
10969,0.01055164,4.61264983e-06
10970,0.00162754,4.61182559e-06
10971,0.00369212,4.61100135e-06
10972,0.00165071,4.61017713e-06
10973,0.00287477,4.60935292e-06
10974,0.00550685,4.60852871e-06
10975,0.00122265,4.60770452e-06
10976,0.00164590,4.60688034e-06
10977,0.00994399,4.60605617e-06
10978,0.00293032,4.60523201e-06
10979,0.00112279,4.60440786e-06
10980,0.00071428,4.60358372e-06
10981,0.00189852,4.6027596e-06
10982,0.00146396,4.60193548e-06
10983,0.00230533,4.60111138e-06
10984,0.00095904,4.60028728e-06
10985,0.00360435,4.5994632e-06
10986,0.00522232,4.59863913e-06
10987,0.00143439,4.59781506e-06
10988,0.00321365,4.59699101e-06
10989,0.00133454,4.59616697e-06
10990,0.04901464,4.59534295e-06
10991,0.00160775,4.59451893e-06
10992,0.00052568,4.59369492e-06
10993,0.00300120,4.59287093e-06
10994,0.00321730,4.59204694e-06
10995,0.00191477,4.59122297e-06
10996,0.00127190,4.59039901e-06
10997,0.00155164,4.58957506e-06
10998,0.00077308,4.58875112e-06
10999,0.00285960,4.58792719e-06
11000,0.00342669,4.58710327e-06
11001,0.00060645,4.58627937e-06
11002,0.00075712,4.58545547e-06
11003,0.04087215,4.58463159e-06
11004,0.00041169,4.58380772e-06
11005,0.00428792,4.58298386e-06
11006,0.00036223,4.58216001e-06
11007,0.00191972,4.58133617e-06
11008,0.00213575,4.58051235e-06
11009,0.00220784,4.57968853e-06
11010,0.00087008,4.57886473e-06
11011,0.00286097,4.57804094e-06
11012,0.00117346,4.57721716e-06
11013,0.00113066,4.57639339e-06
11014,0.00308473,4.57556963e-06
11015,0.00088273,4.57474589e-06
11016,0.00118163,4.57392215e-06
11017,0.00273576,4.57309843e-06
11018,0.00506403,4.57227472e-06
11019,0.00302816,4.57145102e-06
11020,0.00252184,4.57062734e-06
11021,0.00183785,4.56980366e-06
11022,0.00122324,4.56898e-06
11023,0.00565651,4.56815635e-06
11024,0.00157495,4.56733271e-06
11025,0.00031748,4.56650908e-06
11026,0.00316044,4.56568546e-06
11027,0.00746159,4.56486186e-06
11028,0.00173457,4.56403827e-06
11029,0.00169817,4.56321469e-06
11030,0.00341268,4.56239112e-06
11031,0.00129832,4.56156756e-06
11032,0.03749497,4.56074402e-06
11033,0.00105216,4.55992048e-06
11034,0.01067732,4.55909696e-06
11035,0.00421812,4.55827346e-06
11036,0.01313317,4.55744996e-06
11037,0.00777978,4.55662648e-06
11038,0.05470828,4.555803e-06
11039,0.01263840,4.55497954e-06
11040,0.00149871,4.5541561e-06
11041,0.00863084,4.55333266e-06
11042,0.00092743,4.55250924e-06
11043,0.00658530,4.55168583e-06
11044,0.00147525,4.55086243e-06
11045,0.00193978,4.55003904e-06
11046,0.00227797,4.54921567e-06
11047,0.02004464,4.5483923e-06
11048,0.00246457,4.54756895e-06
11049,0.00119402,4.54674562e-06
11050,0.00155789,4.54592229e-06
11051,0.00325182,4.54509898e-06
11052,0.00166321,4.54427568e-06
11053,0.00085886,4.54345239e-06
11054,0.00793662,4.54262912e-06
11055,0.00083314,4.54180586e-06
11056,0.03490503,4.54098261e-06
11057,0.00856844,4.54015937e-06
11058,0.00676406,4.53933614e-06
11059,0.00204795,4.53851293e-06
11060,0.00127193,4.53768973e-06
11061,0.01741186,4.53686654e-06
11062,0.00860174,4.53604337e-06
11063,0.00612991,4.53522021e-06
11064,0.00105789,4.53439706e-06
11065,0.01245488,4.53357392e-06
11066,0.00130507,4.5327508e-06
11067,0.00859172,4.53192769e-06
11068,0.00303971,4.53110459e-06
11069,0.00084993,4.53028151e-06
11070,0.01111533,4.52945843e-06
11071,0.00108503,4.52863537e-06
11072,0.00213859,4.52781233e-06
11073,0.00064411,4.52698929e-06
11074,0.00280783,4.52616627e-06
11075,0.00082388,4.52534327e-06
11076,0.00717242,4.52452027e-06
11077,0.00165053,4.52369729e-06
11078,0.00038515,4.52287432e-06
11079,0.00284331,4.52205136e-06
11080,0.00721017,4.52122842e-06
11081,0.00563688,4.52040549e-06
11082,0.00085518,4.51958258e-06
11083,0.00110691,4.51875967e-06
11084,0.00538342,4.51793678e-06
11085,0.04515006,4.51711391e-06
11086,0.00150144,4.51629104e-06
11087,0.00080110,4.51546819e-06
11088,0.00359089,4.51464535e-06
11089,0.00148176,4.51382253e-06
11090,0.00167188,4.51299972e-06
11091,0.00070203,4.51217692e-06
11092,0.00374381,4.51135414e-06
11093,0.00058328,4.51053137e-06
11094,0.00230097,4.50970861e-06
11095,0.00072331,4.50888587e-06
11096,0.00233302,4.50806314e-06
11097,0.00064483,4.50724042e-06
11098,0.00411275,4.50641772e-06
11099,0.00041589,4.50559503e-06
11100,0.00083648,4.50477235e-06
11101,0.00061753,4.50394969e-06
11102,0.00771571,4.50312704e-06
11103,0.00057540,4.5023044e-06
11104,0.00686655,4.50148178e-06
11105,0.00055675,4.50065917e-06
11106,0.00725234,4.49983657e-06
11107,0.01029769,4.49901399e-06
11108,0.00109396,4.49819143e-06
11109,0.00633897,4.49736887e-06
11110,0.00047204,4.49654633e-06
11111,0.00624816,4.49572381e-06
11112,0.00084461,4.49490129e-06
11113,0.00060123,4.49407879e-06
11114,0.00136230,4.49325631e-06
11115,0.00230553,4.49243384e-06
11116,0.00237530,4.49161138e-06
11117,0.00163746,4.49078894e-06
11118,0.00045284,4.48996651e-06
11119,0.00333243,4.48914409e-06
11120,0.00239838,4.48832169e-06
11121,0.00700416,4.4874993e-06
11122,0.01728117,4.48667693e-06
11123,0.00074501,4.48585457e-06
11124,0.00049215,4.48503223e-06
11125,0.00638141,4.48420989e-06
11126,0.00114647,4.48338758e-06
11127,0.00029719,4.48256527e-06
11128,0.00176139,4.48174298e-06
11129,0.00093260,4.48092071e-06
11130,0.00089028,4.48009845e-06
11131,0.00223400,4.4792762e-06
11132,0.00061556,4.47845397e-06
11133,0.00162919,4.47763175e-06
11134,0.01463451,4.47680955e-06
11135,0.00049594,4.47598736e-06
11136,0.00368252,4.47516519e-06
11137,0.00094917,4.47434302e-06
11138,0.00156117,4.47352088e-06
11139,0.00231277,4.47269875e-06
11140,0.00160869,4.47187663e-06
11141,0.00249365,4.47105453e-06
11142,0.00070107,4.47023244e-06
11143,0.00436606,4.46941036e-06
11144,0.01401607,4.4685883e-06
11145,0.00150947,4.46776626e-06
11146,0.00448034,4.46694423e-06
11147,0.00073276,4.46612221e-06
11148,0.00089628,4.46530021e-06
11149,0.00211990,4.46447822e-06
11150,0.00059148,4.46365625e-06
11151,0.00082852,4.4628343e-06
11152,0.00086583,4.46201235e-06
11153,0.00156272,4.46119042e-06
11154,0.00865912,4.46036851e-06
11155,0.05780065,4.45954661e-06
11156,0.00095591,4.45872473e-06
11157,0.00637913,4.45790286e-06
11158,0.00351918,4.45708101e-06
11159,0.00063684,4.45625917e-06
11160,0.00112673,4.45543734e-06
11161,0.00049380,4.45461553e-06
11162,0.00104422,4.45379374e-06
11163,0.00250176,4.45297196e-06
11164,0.00078409,4.45215019e-06
11165,0.00133466,4.45132844e-06
11166,0.00107349,4.45050671e-06
11167,0.01487440,4.44968499e-06
11168,0.00514078,4.44886329e-06
11169,0.00058676,4.4480416e-06
11170,0.01634391,4.44721992e-06
11171,0.02668837,4.44639826e-06
11172,0.00089891,4.44557662e-06
11173,0.00422810,4.44475499e-06
11174,0.00615277,4.44393337e-06
11175,0.00363857,4.44311178e-06
11176,0.00149324,4.44229019e-06
11177,0.01966474,4.44146862e-06
11178,0.00398505,4.44064707e-06
11179,0.00180110,4.43982553e-06
11180,0.00298933,4.43900401e-06
11181,0.00142311,4.4381825e-06
11182,0.00128989,4.43736101e-06
11183,0.00611238,4.43653954e-06
11184,0.01881100,4.43571808e-06
11185,0.00963461,4.43489663e-06
11186,0.00195328,4.4340752e-06
11187,0.00173610,4.43325379e-06
11188,0.00147636,4.43243239e-06
11189,0.00408956,4.431611e-06
11190,0.00303581,4.43078964e-06
11191,0.00107361,4.42996828e-06
11192,0.00107668,4.42914695e-06
11193,0.01512468,4.42832562e-06
11194,0.00124519,4.42750432e-06
11195,0.00173796,4.42668303e-06
11196,0.00400557,4.42586175e-06
11197,0.00138894,4.4250405e-06
11198,0.00302563,4.42421925e-06
11199,0.03118008,4.42339803e-06
11200,0.00084393,4.42257682e-06
11201,0.02620916,4.42175562e-06
11202,0.00480083,4.42093444e-06
11203,0.00111727,4.42011328e-06
11204,0.00672979,4.41929213e-06
11205,0.01149078,4.418471e-06
11206,0.00282115,4.41764988e-06
11207,0.00465367,4.41682878e-06
11208,0.00726454,4.41600769e-06
11209,0.00170840,4.41518663e-06
11210,0.00107864,4.41436557e-06
11211,0.00072713,4.41354454e-06
11212,0.01183457,4.41272352e-06
11213,0.00383750,4.41190251e-06
11214,0.00164855,4.41108152e-06
11215,0.00281508,4.41026055e-06
11216,0.00568581,4.4094396e-06
11217,0.00868827,4.40861866e-06
11218,0.00119515,4.40779773e-06
11219,0.00111961,4.40697682e-06
11220,0.00411173,4.40615593e-06
11221,0.00183031,4.40533506e-06
11222,0.00146708,4.4045142e-06
11223,0.00202555,4.40369336e-06
11224,0.00155170,4.40287253e-06
11225,0.00176163,4.40205172e-06
11226,0.00091476,4.40123093e-06
11227,0.00175824,4.40041015e-06
11228,0.00158901,4.39958939e-06
11229,0.00612257,4.39876864e-06
11230,0.00217671,4.39794792e-06
11231,0.00973881,4.39712721e-06
11232,0.00211484,4.39630651e-06
11233,0.00133612,4.39548583e-06
11234,0.00517627,4.39466517e-06
11235,0.00085753,4.39384452e-06
11236,0.00049737,4.3930239e-06
11237,0.00858020,4.39220328e-06
11238,0.01652483,4.39138269e-06
11239,0.00086732,4.39056211e-06
11240,0.04697751,4.38974155e-06
11241,0.06466836,4.388921e-06
11242,0.01616244,4.38810047e-06
11243,0.00201873,4.38727996e-06
11244,0.00158635,4.38645946e-06
11245,0.00411784,4.38563898e-06
11246,0.00077696,4.38481852e-06
11247,0.00356207,4.38399808e-06
11248,0.00205095,4.38317765e-06
11249,0.00084140,4.38235724e-06
11250,0.00098041,4.38153684e-06
11251,0.01338077,4.38071647e-06
11252,0.02905278,4.37989611e-06
11253,0.00255691,4.37907576e-06
11254,0.00254859,4.37825543e-06
11255,0.00268885,4.37743513e-06
11256,0.00088732,4.37661483e-06
11257,0.00086478,4.37579456e-06
11258,0.01356980,4.3749743e-06
11259,0.00799646,4.37415406e-06
11260,0.00337660,4.37333383e-06
11261,0.01345381,4.37251362e-06
11262,0.00457329,4.37169343e-06
11263,0.02243922,4.37087326e-06
11264,0.00349317,4.37005311e-06
11265,0.00352939,4.36923297e-06
11266,0.00466736,4.36841285e-06
11267,0.00379034,4.36759274e-06
11268,0.00133492,4.36677266e-06
11269,0.00180863,4.36595259e-06
11270,0.01772719,4.36513253e-06
11271,0.00348147,4.3643125e-06
11272,0.03289894,4.36349248e-06
11273,0.00365885,4.36267248e-06
11274,0.00295794,4.3618525e-06
11275,0.00238462,4.36103253e-06
11276,0.00388863,4.36021259e-06
11277,0.00321236,4.35939266e-06
11278,0.00086864,4.35857274e-06
11279,0.00143346,4.35775285e-06
11280,0.00628663,4.35693297e-06
11281,0.03265000,4.35611311e-06
11282,0.00176212,4.35529327e-06
11283,0.00080366,4.35447344e-06
11284,0.00363371,4.35365364e-06
11285,0.00148188,4.35283385e-06
11286,0.00095817,4.35201408e-06
11287,0.00163097,4.35119432e-06
11288,0.00149334,4.35037459e-06
11289,0.00136297,4.34955487e-06
11290,0.00111425,4.34873517e-06
11291,0.00058138,4.34791548e-06
11292,0.00108557,4.34709582e-06
11293,0.00040168,4.34627617e-06
11294,0.00096797,4.34545654e-06
11295,0.00106864,4.34463693e-06
11296,0.00091821,4.34381734e-06
11297,0.00162754,4.34299776e-06
11298,0.00160396,4.3421782e-06
11299,0.00157009,4.34135866e-06
11300,0.00051637,4.34053914e-06
11301,0.00491678,4.33971964e-06
11302,0.00339872,4.33890015e-06
11303,0.00150476,4.33808069e-06
11304,0.00622309,4.33726124e-06
11305,0.00068966,4.33644181e-06
11306,0.00076124,4.33562239e-06
11307,0.00032395,4.334803e-06
11308,0.00156925,4.33398362e-06
11309,0.00171507,4.33316426e-06
11310,0.00059180,4.33234492e-06
11311,0.00383660,4.3315256e-06
11312,0.00156956,4.3307063e-06
11313,0.00179614,4.32988701e-06
11314,0.00432314,4.32906774e-06
11315,0.00319634,4.3282485e-06
11316,0.00110204,4.32742926e-06
11317,0.00121654,4.32661005e-06
11318,0.00045900,4.32579086e-06
11319,0.00774716,4.32497168e-06
11320,0.00389868,4.32415253e-06
11321,0.00089212,4.32333339e-06
11322,0.00700647,4.32251427e-06
11323,0.00775674,4.32169517e-06
11324,0.00121831,4.32087608e-06
11325,0.01142091,4.32005702e-06
11326,0.00096405,4.31923797e-06
11327,0.00156826,4.31841895e-06
11328,0.00618916,4.31759994e-06
11329,0.01712468,4.31678095e-06
11330,0.00513141,4.31596198e-06
11331,0.00495204,4.31514303e-06
11332,0.00160137,4.31432409e-06
11333,0.00034263,4.31350518e-06
11334,0.00203318,4.31268628e-06
11335,0.01080378,4.31186741e-06
11336,0.00218115,4.31104855e-06
11337,0.00093390,4.31022971e-06
11338,0.00152254,4.30941089e-06
11339,0.00274627,4.30859208e-06
11340,0.00302446,4.3077733e-06
11341,0.01184136,4.30695454e-06
11342,0.00210485,4.30613579e-06
11343,0.00091922,4.30531707e-06
11344,0.00707744,4.30449836e-06
11345,0.00066847,4.30367967e-06
11346,0.00127978,4.302861e-06
11347,0.00101366,4.30204235e-06
11348,0.00419551,4.30122372e-06
11349,0.00107235,4.30040511e-06
11350,0.00240065,4.29958652e-06
11351,0.00089320,4.29876794e-06
11352,0.00165439,4.29794939e-06
11353,0.00132704,4.29713085e-06
11354,0.00093045,4.29631234e-06
11355,0.00067353,4.29549384e-06
11356,0.00122448,4.29467536e-06
11357,0.00191337,4.2938569e-06
11358,0.00080364,4.29303847e-06
11359,0.00046531,4.29222005e-06
11360,0.00121270,4.29140165e-06
11361,0.00075971,4.29058327e-06
11362,0.00148248,4.2897649e-06
11363,0.00104030,4.28894656e-06
11364,0.00804370,4.28812824e-06
11365,0.00161013,4.28730994e-06
11366,0.04562934,4.28649165e-06
11367,0.00425707,4.28567339e-06
11368,0.00067528,4.28485514e-06
11369,0.00072411,4.28403692e-06
11370,0.00166368,4.28321871e-06
11371,0.02276722,4.28240053e-06
11372,0.00122418,4.28158236e-06
11373,0.00166636,4.28076421e-06
11374,0.01122893,4.27994609e-06
11375,0.00230543,4.27912798e-06
11376,0.00041793,4.27830989e-06
11377,0.00309241,4.27749182e-06
11378,0.00043890,4.27667378e-06
11379,0.00107249,4.27585575e-06
11380,0.00249773,4.27503774e-06
11381,0.00074014,4.27421975e-06
11382,0.00650512,4.27340178e-06
11383,0.00244382,4.27258383e-06
11384,0.00846200,4.2717659e-06
11385,0.00119992,4.27094799e-06
11386,0.00029984,4.27013011e-06
11387,0.00154279,4.26931224e-06
11388,0.01048923,4.26849439e-06
11389,0.00319411,4.26767656e-06
11390,0.00114016,4.26685875e-06
11391,0.00133076,4.26604096e-06
11392,0.00080829,4.26522319e-06
11393,0.00265672,4.26440544e-06
11394,0.00214432,4.26358771e-06
11395,0.00045915,4.26277e-06
11396,0.00189275,4.26195231e-06
11397,0.00167732,4.26113465e-06
11398,0.00145941,4.260317e-06
11399,0.00178379,4.25949937e-06
11400,0.00056599,4.25868176e-06
11401,0.00177400,4.25786417e-06
11402,0.00082717,4.25704661e-06
11403,0.00092097,4.25622906e-06
11404,0.00319693,4.25541153e-06
11405,0.00876712,4.25459403e-06
11406,0.00098132,4.25377654e-06
11407,0.00767719,4.25295908e-06
11408,0.00056181,4.25214163e-06
11409,0.00158133,4.25132421e-06
11410,0.00410504,4.2505068e-06
11411,0.00181526,4.24968942e-06
11412,0.00092767,4.24887205e-06
11413,0.00269598,4.24805471e-06
11414,0.00337850,4.24723739e-06
11415,0.00075716,4.24642009e-06
11416,0.00740782,4.24560281e-06
11417,0.00171237,4.24478555e-06
11418,0.00680821,4.24396831e-06
11419,0.00060276,4.24315109e-06
11420,0.00292782,4.24233389e-06
11421,0.00714322,4.24151671e-06
11422,0.02321595,4.24069956e-06
11423,0.00084651,4.23988242e-06
11424,0.00182844,4.2390653e-06
11425,0.00552353,4.23824821e-06
11426,0.00091230,4.23743114e-06
11427,0.00088196,4.23661408e-06
11428,0.01839058,4.23579705e-06
11429,0.00951015,4.23498004e-06
11430,0.00527324,4.23416305e-06
11431,0.00262287,4.23334608e-06
11432,0.00135410,4.23252913e-06
11433,0.00283448,4.23171221e-06
11434,0.00074394,4.2308953e-06
11435,0.00129529,4.23007841e-06
11436,0.00113807,4.22926155e-06
11437,0.00169636,4.22844471e-06
11438,0.00255742,4.22762789e-06
11439,0.00237276,4.22681108e-06
11440,0.00148338,4.2259943e-06
11441,0.00098835,4.22517755e-06
11442,0.00136466,4.22436081e-06
11443,0.00152694,4.22354409e-06
11444,0.00268798,4.2227274e-06
11445,0.00087134,4.22191072e-06
11446,0.00074098,4.22109407e-06
11447,0.00067337,4.22027744e-06
11448,0.05777851,4.21946083e-06
11449,0.01832519,4.21864424e-06
11450,0.00639473,4.21782767e-06
11451,0.00557943,4.21701113e-06
11452,0.00284455,4.2161946e-06
11453,0.00092141,4.2153781e-06
11454,0.00083560,4.21456162e-06
11455,0.00720108,4.21374516e-06
11456,0.00144632,4.21292872e-06
11457,0.00153494,4.2121123e-06
11458,0.00071714,4.21129591e-06
11459,0.04017796,4.21047954e-06
11460,0.00087331,4.20966318e-06
11461,0.00216980,4.20884685e-06
11462,0.00079877,4.20803054e-06
11463,0.00062508,4.20721426e-06
11464,0.00072383,4.20639799e-06
11465,0.00480829,4.20558175e-06
11466,0.00354165,4.20476552e-06
11467,0.00303683,4.20394932e-06
11468,0.00231824,4.20313315e-06
11469,0.00093037,4.20231699e-06
11470,0.00130081,4.20150085e-06
11471,0.00178482,4.20068474e-06
11472,0.00159901,4.19986865e-06
11473,0.00846057,4.19905258e-06
11474,0.00200940,4.19823653e-06
11475,0.00094271,4.1974205e-06
11476,0.00076117,4.1966045e-06
11477,0.00116446,4.19578852e-06
11478,0.00339382,4.19497256e-06
11479,0.00643868,4.19415662e-06
11480,0.00314439,4.19334071e-06
11481,0.00076911,4.19252481e-06
11482,0.00065423,4.19170894e-06
11483,0.00136398,4.19089309e-06
11484,0.01779265,4.19007726e-06
11485,0.00165095,4.18926146e-06
11486,0.00088992,4.18844567e-06
11487,0.00143535,4.18762991e-06
11488,0.00414552,4.18681417e-06
11489,0.00295738,4.18599846e-06
11490,0.00494978,4.18518276e-06
11491,0.00215198,4.18436709e-06
11492,0.00126637,4.18355144e-06
11493,0.00185736,4.18273581e-06
11494,0.00856730,4.18192021e-06
11495,0.05772329,4.18110463e-06
11496,0.00171099,4.18028907e-06
11497,0.01643490,4.17947353e-06
11498,0.00439310,4.17865801e-06
11499,0.00891997,4.17784252e-06
11500,0.00159672,4.17702705e-06
11501,0.00275003,4.1762116e-06
11502,0.00198127,4.17539617e-06
11503,0.00932754,4.17458077e-06
11504,0.00138822,4.17376539e-06
11505,0.00140868,4.17295003e-06
11506,0.00177072,4.1721347e-06
11507,0.00192501,4.17131939e-06
11508,0.01098648,4.1705041e-06
11509,0.00121197,4.16968883e-06
11510,0.00217998,4.16887358e-06
11511,0.00121156,4.16805836e-06
11512,0.00119887,4.16724316e-06
11513,0.02071286,4.16642799e-06
11514,0.00197301,4.16561283e-06
11515,0.00129431,4.1647977e-06
11516,0.00116966,4.16398259e-06
11517,0.00104308,4.16316751e-06
11518,0.00543040,4.16235245e-06
11519,0.00079619,4.16153741e-06
11520,0.00047566,4.16072239e-06
11521,0.00683913,4.1599074e-06
11522,0.00029664,4.15909243e-06
11523,0.00187324,4.15827748e-06
11524,0.01464765,4.15746256e-06
11525,0.00113075,4.15664765e-06
11526,0.00318358,4.15583278e-06
11527,0.00116011,4.15501792e-06
11528,0.00037282,4.15420309e-06
11529,0.00882592,4.15338828e-06
11530,0.00166290,4.15257349e-06
11531,0.00170339,4.15175873e-06
11532,0.00107542,4.15094399e-06
11533,0.00273612,4.15012928e-06
11534,0.00262903,4.14931458e-06
11535,0.00301355,4.14849991e-06
11536,0.00155374,4.14768527e-06
11537,0.00089430,4.14687064e-06
11538,0.00129185,4.14605604e-06
11539,0.00449806,4.14524147e-06
11540,0.00469221,4.14442691e-06
11541,0.01465871,4.14361238e-06
11542,0.00176974,4.14279788e-06
11543,0.00124730,4.14198339e-06
11544,0.00304120,4.14116893e-06
11545,0.00058159,4.1403545e-06
11546,0.02016781,4.13954009e-06
11547,0.00389344,4.1387257e-06
11548,0.00255539,4.13791133e-06
11549,0.00247440,4.13709699e-06
11550,0.00143504,4.13628267e-06
11551,0.00334385,4.13546838e-06
11552,0.00266398,4.13465411e-06
11553,0.00057526,4.13383986e-06
11554,0.01536959,4.13302563e-06
11555,0.00217402,4.13221143e-06
11556,0.00099813,4.13139726e-06
11557,0.02493684,4.13058311e-06
11558,0.00129131,4.12976898e-06
11559,0.00391680,4.12895487e-06
11560,0.00238509,4.12814079e-06
11561,0.00127676,4.12732673e-06
11562,0.05205184,4.1265127e-06
11563,0.00278408,4.12569869e-06
11564,0.00335545,4.12488471e-06
11565,0.00126909,4.12407074e-06
11566,0.00202965,4.12325681e-06
11567,0.00100143,4.12244289e-06
11568,0.00073234,4.121629e-06
11569,0.00054227,4.12081514e-06
11570,0.00215186,4.12000129e-06
11571,0.00079515,4.11918748e-06
11572,0.00348471,4.11837368e-06
11573,0.00057527,4.11755991e-06
11574,0.00122997,4.11674617e-06
11575,0.00054110,4.11593245e-06
11576,0.00104041,4.11511875e-06
11577,0.00102802,4.11430508e-06
11578,0.00115620,4.11349143e-06
11579,0.00522850,4.1126778e-06
11580,0.00056893,4.1118642e-06
11581,0.00268671,4.11105063e-06
11582,0.00043499,4.11023708e-06
11583,0.00076260,4.10942355e-06
11584,0.00184732,4.10861005e-06
11585,0.00070609,4.10779657e-06
11586,0.00025242,4.10698311e-06
11587,0.00102648,4.10616968e-06
11588,0.00069522,4.10535628e-06
11589,0.00883403,4.1045429e-06
11590,0.00111782,4.10372954e-06
11591,0.00036132,4.10291621e-06
11592,0.00098207,4.1021029e-06
11593,0.00212840,4.10128962e-06
11594,0.00498333,4.10047636e-06
11595,0.00042524,4.09966313e-06
11596,0.00182618,4.09884992e-06
11597,0.00274283,4.09803673e-06
11598,0.00058476,4.09722357e-06
11599,0.00100748,4.09641044e-06
11600,0.00506343,4.09559733e-06
11601,0.00051086,4.09478424e-06
11602,0.00078319,4.09397118e-06
11603,0.00905160,4.09315815e-06
11604,0.00343744,4.09234513e-06
11605,0.00798035,4.09153215e-06
11606,0.00495617,4.09071919e-06
11607,0.00089033,4.08990625e-06
11608,0.04771930,4.08909334e-06
11609,0.00056905,4.08828045e-06
11610,0.00730947,4.08746759e-06
11611,0.00184398,4.08665475e-06
11612,0.00306497,4.08584194e-06
11613,0.00253737,4.08502915e-06
11614,0.00260232,4.08421639e-06
11615,0.00159628,4.08340365e-06
11616,0.00125785,4.08259094e-06
11617,0.00102871,4.08177825e-06
11618,0.00042036,4.08096559e-06
11619,0.00043617,4.08015296e-06
11620,0.00078182,4.07934034e-06
11621,0.00138188,4.07852776e-06
11622,0.00157266,4.0777152e-06
11623,0.00074772,4.07690266e-06
11624,0.00079956,4.07609015e-06
11625,0.00045809,4.07527766e-06
11626,0.00450545,4.0744652e-06
11627,0.00304071,4.07365277e-06
11628,0.00852368,4.07284036e-06
11629,0.00074774,4.07202797e-06
11630,0.05656350,4.07121562e-06
11631,0.00127409,4.07040328e-06
11632,0.01341964,4.06959097e-06
11633,0.00093663,4.06877869e-06
11634,0.00104039,4.06796643e-06
11635,0.00385551,4.0671542e-06
11636,0.01367540,4.066342e-06
11637,0.00310968,4.06552982e-06
11638,0.00167910,4.06471766e-06
11639,0.00448626,4.06390553e-06
11640,0.00209018,4.06309343e-06
11641,0.00435751,4.06228135e-06
11642,0.00046986,4.0614693e-06
11643,0.00172703,4.06065727e-06
11644,0.00647035,4.05984527e-06
11645,0.00268957,4.05903329e-06
11646,0.00592570,4.05822134e-06
11647,0.00310639,4.05740942e-06
11648,0.00142872,4.05659752e-06
11649,0.00127929,4.05578565e-06
11650,0.01058250,4.0549738e-06
11651,0.00107892,4.05416198e-06
11652,0.00161668,4.05335018e-06
11653,0.00253557,4.05253841e-06
11654,0.00321254,4.05172667e-06
11655,0.00091737,4.05091495e-06
11656,0.01071777,4.05010326e-06
11657,0.01208071,4.0492916e-06
11658,0.00106558,4.04847996e-06
11659,0.00049716,4.04766834e-06
11660,0.00135222,4.04685676e-06
11661,0.00069710,4.04604519e-06
11662,0.00070975,4.04523366e-06
11663,0.00053582,4.04442215e-06
11664,0.00098659,4.04361067e-06
11665,0.00312952,4.04279921e-06
11666,0.04361291,4.04198778e-06
11667,0.00075278,4.04117638e-06
11668,0.00123196,4.040365e-06
11669,0.00171340,4.03955364e-06
11670,0.00092194,4.03874232e-06
11671,0.00054090,4.03793102e-06
11672,0.00243112,4.03711975e-06
11673,0.00066532,4.0363085e-06
11674,0.00052980,4.03549728e-06
11675,0.00121971,4.03468608e-06
11676,0.00080417,4.03387492e-06
11677,0.00167893,4.03306377e-06
11678,0.00090210,4.03225266e-06
11679,0.00076856,4.03144157e-06
11680,0.00066129,4.03063051e-06
11681,0.00097325,4.02981947e-06
11682,0.00118690,4.02900846e-06
11683,0.00133760,4.02819748e-06
11684,0.00118042,4.02738653e-06
11685,0.00050957,4.0265756e-06
11686,0.00088296,4.02576469e-06
11687,0.00139086,4.02495382e-06
11688,0.05249482,4.02414297e-06
11689,0.00114300,4.02333215e-06
11690,0.02272828,4.02252135e-06
11691,0.00120498,4.02171058e-06
11692,0.00123636,4.02089984e-06
11693,0.00118207,4.02008912e-06
11694,0.00237235,4.01927843e-06
11695,0.00130576,4.01846777e-06
11696,0.00096273,4.01765714e-06
11697,0.00123249,4.01684653e-06
11698,0.00073085,4.01603595e-06
11699,0.00111330,4.01522539e-06
11700,0.00181402,4.01441486e-06
11701,0.00092501,4.01360436e-06
11702,0.00397217,4.01279389e-06
11703,0.00412206,4.01198344e-06
11704,0.00386396,4.01117302e-06
11705,0.00342523,4.01036263e-06
11706,0.00072702,4.00955226e-06
11707,0.00386295,4.00874192e-06
11708,0.00084902,4.00793161e-06
11709,0.00170599,4.00712133e-06
11710,0.00146857,4.00631107e-06
11711,0.01742615,4.00550084e-06
11712,0.01428589,4.00469064e-06
11713,0.00040082,4.00388046e-06
11714,0.00054008,4.00307031e-06
11715,0.00077659,4.00226019e-06
11716,0.00145230,4.0014501e-06
11717,0.00220674,4.00064003e-06
11718,0.00528686,3.99982999e-06
11719,0.00048029,3.99901998e-06
11720,0.00157483,3.99820999e-06
11721,0.00343920,3.99740004e-06
11722,0.04470814,3.99659011e-06
11723,0.00262882,3.9957802e-06
11724,0.00323145,3.99497033e-06
11725,0.00175772,3.99416048e-06
11726,0.00153156,3.99335066e-06
11727,0.00286916,3.99254087e-06
11728,0.00105583,3.9917311e-06
11729,0.00168487,3.99092137e-06
11730,0.00153998,3.99011166e-06
11731,0.00542649,3.98930198e-06
11732,0.00173249,3.98849232e-06
11733,0.00135691,3.98768269e-06
11734,0.01624897,3.98687309e-06
11735,0.00097683,3.98606352e-06
11736,0.00134590,3.98525398e-06
11737,0.00069080,3.98444446e-06
11738,0.00104789,3.98363498e-06
11739,0.00192832,3.98282551e-06
11740,0.00441034,3.98201608e-06
11741,0.00583480,3.98120668e-06
11742,0.00105264,3.9803973e-06
11743,0.00240629,3.97958795e-06
11744,0.00172336,3.97877863e-06
11745,0.00402733,3.97796934e-06
11746,0.00266060,3.97716007e-06
11747,0.00141798,3.97635083e-06
11748,0.00111197,3.97554162e-06
11749,0.00408165,3.97473244e-06
11750,0.01518829,3.97392329e-06
11751,0.00282310,3.97311416e-06
11752,0.00124274,3.97230507e-06
11753,0.00589701,3.971496e-06
11754,0.00212720,3.97068696e-06
11755,0.00070145,3.96987794e-06
11756,0.00055539,3.96906896e-06
11757,0.00245167,3.96826e-06
11758,0.02308919,3.96745107e-06
11759,0.00088563,3.96664217e-06
11760,0.00115561,3.9658333e-06
11761,0.00280699,3.96502446e-06
11762,0.00132964,3.96421564e-06
11763,0.00114178,3.96340686e-06
11764,0.00075143,3.9625981e-06
11765,0.00126900,3.96178937e-06
11766,0.00180878,3.96098066e-06
11767,0.00083205,3.96017199e-06
11768,0.00114506,3.95936335e-06
11769,0.00049495,3.95855473e-06
11770,0.00095085,3.95774614e-06
11771,0.00094636,3.95693758e-06
11772,0.00058830,3.95612905e-06
11773,0.00412631,3.95532055e-06
11774,0.00146997,3.95451207e-06
11775,0.00082725,3.95370363e-06
11776,0.00638541,3.95289521e-06
11777,0.00573218,3.95208682e-06
11778,0.00214059,3.95127846e-06
11779,0.02279118,3.95047013e-06
11780,0.00481604,3.94966183e-06
11781,0.00077761,3.94885356e-06
11782,0.00086460,3.94804531e-06
11783,0.00201038,3.9472371e-06
11784,0.00108571,3.94642891e-06
11785,0.00170680,3.94562075e-06
11786,0.00320276,3.94481262e-06
11787,0.00342011,3.94400452e-06
11788,0.01027642,3.94319645e-06
11789,0.00166388,3.94238841e-06
11790,0.00640968,3.94158039e-06
11791,0.00374942,3.94077241e-06
11792,0.00246015,3.93996445e-06
11793,0.00249761,3.93915652e-06
11794,0.00085584,3.93834863e-06
11795,0.00168537,3.93754076e-06
11796,0.00144348,3.93673292e-06
11797,0.01397654,3.9359251e-06
11798,0.00095498,3.93511732e-06
11799,0.00047380,3.93430957e-06
11800,0.00153740,3.93350185e-06
11801,0.00452461,3.93269415e-06
11802,0.00177810,3.93188649e-06
11803,0.00506351,3.93107885e-06
11804,0.00145659,3.93027124e-06
11805,0.00155598,3.92946367e-06
11806,0.00277172,3.92865612e-06
11807,0.00042227,3.9278486e-06
11808,0.00314039,3.92704111e-06
11809,0.00026965,3.92623365e-06
11810,0.00104139,3.92542622e-06
11811,0.00125047,3.92461881e-06
11812,0.00186448,3.92381144e-06
11813,0.00316484,3.9230041e-06
11814,0.00311388,3.92219679e-06
11815,0.00069940,3.9213895e-06
11816,0.00099424,3.92058225e-06
11817,0.00336881,3.91977502e-06
11818,0.00216030,3.91896783e-06
11819,0.00062839,3.91816066e-06
11820,0.00033578,3.91735352e-06
11821,0.00098109,3.91654642e-06
11822,0.00092358,3.91573934e-06
11823,0.00047662,3.91493229e-06
11824,0.00062402,3.91412528e-06
11825,0.00448144,3.91331829e-06
11826,0.00055166,3.91251133e-06
11827,0.00422137,3.9117044e-06
11828,0.00143201,3.9108975e-06
11829,0.00153462,3.91009063e-06
11830,0.00216500,3.90928379e-06
11831,0.00663062,3.90847698e-06
11832,0.00196310,3.9076702e-06
11833,0.00056715,3.90686345e-06
11834,0.00115227,3.90605673e-06
11835,0.00092882,3.90525004e-06
11836,0.00185753,3.90444338e-06
11837,0.00070250,3.90363675e-06
11838,0.00047626,3.90283015e-06
11839,0.00171719,3.90202358e-06
11840,0.00259713,3.90121704e-06
11841,0.00039333,3.90041053e-06
11842,0.00071735,3.89960405e-06
11843,0.00250443,3.8987976e-06
11844,0.00043748,3.89799118e-06
11845,0.00033185,3.89718479e-06
11846,0.00300868,3.89637843e-06
11847,0.00052398,3.8955721e-06
11848,0.00070604,3.89476581e-06
11849,0.00234988,3.89395954e-06
11850,0.00101276,3.8931533e-06
11851,0.00111322,3.89234709e-06
11852,0.00078175,3.89154091e-06
11853,0.00388865,3.89073476e-06
11854,0.00058362,3.88992864e-06
11855,0.00257556,3.88912256e-06
11856,0.00060385,3.8883165e-06
11857,0.00048935,3.88751047e-06
11858,0.00030021,3.88670448e-06
11859,0.01379922,3.88589851e-06
11860,0.00244490,3.88509258e-06
11861,0.00096291,3.88428667e-06
11862,0.00539461,3.8834808e-06
11863,0.00221518,3.88267495e-06
11864,0.00055042,3.88186914e-06
11865,0.00110365,3.88106336e-06
11866,0.01006610,3.88025761e-06
11867,0.00050164,3.87945189e-06
11868,0.00579198,3.8786462e-06
11869,0.00218134,3.87784054e-06
11870,0.00312538,3.87703491e-06
11871,0.00116160,3.87622931e-06
11872,0.00377507,3.87542374e-06
11873,0.00158634,3.8746182e-06
11874,0.00172405,3.8738127e-06
11875,0.00075356,3.87300722e-06
11876,0.00268526,3.87220178e-06
11877,0.00189290,3.87139636e-06
11878,0.00125147,3.87059098e-06
11879,0.00085483,3.86978563e-06
11880,0.00076873,3.8689803e-06
11881,0.00051409,3.86817501e-06
11882,0.00155994,3.86736975e-06
11883,0.00128243,3.86656453e-06
11884,0.00115397,3.86575933e-06
11885,0.00108851,3.86495416e-06
11886,0.00233315,3.86414903e-06
11887,0.00148528,3.86334392e-06
11888,0.00548237,3.86253885e-06
11889,0.00782309,3.86173381e-06
11890,0.00202147,3.86092879e-06
11891,0.00128652,3.86012381e-06
11892,0.04512383,3.85931887e-06
11893,0.00034758,3.85851395e-06
11894,0.00109394,3.85770906e-06
11895,0.00242404,3.85690421e-06
11896,0.00196192,3.85609938e-06
11897,0.02671119,3.85529459e-06
11898,0.00253362,3.85448983e-06
11899,0.00230668,3.8536851e-06
11900,0.00071467,3.8528804e-06
11901,0.00403001,3.85207573e-06
11902,0.00590016,3.8512711e-06
11903,0.00161246,3.85046649e-06
11904,0.00068726,3.84966192e-06
11905,0.00299419,3.84885738e-06
11906,0.00101200,3.84805287e-06
11907,0.00076804,3.84724839e-06
11908,0.00222942,3.84644394e-06
11909,0.00180045,3.84563952e-06
11910,0.00050073,3.84483514e-06
11911,0.01512475,3.84403079e-06
11912,0.00200272,3.84322647e-06
11913,0.00121273,3.84242218e-06
11914,0.00155686,3.84161792e-06
11915,0.00118998,3.84081369e-06
11916,0.00194407,3.8400095e-06
11917,0.00034059,3.83920534e-06
11918,0.00225894,3.83840121e-06
11919,0.00743667,3.83759711e-06
11920,0.00059311,3.83679304e-06
11921,0.00395748,3.835989e-06
11922,0.00192690,3.835185e-06
11923,0.00139882,3.83438103e-06
11924,0.00240170,3.83357709e-06
11925,0.00356811,3.83277318e-06
11926,0.00068707,3.8319693e-06
11927,0.00140998,3.83116546e-06
11928,0.00082351,3.83036165e-06
11929,0.00069312,3.82955787e-06
11930,0.00403690,3.82875412e-06
11931,0.00038895,3.8279504e-06
11932,0.00361563,3.82714672e-06
11933,0.00186051,3.82634307e-06
11934,0.00085940,3.82553945e-06
11935,0.00113124,3.82473586e-06
11936,0.00294066,3.8239323e-06
11937,0.00222296,3.82312878e-06
11938,0.00092778,3.82232529e-06
11939,0.00975935,3.82152183e-06
11940,0.00061839,3.8207184e-06
11941,0.00097591,3.81991501e-06
11942,0.00157098,3.81911164e-06
11943,0.00178756,3.81830831e-06
11944,0.01040546,3.81750501e-06
11945,0.00129715,3.81670175e-06
11946,0.00778225,3.81589852e-06
11947,0.00079485,3.81509531e-06
11948,0.00463874,3.81429215e-06
11949,0.00155967,3.81348901e-06
11950,0.00404373,3.81268591e-06
11951,0.00391185,3.81188284e-06
11952,0.02573309,3.8110798e-06
11953,0.00130323,3.81027679e-06
11954,0.00234996,3.80947382e-06
11955,0.00490611,3.80867088e-06
11956,0.00379895,3.80786797e-06
11957,0.00490720,3.80706509e-06
11958,0.00061114,3.80626225e-06
11959,0.00133496,3.80545944e-06
11960,0.00165506,3.80465666e-06
11961,0.00078511,3.80385391e-06
11962,0.00164753,3.8030512e-06
11963,0.00143102,3.80224852e-06
11964,0.00811734,3.80144587e-06
11965,0.00121804,3.80064326e-06
11966,0.00201348,3.79984068e-06
11967,0.00500246,3.79903813e-06
11968,0.01871308,3.79823561e-06
11969,0.00110141,3.79743313e-06
11970,0.00039229,3.79663068e-06
11971,0.00909085,3.79582826e-06
11972,0.00282179,3.79502588e-06
11973,0.00185790,3.79422352e-06
11974,0.00205099,3.79342121e-06
11975,0.00441192,3.79261892e-06
11976,0.00241772,3.79181667e-06
11977,0.00615630,3.79101445e-06
11978,0.00351530,3.79021226e-06
11979,0.00992877,3.78941011e-06
11980,0.02409142,3.78860799e-06
11981,0.00261646,3.7878059e-06
11982,0.00087767,3.78700385e-06
11983,0.00313784,3.78620183e-06
11984,0.00257121,3.78539984e-06
11985,0.00155221,3.78459788e-06
11986,0.00064351,3.78379596e-06
11987,0.00064396,3.78299407e-06
11988,0.00300138,3.78219222e-06
11989,0.00061328,3.7813904e-06
11990,0.00059579,3.78058861e-06
11991,0.00143777,3.77978685e-06
11992,0.00038174,3.77898513e-06
11993,0.00038767,3.77818344e-06
11994,0.00076944,3.77738179e-06
11995,0.00657939,3.77658017e-06
11996,0.00084306,3.77577858e-06
11997,0.00125554,3.77497703e-06
11998,0.00114850,3.77417551e-06
11999,0.00154058,3.77337402e-06
12000,0.00574856,3.77257256e-06
12001,0.00111677,3.77177114e-06
12002,0.00115879,3.77096976e-06
12003,0.00177430,3.7701684e-06
12004,0.00082200,3.76936708e-06
12005,0.00058908,3.7685658e-06
12006,0.02700969,3.76776455e-06
12007,0.00294799,3.76696333e-06
12008,0.00610341,3.76616214e-06
12009,0.00094386,3.76536099e-06
12010,0.01132371,3.76455988e-06
12011,0.00461244,3.76375879e-06
12012,0.00092556,3.76295774e-06
12013,0.00097229,3.76215673e-06
12014,0.00159327,3.76135574e-06
12015,0.00266454,3.7605548e-06
12016,0.00155520,3.75975388e-06
12017,0.00119626,3.758953e-06
12018,0.00911679,3.75815216e-06
12019,0.00052901,3.75735134e-06
12020,0.00123102,3.75655056e-06
12021,0.00174315,3.75574982e-06
12022,0.00286221,3.75494911e-06
12023,0.01493636,3.75414843e-06
12024,0.00070072,3.75334779e-06
12025,0.00110820,3.75254718e-06
12026,0.00335898,3.75174661e-06
12027,0.00128476,3.75094607e-06
12028,0.00060564,3.75014556e-06
12029,0.01315064,3.74934509e-06
12030,0.00050049,3.74854465e-06
12031,0.00603602,3.74774425e-06
12032,0.00355733,3.74694388e-06
12033,0.00438058,3.74614355e-06
12034,0.00104403,3.74534324e-06
12035,0.00255829,3.74454298e-06
12036,0.00081018,3.74374275e-06
12037,0.00052442,3.74294255e-06
12038,0.00109418,3.74214239e-06
12039,0.00112348,3.74134226e-06
12040,0.00119676,3.74054216e-06
12041,0.00266821,3.7397421e-06
12042,0.00054577,3.73894208e-06
12043,0.00079767,3.73814209e-06
12044,0.00087879,3.73734213e-06
12045,0.00158364,3.73654221e-06
12046,0.00391379,3.73574232e-06
12047,0.00069456,3.73494247e-06
12048,0.00060167,3.73414265e-06
12049,0.00438640,3.73334286e-06
12050,0.00072936,3.73254312e-06
12051,0.00106043,3.7317434e-06
12052,0.00076491,3.73094372e-06
12053,0.00258964,3.73014408e-06
12054,0.00204952,3.72934447e-06
12055,0.00718867,3.72854489e-06
12056,0.00031484,3.72774535e-06
12057,0.00112509,3.72694584e-06
12058,0.00490777,3.72614637e-06
12059,0.00248169,3.72534694e-06
12060,0.00087059,3.72454753e-06
12061,0.00122903,3.72374817e-06
12062,0.00049441,3.72294883e-06
12063,0.00260875,3.72214954e-06
12064,0.03533288,3.72135028e-06
12065,0.02344198,3.72055105e-06
12066,0.00067644,3.71975186e-06
12067,0.00466725,3.7189527e-06
12068,0.01037419,3.71815358e-06
12069,0.02910695,3.71735449e-06
12070,0.00056096,3.71655544e-06
12071,0.00353128,3.71575642e-06
12072,0.00071015,3.71495744e-06
12073,0.00127248,3.71415849e-06
12074,0.00443977,3.71335958e-06
12075,0.00164646,3.71256071e-06
12076,0.00098417,3.71176186e-06
12077,0.00114370,3.71096306e-06
12078,0.00054226,3.71016429e-06
12079,0.00108386,3.70936555e-06
12080,0.00390208,3.70856685e-06
12081,0.00137128,3.70776819e-06
12082,0.00228505,3.70696956e-06
12083,0.00114280,3.70617096e-06
12084,0.00266998,3.70537241e-06
12085,0.00183331,3.70457388e-06
12086,0.00091545,3.70377539e-06
12087,0.00182970,3.70297694e-06
12088,0.00526918,3.70217853e-06
12089,0.00044950,3.70138014e-06
12090,0.00240258,3.7005818e-06
12091,0.00047003,3.69978349e-06
12092,0.00151825,3.69898521e-06
12093,0.00076558,3.69818697e-06
12094,0.00295894,3.69738877e-06
12095,0.00079853,3.6965906e-06
12096,0.00122269,3.69579247e-06
12097,0.00137365,3.69499437e-06
12098,0.00153769,3.69419631e-06
12099,0.00086334,3.69339828e-06
12100,0.00272543,3.6926003e-06
12101,0.02790538,3.69180234e-06
12102,0.00819394,3.69100442e-06
12103,0.00414468,3.69020654e-06
12104,0.01750441,3.68940869e-06
12105,0.00164221,3.68861088e-06
12106,0.00405668,3.68781311e-06
12107,0.03213710,3.68701537e-06
12108,0.00241897,3.68621767e-06
12109,0.01173256,3.68542e-06
12110,0.00450297,3.68462237e-06
12111,0.00163873,3.68382477e-06
12112,0.00185464,3.68302721e-06
12113,0.00276634,3.68222969e-06
12114,0.00105744,3.6814322e-06
12115,0.00603195,3.68063475e-06
12116,0.00104151,3.67983733e-06
12117,0.00175530,3.67903996e-06
12118,0.00266095,3.67824261e-06
12119,0.00314159,3.67744531e-06
12120,0.00091877,3.67664804e-06
12121,0.00466641,3.6758508e-06
12122,0.03546342,3.6750536e-06
12123,0.00068433,3.67425644e-06
12124,0.00135658,3.67345931e-06
12125,0.00067421,3.67266222e-06
12126,0.00232441,3.67186517e-06
12127,0.00187421,3.67106815e-06
12128,0.00052004,3.67027117e-06
12129,0.00471421,3.66947423e-06
12130,0.00070510,3.66867732e-06
12131,0.00058236,3.66788045e-06
12132,0.00094441,3.66708361e-06
12133,0.00358599,3.66628682e-06
12134,0.00297904,3.66549005e-06
12135,0.00225309,3.66469333e-06
12136,0.00060768,3.66389664e-06
12137,0.00176573,3.66309999e-06
12138,0.00058289,3.66230337e-06
12139,0.01019116,3.66150679e-06
12140,0.00043504,3.66071025e-06
12141,0.00169081,3.65991374e-06
12142,0.00111377,3.65911727e-06
12143,0.00245098,3.65832084e-06
12144,0.03328291,3.65752444e-06
12145,0.01364218,3.65672808e-06
12146,0.00097176,3.65593176e-06
12147,0.00090259,3.65513547e-06
12148,0.00236370,3.65433922e-06
12149,0.00095044,3.65354301e-06
12150,0.00073756,3.65274683e-06
12151,0.00398419,3.6519507e-06
12152,0.00212786,3.65115459e-06
12153,0.00187103,3.65035853e-06
12154,0.00150863,3.6495625e-06
12155,0.00109033,3.64876651e-06
12156,0.00148964,3.64797055e-06
12157,0.01423176,3.64717464e-06
12158,0.00401316,3.64637876e-06
12159,0.00060564,3.64558291e-06
12160,0.00160445,3.6447871e-06
12161,0.00737692,3.64399134e-06
12162,0.00246021,3.6431956e-06
12163,0.00058271,3.64239991e-06
12164,0.00097569,3.64160425e-06
12165,0.00208272,3.64080863e-06
12166,0.00490834,3.64001304e-06
12167,0.00573988,3.6392175e-06
12168,0.00137599,3.63842199e-06
12169,0.00061076,3.63762652e-06
12170,0.00555388,3.63683108e-06
12171,0.00050399,3.63603568e-06
12172,0.00955437,3.63524032e-06
12173,0.00091622,3.634445e-06
12174,0.00069043,3.63364971e-06
12175,0.00063591,3.63285446e-06
12176,0.00122967,3.63205925e-06
12177,0.00472411,3.63126408e-06
12178,0.00103796,3.63046894e-06
12179,0.00328899,3.62967384e-06
12180,0.00049897,3.62887878e-06
12181,0.00283133,3.62808376e-06
12182,0.00151788,3.62728877e-06
12183,0.00119812,3.62649382e-06
12184,0.00682292,3.62569891e-06
12185,0.00063575,3.62490404e-06
12186,0.00043847,3.6241092e-06
12187,0.00149092,3.6233144e-06
12188,0.00118345,3.62251964e-06
12189,0.00599570,3.62172492e-06
12190,0.00446452,3.62093023e-06
12191,0.00080883,3.62013559e-06
12192,0.02430413,3.61934098e-06
12193,0.00093848,3.6185464e-06
12194,0.00037814,3.61775187e-06
12195,0.00156967,3.61695737e-06
12196,0.00138841,3.61616291e-06
12197,0.00241516,3.61536849e-06
12198,0.02101948,3.61457411e-06
12199,0.00092181,3.61377976e-06
12200,0.00168040,3.61298546e-06
12201,0.00204907,3.61219119e-06
12202,0.00038422,3.61139695e-06
12203,0.00419475,3.61060276e-06
12204,0.00380609,3.60980861e-06
12205,0.00101846,3.60901449e-06
12206,0.00504037,3.60822041e-06
12207,0.00121747,3.60742637e-06
12208,0.00184076,3.60663236e-06
12209,0.00150854,3.6058384e-06
12210,0.00059592,3.60504447e-06
12211,0.00079484,3.60425058e-06
12212,0.00064549,3.60345673e-06
12213,0.00192808,3.60266292e-06
12214,0.00142999,3.60186914e-06
12215,0.00138482,3.60107541e-06
12216,0.00147597,3.60028171e-06
12217,0.01672106,3.59948805e-06
12218,0.00156764,3.59869443e-06
12219,0.00380905,3.59790084e-06
12220,0.00118876,3.5971073e-06
12221,0.00409821,3.59631379e-06
12222,0.00162182,3.59552032e-06
12223,0.00050419,3.59472689e-06
12224,0.00214510,3.5939335e-06
12225,0.00067235,3.59314015e-06
12226,0.00069997,3.59234683e-06
12227,0.00243520,3.59155356e-06
12228,0.00207089,3.59076032e-06
12229,0.00932494,3.58996712e-06
12230,0.00262950,3.58917396e-06
12231,0.00114383,3.58838084e-06
12232,0.00257470,3.58758775e-06
12233,0.00316034,3.58679471e-06
12234,0.00545082,3.5860017e-06
12235,0.00065080,3.58520874e-06
12236,0.00453982,3.58441581e-06
12237,0.00077419,3.58362292e-06
12238,0.00098666,3.58283007e-06
12239,0.00105133,3.58203725e-06
12240,0.00668824,3.58124448e-06
12241,0.00083603,3.58045174e-06
12242,0.00121763,3.57965905e-06
12243,0.00040315,3.57886639e-06
12244,0.00075086,3.57807377e-06
12245,0.00086101,3.57728119e-06
12246,0.01290648,3.57648865e-06
12247,0.00173715,3.57569615e-06
12248,0.00082977,3.57490369e-06
12249,0.00195900,3.57411126e-06
12250,0.00073704,3.57331888e-06
12251,0.00230851,3.57252653e-06
12252,0.00329949,3.57173423e-06
12253,0.00768610,3.57094196e-06
12254,0.00106622,3.57014973e-06
12255,0.00066838,3.56935754e-06
12256,0.01430171,3.56856539e-06
12257,0.00061136,3.56777328e-06
12258,0.00113940,3.56698121e-06
12259,0.00469338,3.56618917e-06
12260,0.00157552,3.56539718e-06
12261,0.01017844,3.56460522e-06
12262,0.00123886,3.56381331e-06
12263,0.00095002,3.56302143e-06
12264,0.00158209,3.56222959e-06
12265,0.00158135,3.5614378e-06
12266,0.00386923,3.56064604e-06
12267,0.00091758,3.55985432e-06
12268,0.00239313,3.55906264e-06
12269,0.00105369,3.558271e-06
12270,0.00080954,3.5574794e-06
12271,0.00098906,3.55668784e-06
12272,0.00121615,3.55589632e-06
12273,0.00141035,3.55510483e-06
12274,0.00071459,3.55431339e-06
12275,0.00082425,3.55352199e-06
12276,0.00204387,3.55273062e-06
12277,0.00126485,3.5519393e-06
12278,0.00087424,3.55114802e-06
12279,0.00313370,3.55035677e-06
12280,0.00553409,3.54956556e-06
12281,0.00412111,3.5487744e-06
12282,0.00367729,3.54798327e-06
12283,0.00047548,3.54719219e-06
12284,0.00732088,3.54640114e-06
12285,0.00091575,3.54561013e-06
12286,0.00115038,3.54481917e-06
12287,0.00450602,3.54402824e-06
12288,0.00226769,3.54323735e-06
12289,0.00209730,3.5424465e-06
12290,0.00082606,3.5416557e-06
12291,0.00167867,3.54086493e-06
12292,0.01418126,3.5400742e-06
12293,0.00099699,3.53928351e-06
12294,0.00070622,3.53849286e-06
12295,0.00071011,3.53770225e-06
12296,0.00167025,3.53691169e-06
12297,0.00263491,3.53612116e-06
12298,0.08609000,3.53533067e-06
12299,0.00051458,3.53454022e-06
12300,0.00178664,3.53374981e-06
12301,0.01048180,3.53295944e-06
12302,0.00132676,3.53216912e-06
12303,0.01939655,3.53137883e-06
12304,0.00109506,3.53058858e-06
12305,0.00244091,3.52979837e-06
12306,0.00069847,3.52900821e-06
12307,0.00052607,3.52821808e-06
12308,0.00104598,3.52742799e-06
12309,0.00045949,3.52663795e-06
12310,0.00143514,3.52584794e-06
12311,0.03748322,3.52505797e-06
12312,0.00064007,3.52426805e-06
12313,0.00115859,3.52347816e-06
12314,0.00133526,3.52268832e-06
12315,0.00046256,3.52189851e-06
12316,0.00503639,3.52110875e-06
12317,0.00251090,3.52031902e-06
12318,0.00386165,3.51952934e-06
12319,0.00098219,3.5187397e-06
12320,0.00082173,3.5179501e-06
12321,0.00174374,3.51716053e-06
12322,0.01483157,3.51637101e-06
12323,0.01423860,3.51558153e-06
12324,0.00038597,3.51479209e-06
12325,0.00045218,3.51400269e-06
12326,0.00150753,3.51321333e-06
12327,0.00125925,3.51242402e-06
12328,0.00046724,3.51163474e-06
12329,0.00392896,3.5108455e-06
12330,0.00134324,3.5100563e-06
12331,0.00261713,3.50926715e-06
12332,0.00114530,3.50847803e-06
12333,0.00422522,3.50768896e-06
12334,0.00060722,3.50689993e-06
12335,0.00145340,3.50611094e-06
12336,0.00277062,3.50532198e-06
12337,0.00158631,3.50453307e-06
12338,0.00030248,3.5037442e-06
12339,0.00110337,3.50295537e-06
12340,0.00060998,3.50216659e-06
12341,0.00409543,3.50137784e-06
12342,0.00062050,3.50058913e-06
12343,0.00039482,3.49980047e-06
12344,0.02561984,3.49901184e-06
12345,0.00500202,3.49822326e-06
12346,0.00528669,3.49743472e-06
12347,0.00084575,3.49664622e-06
12348,0.09914255,3.49585776e-06
12349,0.00249739,3.49506934e-06
12350,0.00198377,3.49428096e-06
12351,0.00042241,3.49349263e-06
12352,0.00131596,3.49270433e-06
12353,0.00069102,3.49191608e-06
12354,0.00048659,3.49112787e-06
12355,0.01732821,3.49033969e-06
12356,0.00052177,3.48955156e-06
12357,0.00918826,3.48876348e-06
12358,0.00241842,3.48797543e-06
12359,0.00255822,3.48718742e-06
12360,0.00214396,3.48639946e-06
12361,0.00067020,3.48561153e-06
12362,0.00079093,3.48482365e-06
12363,0.05580008,3.48403581e-06
12364,0.00066576,3.48324801e-06
12365,0.00195495,3.48246025e-06
12366,0.00077553,3.48167254e-06
12367,0.00075592,3.48088486e-06
12368,0.00485319,3.48009723e-06
12369,0.00087836,3.47930964e-06
12370,0.00051239,3.47852209e-06
12371,0.00046270,3.47773458e-06
12372,0.00066769,3.47694711e-06
12373,0.00515014,3.47615969e-06
12374,0.00168382,3.47537231e-06
12375,0.00069957,3.47458496e-06
12376,0.01679635,3.47379766e-06
12377,0.00056348,3.4730104e-06
12378,0.00083386,3.47222319e-06
12379,0.00338240,3.47143601e-06
12380,0.00789383,3.47064888e-06
12381,0.00215022,3.46986179e-06
12382,0.00738850,3.46907474e-06
12383,0.00379040,3.46828773e-06
12384,0.00101045,3.46750077e-06
12385,0.00293713,3.46671384e-06
12386,0.00046890,3.46592696e-06
12387,0.00176423,3.46514012e-06
12388,0.00059756,3.46435332e-06
12389,0.00859645,3.46356657e-06
12390,0.00395172,3.46277985e-06
12391,0.01743870,3.46199318e-06
12392,0.00164760,3.46120655e-06
12393,0.00684764,3.46041996e-06
12394,0.00475858,3.45963342e-06
12395,0.00254343,3.45884691e-06
12396,0.00065291,3.45806045e-06
12397,0.00226516,3.45727403e-06
12398,0.00497384,3.45648766e-06
12399,0.00134680,3.45570132e-06
12400,0.00087758,3.45491503e-06
12401,0.00188030,3.45412878e-06
12402,0.01658543,3.45334257e-06
12403,0.01419523,3.4525564e-06
12404,0.00512530,3.45177028e-06
12405,0.00363750,3.4509842e-06
12406,0.00087779,3.45019816e-06
12407,0.00167127,3.44941216e-06
12408,0.00107050,3.44862621e-06
12409,0.00128805,3.4478403e-06
12410,0.00043592,3.44705443e-06
12411,0.00085452,3.4462686e-06
12412,0.00168806,3.44548282e-06
12413,0.00630911,3.44469707e-06
12414,0.00100953,3.44391137e-06
12415,0.00108594,3.44312572e-06
12416,0.00104517,3.4423401e-06
12417,0.00054545,3.44155453e-06
12418,0.00105855,3.440769e-06
12419,0.00261519,3.43998352e-06
12420,0.00243712,3.43919807e-06
12421,0.00149438,3.43841267e-06
12422,0.00140148,3.43762731e-06
12423,0.00389252,3.436842e-06
12424,0.00131211,3.43605672e-06
12425,0.00144306,3.43527149e-06
12426,0.01474304,3.43448631e-06
12427,0.00511630,3.43370116e-06
12428,0.00191890,3.43291606e-06
12429,0.01321952,3.432131e-06
12430,0.01216071,3.43134599e-06
12431,0.00146385,3.43056101e-06
12432,0.00170543,3.42977608e-06
12433,0.00449568,3.42899119e-06
12434,0.00504164,3.42820635e-06
12435,0.00106819,3.42742155e-06
12436,0.00110265,3.42663679e-06
12437,0.00216598,3.42585207e-06
12438,0.00950931,3.4250674e-06
12439,0.00113897,3.42428277e-06
12440,0.00109699,3.42349819e-06
12441,0.00045965,3.42271364e-06
12442,0.00193434,3.42192914e-06
12443,0.00080643,3.42114469e-06
12444,0.00361489,3.42036027e-06
12445,0.00053128,3.4195759e-06
12446,0.00767481,3.41879157e-06
12447,0.01241428,3.41800729e-06
12448,0.00230403,3.41722305e-06
12449,0.02657675,3.41643885e-06
12450,0.00414312,3.4156547e-06
12451,0.01005699,3.41487059e-06
12452,0.00310862,3.41408652e-06
12453,0.00161752,3.41330249e-06
12454,0.00255540,3.41251851e-06
12455,0.00847591,3.41173458e-06
12456,0.00078459,3.41095068e-06
12457,0.00158640,3.41016683e-06
12458,0.00068007,3.40938302e-06
12459,0.00056001,3.40859926e-06
12460,0.00049484,3.40781554e-06
12461,0.00332319,3.40703186e-06
12462,0.00203460,3.40624823e-06
12463,0.00125123,3.40546464e-06
12464,0.00194560,3.40468109e-06
12465,0.00076329,3.40389759e-06
12466,0.00113557,3.40311413e-06
12467,0.00157144,3.40233072e-06
12468,0.00035174,3.40154735e-06
12469,0.00172798,3.40076402e-06
12470,0.00047201,3.39998074e-06
12471,0.00036041,3.3991975e-06
12472,0.00072737,3.3984143e-06
12473,0.00048132,3.39763115e-06
12474,0.00170288,3.39684804e-06
12475,0.00090003,3.39606497e-06
12476,0.00284245,3.39528195e-06
12477,0.00215393,3.39449897e-06
12478,0.00192164,3.39371604e-06
12479,0.00328760,3.39293315e-06
12480,0.00479444,3.39215031e-06
12481,0.01025995,3.3913675e-06
12482,0.00065110,3.39058475e-06
12483,0.00108495,3.38980203e-06
12484,0.00506832,3.38901936e-06
12485,0.00039508,3.38823674e-06
12486,0.00306100,3.38745416e-06
12487,0.00117433,3.38667162e-06
12488,0.00272679,3.38588913e-06
12489,0.00153780,3.38510668e-06
12490,0.00079611,3.38432427e-06
12491,0.00153702,3.38354191e-06
12492,0.00159588,3.38275959e-06
12493,0.00120276,3.38197732e-06
12494,0.00359331,3.38119509e-06
12495,0.03406694,3.38041291e-06
12496,0.00053328,3.37963077e-06
12497,0.00128483,3.37884867e-06
12498,0.00221045,3.37806662e-06
12499,0.00164993,3.37728462e-06
12500,0.00079350,3.37650265e-06
12501,0.00186321,3.37572074e-06
12502,0.00054547,3.37493886e-06
12503,0.00276165,3.37415703e-06
12504,0.00275803,3.37337525e-06
12505,0.00067747,3.37259351e-06
12506,0.00289962,3.37181181e-06
12507,0.00587511,3.37103016e-06
12508,0.00051759,3.37024856e-06
12509,0.00137356,3.36946699e-06
12510,0.00088559,3.36868548e-06
12511,0.00695049,3.367904e-06
12512,0.00082427,3.36712257e-06
12513,0.00093077,3.36634119e-06
12514,0.00232213,3.36555985e-06
12515,0.00649704,3.36477856e-06
12516,0.00252023,3.36399731e-06
12517,0.00105275,3.3632161e-06
12518,0.00325188,3.36243494e-06
12519,0.00078577,3.36165383e-06
12520,0.00278877,3.36087276e-06
12521,0.00041167,3.36009173e-06
12522,0.00073801,3.35931075e-06
12523,0.00035638,3.35852981e-06
12524,0.00153257,3.35774892e-06
12525,0.00416037,3.35696808e-06
12526,0.00045205,3.35618728e-06
12527,0.00203028,3.35540652e-06
12528,0.01023910,3.35462581e-06
12529,0.00058532,3.35384514e-06
12530,0.00112081,3.35306452e-06
12531,0.00245379,3.35228394e-06
12532,0.00453442,3.35150341e-06
12533,0.00078078,3.35072293e-06
12534,0.00049905,3.34994248e-06
12535,0.00045891,3.34916209e-06
12536,0.00090946,3.34838174e-06
12537,0.00061872,3.34760143e-06
12538,0.00442554,3.34682117e-06
12539,0.00079268,3.34604096e-06
12540,0.01100996,3.34526079e-06
12541,0.00162541,3.34448066e-06
12542,0.00606896,3.34370058e-06
12543,0.00083847,3.34292055e-06
12544,0.00190788,3.34214056e-06
12545,0.00267931,3.34136061e-06
12546,0.00131891,3.34058071e-06
12547,0.00030891,3.33980086e-06
12548,0.00072643,3.33902105e-06
12549,0.00068360,3.33824129e-06
12550,0.00453020,3.33746157e-06
12551,0.00402945,3.3366819e-06
12552,0.00096111,3.33590228e-06
12553,0.00114650,3.3351227e-06
12554,0.00860944,3.33434316e-06
12555,0.00028238,3.33356367e-06
12556,0.00101430,3.33278423e-06
12557,0.00073141,3.33200483e-06
12558,0.00048885,3.33122548e-06
12559,0.00050161,3.33044617e-06
12560,0.01118221,3.32966691e-06
12561,0.00125371,3.32888769e-06
12562,0.00269085,3.32810852e-06
12563,0.00072233,3.3273294e-06
12564,0.00191135,3.32655032e-06
12565,0.00088919,3.32577129e-06
12566,0.00143840,3.3249923e-06
12567,0.00301104,3.32421336e-06
12568,0.00166635,3.32343446e-06
12569,0.00065215,3.32265561e-06
12570,0.00083028,3.32187681e-06
12571,0.00127984,3.32109805e-06
12572,0.04565041,3.32031934e-06
12573,0.00061065,3.31954068e-06
12574,0.00077548,3.31876205e-06
12575,0.00328233,3.31798348e-06
12576,0.00028262,3.31720495e-06
12577,0.00103422,3.31642647e-06
12578,0.00087650,3.31564803e-06
12579,0.00103183,3.31486964e-06
12580,0.00107626,3.3140913e-06
12581,0.00057514,3.313313e-06
12582,0.00753869,3.31253475e-06
12583,0.00909785,3.31175654e-06
12584,0.00088068,3.31097839e-06
12585,0.00257780,3.31020027e-06
12586,0.00263112,3.3094222e-06
12587,0.00439354,3.30864418e-06
12588,0.00649830,3.30786621e-06
12589,0.00979497,3.30708828e-06
12590,0.01716684,3.3063104e-06
12591,0.00295435,3.30553256e-06
12592,0.00378171,3.30475477e-06
12593,0.00175537,3.30397703e-06
12594,0.00265762,3.30319933e-06
12595,0.00395345,3.30242168e-06
12596,0.00242262,3.30164408e-06
12597,0.00453391,3.30086652e-06
12598,0.00327627,3.30008901e-06
12599,0.00172430,3.29931155e-06
12600,0.00149773,3.29853413e-06
12601,0.00063022,3.29775676e-06
12602,0.00262025,3.29697943e-06
12603,0.00117156,3.29620215e-06
12604,0.00576299,3.29542492e-06
12605,0.00103110,3.29464774e-06
12606,0.00356600,3.2938706e-06
12607,0.00051985,3.2930935e-06
12608,0.00085898,3.29231646e-06
12609,0.00143122,3.29153946e-06
12610,0.00113548,3.29076251e-06
12611,0.02773146,3.2899856e-06
12612,0.00205484,3.28920874e-06
12613,0.00079983,3.28843193e-06
12614,0.00109621,3.28765517e-06
12615,0.00120539,3.28687845e-06
12616,0.00134569,3.28610178e-06
12617,0.00120049,3.28532515e-06
12618,0.00180082,3.28454858e-06
12619,0.01773155,3.28377205e-06
12620,0.00078946,3.28299556e-06
12621,0.00446834,3.28221913e-06
12622,0.00083931,3.28144274e-06
12623,0.00580764,3.28066639e-06
12624,0.00378335,3.2798901e-06
12625,0.01946025,3.27911385e-06
12626,0.00057935,3.27833765e-06
12627,0.00062730,3.27756149e-06
12628,0.00194104,3.27678538e-06
12629,0.00311544,3.27600932e-06
12630,0.00310201,3.27523331e-06
12631,0.00170039,3.27445734e-06
12632,0.00159688,3.27368143e-06
12633,0.00131070,3.27290555e-06
12634,0.00213072,3.27212973e-06
12635,0.00213915,3.27135395e-06
12636,0.00688387,3.27057822e-06
12637,0.00131246,3.26980254e-06
12638,0.00098979,3.2690269e-06
12639,0.00652873,3.26825131e-06
12640,0.00095562,3.26747577e-06
12641,0.00071336,3.26670028e-06
12642,0.02067282,3.26592483e-06
12643,0.00076730,3.26514944e-06
12644,0.00890156,3.26437408e-06
12645,0.00086718,3.26359878e-06
12646,0.00256521,3.26282352e-06
12647,0.00155655,3.26204832e-06
12648,0.02122937,3.26127315e-06
12649,0.00117413,3.26049804e-06
12650,0.00077546,3.25972297e-06
12651,0.00148796,3.25894796e-06
12652,0.00082157,3.25817298e-06
12653,0.00173995,3.25739806e-06
12654,0.03096943,3.25662318e-06
12655,0.00330015,3.25584836e-06
12656,0.00195372,3.25507358e-06
12657,0.00212850,3.25429884e-06
12658,0.05335933,3.25352416e-06
12659,0.00306684,3.25274952e-06
12660,0.00094860,3.25197493e-06
12661,0.00155931,3.25120039e-06
12662,0.00143939,3.2504259e-06
12663,0.00119442,3.24965145e-06
12664,0.00078385,3.24887705e-06
12665,0.00328184,3.2481027e-06
12666,0.00172445,3.2473284e-06
12667,0.00177210,3.24655414e-06
12668,0.00074269,3.24577994e-06
12669,0.00215499,3.24500578e-06
12670,0.00064468,3.24423167e-06
12671,0.00134779,3.24345761e-06
12672,0.00062916,3.24268359e-06
12673,0.00243152,3.24190962e-06
12674,0.00064448,3.24113571e-06
12675,0.01241195,3.24036184e-06
12676,0.00059541,3.23958801e-06
12677,0.00403188,3.23881424e-06
12678,0.00132009,3.23804051e-06
12679,0.00051871,3.23726684e-06
12680,0.00440836,3.23649321e-06
12681,0.00039067,3.23571962e-06
12682,0.00597544,3.23494609e-06
12683,0.00080323,3.23417261e-06
12684,0.01833294,3.23339917e-06
12685,0.00238835,3.23262578e-06
12686,0.00089260,3.23185244e-06
12687,0.00117658,3.23107915e-06
12688,0.00329715,3.23030591e-06
12689,0.00209252,3.22953271e-06
12690,0.00083166,3.22875956e-06
12691,0.00129068,3.22798647e-06
12692,0.01621415,3.22721342e-06
12693,0.00049460,3.22644042e-06
12694,0.00038872,3.22566746e-06
12695,0.00084579,3.22489456e-06
12696,0.00086562,3.2241217e-06
12697,0.00124060,3.2233489e-06
12698,0.00684649,3.22257614e-06
12699,0.00251478,3.22180343e-06
12700,0.00387998,3.22103077e-06
12701,0.00068753,3.22025815e-06
12702,0.00114088,3.21948559e-06
12703,0.00644063,3.21871307e-06
12704,0.02507881,3.21794061e-06
12705,0.00091154,3.21716819e-06
12706,0.00376397,3.21639582e-06
12707,0.00057498,3.2156235e-06
12708,0.00408288,3.21485123e-06
12709,0.00113701,3.214079e-06
12710,0.00168706,3.21330683e-06
12711,0.00149431,3.2125347e-06
12712,0.00814526,3.21176263e-06
12713,0.00070453,3.2109906e-06
12714,0.00496506,3.21021862e-06
12715,0.00090875,3.20944669e-06
12716,0.00081047,3.20867481e-06
12717,0.00514707,3.20790298e-06
12718,0.00446330,3.2071312e-06
12719,0.00069434,3.20635946e-06
12720,0.00198001,3.20558778e-06
12721,0.00099031,3.20481614e-06
12722,0.00179402,3.20404456e-06
12723,0.01155310,3.20327302e-06
12724,0.00106678,3.20250153e-06
12725,0.00099829,3.20173009e-06
12726,0.00090619,3.2009587e-06
12727,0.00338012,3.20018736e-06
12728,0.00079614,3.19941607e-06
12729,0.01484135,3.19864483e-06
12730,0.00713557,3.19787363e-06
12731,0.00158374,3.19710249e-06
12732,0.00142179,3.1963314e-06
12733,0.00153320,3.19556035e-06
12734,0.00291183,3.19478936e-06
12735,0.00210088,3.19401841e-06
12736,0.00138452,3.19324751e-06
12737,0.00082321,3.19247666e-06
12738,0.00309930,3.19170587e-06
12739,0.00303616,3.19093512e-06
12740,0.00206385,3.19016442e-06
12741,0.00227905,3.18939377e-06
12742,0.00299100,3.18862317e-06
12743,0.00555420,3.18785262e-06
12744,0.01035193,3.18708211e-06
12745,0.00564807,3.18631166e-06
12746,0.00516842,3.18554126e-06
12747,0.00237054,3.18477091e-06
12748,0.03602029,3.1840006e-06
12749,0.00460976,3.18323035e-06
12750,0.00059269,3.18246015e-06
12751,0.00217505,3.18168999e-06
